{
"type": "FeatureCollection",
"name": "provincias",
"crs": { "type": "name", "properties": { "name": "urn:ogc:def:crs:OGC:1.3:CRS84" } },
"features": [
{ "type": "Feature", "properties": { "name": "Almería", "id": 4 }, "geometry": { "type": "MultiPolygon", "coordinates": [ [ [ [ -2.774940872724272, 37.245858135283129 ], [ -2.759197022433243, 37.226470608828883 ], [ -2.73220756479148, 37.237779999260525 ], [ -2.682726892448246, 37.216776845601764 ], [ -2.660235677746774, 37.211929963988197 ], [ -2.657986556276628, 37.229701863237928 ], [ -2.666983042157216, 37.249089389692173 ], [ -2.664733920687068, 37.28463318819162 ], [ -2.651239191866187, 37.308867596259432 ], [ -2.653488313336334, 37.333102004327237 ], [ -2.637744463045305, 37.342795767554357 ], [ -2.642242705985598, 37.38803332928093 ], [ -2.608505883933393, 37.410652110144213 ], [ -2.577018183351335, 37.430039636598465 ], [ -2.570270818940894, 37.442964654234629 ], [ -2.534284875418543, 37.462352180688868 ], [ -2.514042782187218, 37.478508452734076 ], [ -2.473558595724572, 37.483355334347635 ], [ -2.457814745433543, 37.491433470370239 ], [ -2.46006386690369, 37.502742860801881 ], [ -2.381344615448544, 37.522130387256126 ], [ -2.358853400747075, 37.522130387256126 ], [ -2.356604279276928, 37.546364795323939 ], [ -2.367849886627663, 37.56252106736914 ], [ -2.367849886627663, 37.591602357050505 ], [ -2.390341101329133, 37.631993037163518 ], [ -2.363351643687368, 37.620683646731877 ], [ -2.316120092814282, 37.622299273936392 ], [ -2.30937272840384, 37.635224291572555 ], [ -2.322867457224723, 37.66592120845845 ], [ -2.322867457224723, 37.695002498139814 ], [ -2.277885027821782, 37.775783858365841 ], [ -2.3026253639934, 37.809712029660766 ], [ -2.289130635172517, 37.830715183319533 ], [ -2.295877999582958, 37.859796473000898 ], [ -2.289130635172517, 37.885646508273226 ], [ -2.266639420471048, 37.880799626659666 ], [ -2.257642934590459, 37.890493389886792 ], [ -2.208162262247225, 37.91634342515912 ], [ -2.172176318724873, 37.88887776268227 ], [ -2.149685104023401, 37.898571525909389 ], [ -2.122695646381636, 37.900187153113912 ], [ -2.100204431680169, 37.877568372250629 ], [ -2.050723759336933, 37.879183999455151 ], [ -2.019236058754874, 37.869490236228025 ], [ -1.99449572258326, 37.880799626659666 ], [ -1.974253629351935, 37.867874609023502 ], [ -1.99449572258326, 37.842024573751175 ], [ -1.996744844053406, 37.819405792887892 ], [ -2.00799045140414, 37.774168231161319 ], [ -1.996744844053406, 37.727315042230224 ], [ -2.00799045140414, 37.719236906207627 ], [ -2.012488694344434, 37.672383717276531 ], [ -1.992246601113113, 37.64330242759516 ], [ -1.956260657590761, 37.601296120277631 ], [ -1.954011536120611, 37.588371102641467 ], [ -1.915776471128112, 37.544749168119417 ], [ -1.911278228187818, 37.538286659301335 ], [ -1.859548434374439, 37.480124079938598 ], [ -1.848302827023701, 37.460736553484352 ], [ -1.807818640561056, 37.433270891007503 ], [ -1.812316883501349, 37.451042790257226 ], [ -1.738095874986499, 37.442964654234629 ], [ -1.704359052934294, 37.420345873371339 ], [ -1.666123987941795, 37.400958346917093 ], [ -1.630138044419443, 37.375108311644766 ], [ -1.650380137650764, 37.357336412395043 ], [ -1.670622230882088, 37.357336412395043 ], [ -1.690864324113413, 37.336333258736275 ], [ -1.70660817440444, 37.30725196905491 ], [ -1.758337968217823, 37.263630034532852 ], [ -1.774081818508851, 37.239395626465047 ], [ -1.796573033210322, 37.229701863237928 ], [ -1.814566004971496, 37.187695555920392 ], [ -1.823562490852087, 37.169923656670669 ], [ -1.832558976732674, 37.119839213330536 ], [ -1.843804584083408, 37.108529822898888 ], [ -1.850551948493848, 37.068139142785881 ], [ -1.864046677314732, 37.045520361922598 ], [ -1.877541406135613, 37.03421097149095 ], [ -1.877541406135613, 37.014823445036704 ], [ -1.900032620837084, 36.987357782559855 ], [ -1.895534377896791, 36.948582729651363 ], [ -1.904530863777378, 36.937273339219722 ], [ -1.924772957008702, 36.937273339219722 ], [ -1.94051680729973, 36.937273339219722 ], [ -1.967506264941495, 36.898498286311231 ], [ -1.985499236702669, 36.900113913515753 ], [ -2.0012430869937, 36.883957641470545 ], [ -1.998993965523553, 36.840335706948494 ], [ -2.021485180225021, 36.837104452539457 ], [ -2.06196936668767, 36.803176281244525 ], [ -2.064218488157817, 36.775710618767675 ], [ -2.104702674620462, 36.762785601131512 ], [ -2.124944767851787, 36.732088684245625 ], [ -2.151934225493548, 36.73047305704111 ], [ -2.192418411956195, 36.720779293813983 ], [ -2.205913140777078, 36.736935565859184 ], [ -2.250895570180019, 36.785404381994802 ], [ -2.293628878112811, 36.820948180494256 ], [ -2.318369214284429, 36.833873198130419 ], [ -2.361102522217221, 36.841951334153016 ], [ -2.401586708679869, 36.82741068931233 ], [ -2.426327044851485, 36.811254417267129 ], [ -2.475807717194719, 36.837104452539457 ], [ -2.502797174836484, 36.824179434903293 ], [ -2.525288389537954, 36.824179434903293 ], [ -2.554526968649865, 36.817716926085211 ], [ -2.561274333060306, 36.816101298880689 ], [ -2.599509398052806, 36.77409499156316 ], [ -2.619751491284129, 36.727241802632065 ], [ -2.657986556276628, 36.698160512950693 ], [ -2.700719864209422, 36.683619868110014 ], [ -2.759197022433243, 36.68038861370097 ], [ -2.797432087425742, 36.699776140155215 ], [ -2.819923302127213, 36.706238648973297 ], [ -2.84466363829883, 36.694929258541656 ], [ -2.858158367119712, 36.698160512950693 ], [ -2.907639039462946, 36.743398074677273 ], [ -2.932379375634564, 36.75147621069987 ], [ -2.977361805037503, 36.738551193063707 ], [ -3.022344234440444, 36.746629329086311 ], [ -3.071824906783679, 36.745013701881788 ], [ -3.128052943537353, 36.75147621069987 ], [ -3.139298550888089, 36.787020009199324 ], [ -3.092067000015001, 36.809638790062607 ], [ -3.074074028253825, 36.824179434903293 ], [ -3.042586327671767, 36.832257570925897 ], [ -3.029091598850885, 36.845182588562061 ], [ -3.042586327671767, 36.879110759856985 ], [ -3.056081056492649, 36.885573268675067 ], [ -3.060579299432943, 36.892035777493149 ], [ -3.071824906783679, 36.919501439969999 ], [ -3.056081056492649, 36.911423303947394 ], [ -3.031340720321031, 36.924348321583558 ], [ -3.022344234440444, 36.95342961126493 ], [ -2.990856533858386, 36.95827649287849 ], [ -2.986358290918092, 36.967970256105616 ], [ -2.97961092650765, 36.992204664173421 ], [ -2.999853019738975, 37.011592190627667 ], [ -3.015596870030002, 37.051982870740673 ], [ -3.029091598850885, 37.113376704512454 ], [ -3.015596870030002, 37.113376704512454 ], [ -2.997603898268826, 37.095604805262731 ], [ -2.984109169447946, 37.092373550853686 ], [ -2.948123225925592, 37.097220432467253 ], [ -2.941375861515152, 37.131148603762178 ], [ -2.927881132694269, 37.156998639034505 ], [ -2.896393432112211, 37.166692402261631 ], [ -2.878400460351035, 37.192542437533959 ], [ -2.869403974470448, 37.245858135283129 ], [ -2.858158367119712, 37.250705016896688 ], [ -2.84466363829883, 37.27978630657806 ], [ -2.831168909477947, 37.27978630657806 ], [ -2.795182965955595, 37.263630034532852 ], [ -2.779439115664566, 37.262014407328337 ], [ -2.774940872724272, 37.245858135283129 ] ] ] ] } },
{ "type": "Feature", "properties": { "name": "Illes Balears", "id": 7 }, "geometry": { "type": "MultiPolygon", "coordinates": [ [ [ [ 2.661185720621063, 39.772699083153114 ], [ 2.67018220650165, 39.792086609607367 ], [ 2.688175178262828, 39.796933491220926 ], [ 2.701669907083708, 39.811474136061605 ], [ 2.728659364725473, 39.822783526493254 ], [ 2.733157607665767, 39.827630408106813 ], [ 2.775890915598559, 39.840555425742977 ], [ 2.773641794128412, 39.851864816174619 ], [ 2.805129494710471, 39.851864816174619 ], [ 2.854610167053707, 39.874483597037909 ], [ 2.874852260285028, 39.877714851446946 ], [ 2.888346989105912, 39.89063986908311 ], [ 2.924332932628264, 39.900333632310236 ], [ 2.951322390270029, 39.919721158764474 ], [ 2.987308333792381, 39.908411768332833 ], [ 3.027792520255026, 39.935877430809683 ], [ 3.061529342307232, 39.932646176400638 ], [ 3.054781977896791, 39.922952413173519 ], [ 3.120006500531055, 39.931030549196123 ], [ 3.146995958172816, 39.953649330059406 ], [ 3.164988929933994, 39.958496211672966 ], [ 3.180732780225021, 39.952033702854891 ], [ 3.214469602277227, 39.96172746608201 ], [ 3.203223994926493, 39.943955566832287 ], [ 3.182981901695168, 39.939108685218727 ], [ 3.15374332258326, 39.922952413173519 ], [ 3.131252107881789, 39.926183667582563 ], [ 3.108760893180317, 39.905180513923796 ], [ 3.090767921419143, 39.911643022741877 ], [ 3.079522314068406, 39.889024241878587 ], [ 3.08626967847885, 39.871252342628864 ], [ 3.111010014650464, 39.8583273249927 ], [ 3.133501229351936, 39.869636715424342 ], [ 3.142497715232523, 39.864789833810782 ], [ 3.194227509045906, 39.893871123492147 ], [ 3.203223994926493, 39.889024241878587 ], [ 3.185231023165318, 39.871252342628864 ], [ 3.194227509045906, 39.856711697788178 ], [ 3.178483658754875, 39.840555425742977 ], [ 3.142497715232523, 39.834092916924895 ], [ 3.133501229351936, 39.840555425742977 ], [ 3.117757379060908, 39.816321017675172 ], [ 3.126753864941495, 39.790470982402844 ], [ 3.144746836702669, 39.774314710357636 ], [ 3.178483658754875, 39.756542811107913 ], [ 3.236960816978698, 39.732308403040108 ], [ 3.254953788739876, 39.729077148631063 ], [ 3.324676554314433, 39.758158438312435 ], [ 3.335922161665167, 39.784008473584763 ], [ 3.347167769015901, 39.788855355198322 ], [ 3.378655469597959, 39.766236574335039 ], [ 3.403395805769577, 39.764620947130517 ], [ 3.421388777530755, 39.751695929494353 ], [ 3.457374721053107, 39.745233420676271 ], [ 3.452876478112813, 39.720999012608459 ], [ 3.475367692814281, 39.720999012608459 ], [ 3.457374721053107, 39.704842740563258 ], [ 3.45512559958296, 39.654758297223125 ], [ 3.439381749291929, 39.654758297223125 ], [ 3.437132627821782, 39.633755143564358 ], [ 3.398897562829283, 39.632139516359835 ], [ 3.385402834008403, 39.599826972269426 ], [ 3.40114668429943, 39.577208191406143 ], [ 3.374157226657665, 39.567514428179024 ], [ 3.367409862247225, 39.551358156133816 ], [ 3.34042040460546, 39.541664392906696 ], [ 3.295437975202521, 39.499658085589161 ], [ 3.281943246381637, 39.468961168703274 ], [ 3.277445003441343, 39.438264251817387 ], [ 3.268448517560756, 39.415645470954097 ], [ 3.239209938448845, 39.376870418045606 ], [ 3.223466088157817, 39.35748289159136 ], [ 3.21222048080708, 39.363945400409442 ], [ 3.187480144635465, 39.334864110728077 ], [ 3.171736294344434, 39.326785974705473 ], [ 3.146995958172816, 39.330017229114517 ], [ 3.120006500531055, 39.312245329864787 ], [ 3.072774949657965, 39.268623395342736 ], [ 3.050283734956494, 39.265392140933699 ], [ 3.030041641725173, 39.289626549001504 ], [ 2.987308333792381, 39.325170347500951 ], [ 2.991806576732674, 39.336479737932592 ], [ 2.96481711909091, 39.359098518795882 ], [ 2.931080297038704, 39.363945400409442 ], [ 2.908589082337233, 39.355867264386845 ], [ 2.881599624695468, 39.365561027613964 ], [ 2.84336455970297, 39.365561027613964 ], [ 2.829869830882089, 39.355867264386845 ], [ 2.805129494710471, 39.367176654818486 ], [ 2.789385644419443, 39.36232977320492 ], [ 2.751150579426945, 39.394642317295329 ], [ 2.739904972076207, 39.417261098158619 ], [ 2.748901457956794, 39.436648624612864 ], [ 2.721912000315033, 39.475423677521356 ], [ 2.751150579426945, 39.50450496720272 ], [ 2.733157607665767, 39.525508120861488 ], [ 2.688175178262828, 39.552973783338338 ], [ 2.631947141509151, 39.569130055383539 ], [ 2.625199777098711, 39.546511274520256 ], [ 2.598210319456946, 39.548126901724771 ], [ 2.589213833576359, 39.533586256884092 ], [ 2.559975254464447, 39.53197062967957 ], [ 2.537484039762976, 39.517429984838884 ], [ 2.537484039762976, 39.488348695157519 ], [ 2.523989310942095, 39.457651778271625 ], [ 2.501498096240624, 39.46088303268067 ], [ 2.456515666837685, 39.50450496720272 ], [ 2.467761274188419, 39.519045612043406 ], [ 2.452017423897392, 39.53681751129313 ], [ 2.42277884478548, 39.523892493656966 ], [ 2.42277884478548, 39.535201884088607 ], [ 2.404785873024302, 39.53681751129313 ], [ 2.386792901263128, 39.520661239247929 ], [ 2.366550808031803, 39.55458941054286 ], [ 2.346308714800479, 39.564283173769979 ], [ 2.35530520068107, 39.577208191406143 ], [ 2.344059593330332, 39.586901954633262 ], [ 2.35530520068107, 39.606289481087515 ], [ 2.384543779792981, 39.61275198990559 ], [ 2.436273573606361, 39.643448906791477 ], [ 2.463263031248125, 39.651527042814081 ], [ 2.488003367419743, 39.670914569268326 ], [ 2.499248974770477, 39.68383958690449 ], [ 2.530736675352536, 39.701611486154221 ], [ 2.555477011524154, 39.699995858949698 ], [ 2.584715590636065, 39.716152130994899 ], [ 2.61620329121812, 39.743617793471749 ], [ 2.636445384449445, 39.764620947130517 ], [ 2.661185720621063, 39.772699083153114 ] ] ], [ [ [ 4.206332170612061, 39.994040010172419 ], [ 4.246816357074707, 40.000502518990501 ], [ 4.258061964425444, 39.995655637376942 ], [ 4.255812842955297, 39.963343093286532 ], [ 4.282802300597059, 39.943955566832287 ], [ 4.276054936186618, 39.932646176400638 ], [ 4.285051422067205, 39.911643022741877 ], [ 4.30529351529853, 39.897102377901192 ], [ 4.309791758238823, 39.877714851446946 ], [ 4.273805814716471, 39.893871123492147 ], [ 4.276054936186618, 39.884177360265028 ], [ 4.294047907947796, 39.880946105855983 ], [ 4.307542636768677, 39.864789833810782 ], [ 4.303044393828383, 39.842171052947499 ], [ 4.296297029417943, 39.822783526493254 ], [ 4.271556693246325, 39.808242881652568 ], [ 4.240068992664266, 39.816321017675172 ], [ 4.201833927671768, 39.834092916924895 ], [ 4.156851498268828, 39.855096070583656 ], [ 4.098374340045005, 39.879330478651468 ], [ 4.055641032112213, 39.906796141128311 ], [ 3.988167388007803, 39.931030549196123 ], [ 3.956679687425744, 39.939108685218727 ], [ 3.895953407731774, 39.922952413173519 ], [ 3.821732399216923, 39.922952413173519 ], [ 3.82398152068707, 39.952033702854891 ], [ 3.835227128037804, 39.960111838877488 ], [ 3.826230642157217, 39.995655637376942 ], [ 3.794742941575159, 40.000502518990501 ], [ 3.792493820105012, 40.019890045444747 ], [ 3.810486791866186, 40.029583808671873 ], [ 3.821732399216923, 40.050586962330634 ], [ 3.853220099798982, 40.055433843944201 ], [ 3.877960435970596, 40.052202589535156 ], [ 3.898202529201921, 40.06028072555776 ], [ 3.909448136552655, 40.048971335126112 ], [ 3.920693743903392, 40.057049471148716 ], [ 3.958928808895891, 40.061896352762275 ], [ 3.983669145067505, 40.052202589535156 ], [ 4.015156845649564, 40.055433843944201 ], [ 4.033149817410742, 40.06512760717132 ], [ 4.048893667701769, 40.052202589535156 ], [ 4.087128732694271, 40.068358861580364 ], [ 4.102872582985299, 40.044124453512552 ], [ 4.134360283567357, 40.063511979966798 ], [ 4.123114676216623, 40.03766194469447 ], [ 4.138858526507651, 40.032815063080911 ], [ 4.136609405037504, 40.066743234375842 ], [ 4.165847984149416, 40.058665098353238 ], [ 4.159100619738975, 40.042508826308037 ], [ 4.181591834440443, 40.021505672649269 ], [ 4.188339198850887, 40.034430690285433 ], [ 4.201833927671768, 40.019890045444747 ], [ 4.206332170612061, 39.994040010172419 ] ] ], [ [ [ 2.305824528337833, 39.572361309792583 ], [ 2.30807364980798, 39.582055073019703 ], [ 2.337312228919892, 39.598211345064911 ], [ 2.319319257158718, 39.577208191406143 ], [ 2.305824528337833, 39.572361309792583 ] ] ], [ [ [ 1.433165397920792, 38.774241470759478 ], [ 1.417421547629765, 38.785550861191119 ], [ 1.421919790570058, 38.796860251622761 ], [ 1.433165397920792, 38.774241470759478 ] ] ], [ [ [ 1.388182968517853, 38.640144412784281 ], [ 1.381435604107409, 38.693460110533458 ], [ 1.388182968517853, 38.693460110533458 ], [ 1.379186482637262, 38.719310145805778 ], [ 1.39717945439844, 38.730619536237427 ], [ 1.417421547629765, 38.722541400214823 ], [ 1.435414519390939, 38.759700825918792 ], [ 1.448909248211823, 38.732235163441942 ], [ 1.471400462913291, 38.719310145805778 ], [ 1.491642556144615, 38.690228856124413 ], [ 1.529877621137114, 38.67245695687469 ], [ 1.561365321719173, 38.691844483328936 ], [ 1.581607414950494, 38.67730383848825 ], [ 1.572610929069906, 38.651453803215922 ], [ 1.525379378196821, 38.653069430420445 ], [ 1.475898705853584, 38.682150720101816 ], [ 1.442161883801379, 38.683766347306332 ], [ 1.428667154980499, 38.665994448056608 ], [ 1.388182968517853, 38.640144412784281 ] ] ], [ [ [ 1.462403977032704, 38.918032291961801 ], [ 1.439912762331232, 38.916416664757278 ], [ 1.437663640861086, 38.901876019916592 ], [ 1.421919790570058, 38.903491647121115 ], [ 1.410674183219321, 38.890566629484951 ], [ 1.40392681880888, 38.874410357439743 ], [ 1.406175940279027, 38.832404050122214 ], [ 1.38368472557756, 38.842097813349341 ], [ 1.372439118226822, 38.830788422917692 ], [ 1.361193510876088, 38.859869712599064 ], [ 1.34320053911491, 38.871179103030705 ], [ 1.304965474122412, 38.866332221417146 ], [ 1.298218109711971, 38.876025984644265 ], [ 1.266730409129913, 38.877641611848787 ], [ 1.246488315898588, 38.856638458190019 ], [ 1.212751493846383, 38.897029138303033 ], [ 1.235242708547855, 38.940651072825084 ], [ 1.215000615316534, 38.956807344870285 ], [ 1.232993587077708, 38.968116735301933 ], [ 1.264481287659766, 38.968116735301933 ], [ 1.284723380891091, 38.974579244120015 ], [ 1.302716352652265, 38.969732362506448 ], [ 1.304965474122412, 38.979426125733575 ], [ 1.286972502361238, 38.989119888960701 ], [ 1.291470745301531, 39.024663687460148 ], [ 1.311712838532852, 39.044051213914393 ], [ 1.361193510876088, 39.07474813080028 ], [ 1.374688239696969, 39.061823113164117 ], [ 1.388182968517853, 39.077979385209325 ], [ 1.417421547629765, 39.077979385209325 ], [ 1.426418033510352, 39.092520030050011 ], [ 1.439912762331232, 39.081210639618362 ], [ 1.453407491152117, 39.09736691166357 ], [ 1.496140799084909, 39.098982538868086 ], [ 1.505137284965496, 39.111907556504249 ], [ 1.532126742607261, 39.118370065322338 ], [ 1.556867078778879, 39.094135657254526 ], [ 1.590603900831084, 39.09736691166357 ], [ 1.608596872592258, 39.077979385209325 ], [ 1.590603900831084, 39.069901249186721 ], [ 1.595102143771378, 39.052129349936997 ], [ 1.617593358472849, 39.037588705096312 ], [ 1.583856536420644, 39.014969924233029 ], [ 1.581607414950494, 38.989119888960701 ], [ 1.552368835838585, 38.992351143369739 ], [ 1.532126742607261, 38.979426125733575 ], [ 1.529877621137114, 38.945497954438643 ], [ 1.50963552790579, 38.947113581643166 ], [ 1.505137284965496, 38.932572936802487 ], [ 1.475898705853584, 38.913185410348234 ], [ 1.462403977032704, 38.918032291961801 ] ] ], [ [ [ 2.946824147329732, 39.124832574140413 ], [ 2.913087325277527, 39.144220100594666 ], [ 2.924332932628264, 39.155529491026307 ], [ 2.949073268799879, 39.149066982208225 ], [ 2.946824147329732, 39.163607627048904 ], [ 2.976062726441643, 39.158760745435345 ], [ 2.958069754680469, 39.149066982208225 ], [ 2.958069754680469, 39.128063828549458 ], [ 2.946824147329732, 39.124832574140413 ] ] ] ] } },
{ "type": "Feature", "properties": { "name": "Burgos", "id": 9 }, "geometry": { "type": "MultiPolygon", "coordinates": [ [ [ [ -4.029950653066306, 41.976414590119013 ], [ -4.014206802775277, 41.999033370982303 ], [ -3.993964709543954, 42.005495879800378 ], [ -3.971473494842485, 42.032961542277228 ], [ -3.982719102193219, 42.050733441526958 ], [ -4.045694503357335, 42.050733441526958 ], [ -4.047943624827482, 42.03942405109531 ], [ -4.083929568349836, 42.03942405109531 ], [ -4.104171661581159, 42.0620428319586 ], [ -4.101922540111012, 42.086277240026405 ], [ -4.077182203939394, 42.08304598561736 ], [ -4.056940110708071, 42.100817884867091 ], [ -4.104171661581159, 42.108896020889688 ], [ -4.115417268931893, 42.125052292934896 ], [ -4.142406726573657, 42.120205411321336 ], [ -4.153652333924393, 42.131514801752978 ], [ -4.178392670096009, 42.131514801752978 ], [ -4.187389155976598, 42.126667920139418 ], [ -4.200883884797481, 42.131514801752978 ], [ -4.205382127737774, 42.154133582616261 ], [ -4.189638277446745, 42.165442973047902 ], [ -4.191887398916892, 42.181599245093111 ], [ -4.205382127737774, 42.192908635524752 ], [ -4.214378613618361, 42.207449280365438 ], [ -4.232371585379537, 42.20906490756996 ], [ -4.227873342439244, 42.230068061228721 ], [ -4.232371585379537, 42.255918096501048 ], [ -4.243617192730273, 42.259149350910093 ], [ -4.24586631420042, 42.278536877364338 ], [ -4.252613678610862, 42.309233794250225 ], [ -4.263859285961596, 42.31246504865927 ], [ -4.275104893312331, 42.359318237590358 ], [ -4.277354014782478, 42.36578074640844 ], [ -4.272855771842185, 42.385168272862686 ], [ -4.293097865073507, 42.38839952727173 ], [ -4.322336444185419, 42.380321391249126 ], [ -4.331332930066006, 42.391630781680767 ], [ -4.335831173006301, 42.430405834589259 ], [ -4.317838201245126, 42.45948712427063 ], [ -4.270606650372038, 42.453024615452549 ], [ -4.243617192730273, 42.456255869861586 ], [ -4.250364557140713, 42.478874650724876 ], [ -4.24586631420042, 42.49179966836104 ], [ -4.248115435670567, 42.495030922770077 ], [ -4.272855771842185, 42.519265330837882 ], [ -4.277354014782478, 42.54511536611021 ], [ -4.299845229483948, 42.553193502132814 ], [ -4.304343472424243, 42.569349774178022 ], [ -4.270606650372038, 42.580659164609663 ], [ -4.284101379192919, 42.580659164609663 ], [ -4.293097865073507, 42.606509199881991 ], [ -4.272855771842185, 42.61620296310911 ], [ -4.268357528901891, 42.632359235154318 ], [ -4.277354014782478, 42.64366862558596 ], [ -4.275104893312331, 42.672749915267332 ], [ -4.293097865073507, 42.690521814517055 ], [ -4.268357528901891, 42.705062459357734 ], [ -4.257111921551155, 42.688906187312533 ], [ -4.218876856558657, 42.705062459357734 ], [ -4.191887398916892, 42.729296867425546 ], [ -4.158150576864687, 42.74706876667527 ], [ -4.124413754812482, 42.751915648288829 ], [ -4.124413754812482, 42.735759376243628 ], [ -4.108669904521452, 42.734143749039106 ], [ -4.081680446879687, 42.761609411515956 ], [ -4.045694503357335, 42.766456293129515 ], [ -4.002961195424543, 42.763225038720478 ], [ -4.000712073954396, 42.769687547538553 ], [ -3.978220859252925, 42.758378157106911 ], [ -3.946733158670867, 42.761609411515956 ], [ -3.930989308379838, 42.774534429152119 ], [ -3.910747215148515, 42.768071920334037 ], [ -3.910747215148515, 42.785843819583761 ], [ -3.895003364857486, 42.805231346038006 ], [ -3.863515664275427, 42.785843819583761 ], [ -3.829778842223222, 42.798768837219924 ], [ -3.81628411340234, 42.810078227651566 ], [ -3.81628411340234, 42.835928262923893 ], [ -3.834277085163517, 42.852084534969094 ], [ -3.825280599282928, 42.868240807014303 ], [ -3.863515664275427, 42.88924396067307 ], [ -3.874761271626163, 42.874703315832384 ], [ -3.868013907215722, 42.856931416582661 ], [ -3.879259514566456, 42.850468907764579 ], [ -3.912996336618662, 42.858547043787183 ], [ -3.892754243387339, 42.887628333468548 ], [ -3.899501607797779, 42.903784605513749 ], [ -3.868013907215722, 42.89893772390019 ], [ -3.852270056924693, 42.919940877558957 ], [ -3.838775328103811, 42.916709623149913 ], [ -3.829778842223222, 42.929634640786077 ], [ -3.841024449573958, 42.940944031217725 ], [ -3.868013907215722, 42.955484676058404 ], [ -3.888256000447045, 42.949022167240329 ], [ -3.890505121917192, 42.924787759172517 ], [ -3.924241943969397, 42.915093995945398 ], [ -3.926491065439544, 42.903784605513749 ], [ -3.94448403720072, 42.908631487127316 ], [ -3.973722616312632, 42.911862741536353 ], [ -3.989466466603661, 42.932865895195121 ], [ -3.973722616312632, 42.968409693694568 ], [ -3.94448403720072, 43.007184746603059 ], [ -3.908498093678368, 43.016878509830185 ], [ -3.888256000447045, 43.042728545102513 ], [ -3.879259514566456, 43.042728545102513 ], [ -3.850020935454545, 43.039497290693475 ], [ -3.832027963693369, 43.063731698761273 ], [ -3.847771813984398, 43.084734852420041 ], [ -3.809536748991899, 43.086350479624564 ], [ -3.789294655760576, 43.078272343601959 ], [ -3.760056076648665, 43.083119225215526 ], [ -3.755557833708371, 43.099275497260727 ], [ -3.719571890186019, 43.108969260487854 ], [ -3.683585946663667, 43.136434922964696 ], [ -3.676838582253225, 43.15420682221442 ], [ -3.654347367551756, 43.170363094259628 ], [ -3.64984912461146, 43.180056857486747 ], [ -3.611614059618962, 43.168747467055105 ], [ -3.602617573738375, 43.14935994060086 ], [ -3.584624601977199, 43.15420682221442 ], [ -3.544140415514551, 43.147744313396345 ], [ -3.508154471992199, 43.136434922964696 ], [ -3.418189613186319, 43.133203668555659 ], [ -3.370958062313232, 43.150975567805382 ], [ -3.34846684761176, 43.15420682221442 ], [ -3.34171948320132, 43.167131839850583 ], [ -3.312480904089409, 43.17197872146415 ], [ -3.278744082037203, 43.194597502327433 ], [ -3.254003745865587, 43.199444383941 ], [ -3.222516045283529, 43.17197872146415 ], [ -3.209021316462646, 43.180056857486747 ], [ -3.197775709111911, 43.170363094259628 ], [ -3.179782737350735, 43.175209975873187 ], [ -3.148295036768676, 43.173594348668672 ], [ -3.141547672358236, 43.160669331032508 ], [ -3.161789765589559, 43.15420682221442 ], [ -3.161789765589559, 43.142897431782778 ], [ -3.182031858820881, 43.120278650919495 ], [ -3.134800307947796, 43.097659870056205 ], [ -3.157291522649265, 43.0734254619884 ], [ -3.141547672358236, 43.06857858037484 ], [ -3.143796793828383, 43.028187900261827 ], [ -3.170786251470147, 43.029803527466349 ], [ -3.177533615880588, 43.021725391443745 ], [ -3.159540644119412, 43.013647255421148 ], [ -3.148295036768676, 43.008800373807581 ], [ -3.089817878544855, 43.000722237784984 ], [ -3.076323149723972, 43.008800373807581 ], [ -3.038088084731474, 42.982950338535254 ], [ -3.044835449141914, 42.973256575308135 ], [ -3.020095112970298, 42.957100303262926 ], [ -2.995354776798679, 42.952253421649367 ], [ -2.981860047977797, 42.939328404013203 ], [ -3.011098627089709, 42.92155650476348 ], [ -3.015596870030002, 42.910247114331838 ], [ -3.089817878544855, 42.89893772390019 ], [ -3.105561728835884, 42.910247114331838 ], [ -3.125803822067207, 42.903784605513749 ], [ -3.150544158238825, 42.919940877558957 ], [ -3.143796793828383, 42.934481522399643 ], [ -3.179782737350735, 42.944175285626763 ], [ -3.224765166753675, 42.949022167240329 ], [ -3.249505502925293, 42.911862741536353 ], [ -3.276494960567057, 42.902168978309234 ], [ -3.287740567917792, 42.884397079059511 ], [ -3.283242324977499, 42.876318943036907 ], [ -3.236010774104411, 42.837543890128416 ], [ -3.204523073522353, 42.827850126901289 ], [ -3.222516045283529, 42.839159517332931 ], [ -3.209021316462646, 42.844006398946497 ], [ -3.19102834470147, 42.869856434218825 ], [ -3.173035372940294, 42.856931416582661 ], [ -3.139298550888089, 42.871472061423347 ], [ -3.125803822067207, 42.890859587877586 ], [ -3.105561728835884, 42.879550197445944 ], [ -3.128052943537353, 42.848853280560057 ], [ -3.159540644119412, 42.805231346038006 ], [ -3.12355470059706, 42.789075073992805 ], [ -3.137049429417942, 42.764840665924993 ], [ -3.1303020650075, 42.758378157106911 ], [ -3.098814364425442, 42.768071920334037 ], [ -3.080821392664266, 42.766456293129515 ], [ -3.060579299432943, 42.761609411515956 ], [ -3.058330177962796, 42.763225038720478 ], [ -3.047084570612061, 42.764840665924993 ], [ -3.04033720620162, 42.738990630652665 ], [ -3.017845991500151, 42.740606257857188 ], [ -3.006600384149415, 42.722834358607464 ], [ -2.988607412388239, 42.71960310419842 ], [ -2.97961092650765, 42.703446832153219 ], [ -2.948123225925592, 42.709909340971301 ], [ -2.9053899179928, 42.693753068926092 ], [ -2.894144310642064, 42.679212424085406 ], [ -2.896393432112211, 42.677596796880891 ], [ -2.896393432112211, 42.654978016017601 ], [ -2.858158367119712, 42.6388217439724 ], [ -2.858158367119712, 42.6388217439724 ], [ -2.88289870329133, 42.621049844722677 ], [ -2.9053899179928, 42.619434217518155 ], [ -2.923382889753976, 42.621049844722677 ], [ -2.934628497104711, 42.633974862358841 ], [ -2.970614440627063, 42.640437371176915 ], [ -2.977361805037503, 42.637206116767878 ], [ -3.004351262679268, 42.64366862558596 ], [ -3.017845991500151, 42.632359235154318 ], [ -3.04033720620162, 42.640437371176915 ], [ -3.083070514134414, 42.640437371176915 ], [ -3.078572271194119, 42.624281099131714 ], [ -3.060579299432943, 42.603277945472946 ], [ -3.060579299432943, 42.58873730063226 ], [ -3.085319635604561, 42.582274791814186 ], [ -3.087568757074708, 42.5677341469735 ], [ -3.134800307947796, 42.541884111701172 ], [ -3.107810850306031, 42.528959094065009 ], [ -3.083070514134414, 42.53542160288309 ], [ -3.076323149723972, 42.520880958042405 ], [ -3.078572271194119, 42.499877804383644 ], [ -3.094316121485148, 42.49179966836104 ], [ -3.089817878544855, 42.477259023520354 ], [ -3.083070514134414, 42.475643396315832 ], [ -3.065077542373237, 42.470796514702272 ], [ -3.056081056492649, 42.456255869861586 ], [ -3.047084570612061, 42.444946479429944 ], [ -3.06282842090309, 42.425558952975699 ], [ -3.065077542373237, 42.404555799316931 ], [ -3.053831935022503, 42.373858882431044 ], [ -3.058330177962796, 42.370627628022007 ], [ -3.065077542373237, 42.373858882431044 ], [ -3.083070514134414, 42.398093290498849 ], [ -3.078572271194119, 42.415865189748573 ], [ -3.089817878544855, 42.422327698566662 ], [ -3.103312607365737, 42.385168272862686 ], [ -3.085319635604561, 42.385168272862686 ], [ -3.071824906783679, 42.369012000817484 ], [ -3.067326663843385, 42.354471355976798 ], [ -3.110059971776177, 42.351240101567761 ], [ -3.110059971776177, 42.346393219954194 ], [ -3.096565242955295, 42.327005693499956 ], [ -3.105561728835884, 42.314080675863792 ], [ -3.089817878544855, 42.273689995750779 ], [ -3.098814364425442, 42.262380605319137 ], [ -3.087568757074708, 42.246224333273929 ], [ -3.103312607365737, 42.231683688433243 ], [ -3.10106348589559, 42.217143043592557 ], [ -3.128052943537353, 42.200986771547356 ], [ -3.114558214716471, 42.178367990684066 ], [ -3.089817878544855, 42.158980464229828 ], [ -3.083070514134414, 42.1331304289575 ], [ -3.074074028253825, 42.136361683366538 ], [ -3.049333692082209, 42.112127275298732 ], [ -3.03358984179118, 42.086277240026405 ], [ -2.959368833276327, 42.086277240026405 ], [ -2.934628497104711, 42.089508494435449 ], [ -2.914386403873387, 42.037808423890795 ], [ -2.914386403873387, 42.023267779050109 ], [ -2.932379375634564, 42.018420897436542 ], [ -2.96611619768677, 41.966720826891887 ], [ -2.959368833276327, 41.952180182051208 ], [ -2.970614440627063, 41.929561401187918 ], [ -2.997603898268826, 41.932792655596963 ], [ -3.011098627089709, 41.915020756347232 ], [ -3.017845991500151, 41.88755509387039 ], [ -3.03358984179118, 41.889170721074912 ], [ -3.038088084731474, 41.885939466665867 ], [ -3.044835449141914, 41.88755509387039 ], [ -3.044835449141914, 41.889170721074912 ], [ -3.076323149723972, 41.88270821225683 ], [ -3.096565242955295, 41.881092585052308 ], [ -3.096565242955295, 41.864936313007107 ], [ -3.137049429417942, 41.818083124076011 ], [ -3.137049429417942, 41.81162061525793 ], [ -3.170786251470147, 41.792233088803684 ], [ -3.188779223231323, 41.801926852030803 ], [ -3.195526587641764, 41.829392514507653 ], [ -3.233761652634264, 41.840701904939294 ], [ -3.242758138514851, 41.863320685802584 ], [ -3.247256381455145, 41.864936313007107 ], [ -3.269747596156616, 41.869783194620666 ], [ -3.283242324977499, 41.884323839461345 ], [ -3.289989689387939, 41.876245703438748 ], [ -3.278744082037203, 41.868167567416144 ], [ -3.289989689387939, 41.842317532143817 ], [ -3.285491446447645, 41.814851869666967 ], [ -3.276494960567057, 41.793848716008199 ], [ -3.285491446447645, 41.789001834394639 ], [ -3.276494960567057, 41.767998680735872 ], [ -3.283242324977499, 41.761536171917797 ], [ -3.307982661149115, 41.759920544713275 ], [ -3.321477389969997, 41.748611154281633 ], [ -3.323726511440144, 41.742148645463544 ], [ -3.355214212022203, 41.734070509440947 ], [ -3.357463333492349, 41.693679829327934 ], [ -3.393449277014701, 41.690448574918889 ], [ -3.418189613186319, 41.656520403623965 ], [ -3.436182584947495, 41.638748504374242 ], [ -3.436182584947495, 41.622592232329033 ], [ -3.465421164059405, 41.588664061034109 ], [ -3.481165014350434, 41.596742197056706 ], [ -3.508154471992199, 41.596742197056706 ], [ -3.532894808163816, 41.611282841897392 ], [ -3.541891294044405, 41.608051587488347 ], [ -3.550887779924993, 41.596742197056706 ], [ -3.541891294044405, 41.57735467060246 ], [ -3.566631630216023, 41.580585925011505 ], [ -3.573378994626463, 41.566045280170819 ], [ -3.616112302559255, 41.57735467060246 ], [ -3.645350881671167, 41.572507788988901 ], [ -3.681336825193519, 41.551504635330133 ], [ -3.688084189603961, 41.540195244898491 ], [ -3.692582432544254, 41.53373273608041 ], [ -3.728568376066606, 41.517576464035201 ], [ -3.728568376066606, 41.486879547149314 ], [ -3.728568376066606, 41.45779825746795 ], [ -3.739813983417342, 41.451335748649868 ], [ -3.744312226357636, 41.461029511876987 ], [ -3.769052562529254, 41.459413884672472 ], [ -3.7713016839994, 41.482032665535755 ], [ -3.7713016839994, 41.520807718444246 ], [ -3.766803441059107, 41.538579617693969 ], [ -3.796042020171017, 41.522423345648768 ], [ -3.802789384581459, 41.52403897285329 ], [ -3.798291141641164, 41.491726428762874 ], [ -3.78704553429043, 41.485263919944799 ], [ -3.823031477812782, 41.480417038331233 ], [ -3.834277085163517, 41.499804564785478 ], [ -3.836526206633664, 41.499804564785478 ], [ -3.843273571044104, 41.50142019199 ], [ -3.863515664275427, 41.52888585446685 ], [ -3.886006878976898, 41.532117108875887 ], [ -3.886006878976898, 41.536963990489454 ], [ -3.895003364857486, 41.551504635330133 ], [ -3.915245458088808, 41.562814025761782 ], [ -3.942234915730573, 41.569276534579856 ], [ -3.964726130432043, 41.585432806625064 ], [ -3.980469980723072, 41.583817179420542 ], [ -4.002961195424543, 41.616129723510952 ], [ -4.02770153159616, 41.614514096306436 ], [ -4.032199774536453, 41.617745350715474 ], [ -4.029950653066306, 41.645211013192323 ], [ -4.02770153159616, 41.656520403623965 ], [ -4.025452410126013, 41.659751658033002 ], [ -4.025452410126013, 41.67590793007821 ], [ -4.038947138946895, 41.706604846964098 ], [ -4.077182203939394, 41.725992373418343 ], [ -4.068185718058807, 41.740533018259029 ], [ -4.054690989237924, 41.740533018259029 ], [ -4.050192746297629, 41.767998680735872 ], [ -4.041196260417042, 41.767998680735872 ], [ -4.038947138946895, 41.772845562349438 ], [ -4.038947138946895, 41.790617461599162 ], [ -4.090676932760276, 41.831008141712175 ], [ -4.079431325409541, 41.848780040961898 ], [ -4.08842781129013, 41.871398821825181 ], [ -4.065936596588658, 41.876245703438748 ], [ -4.047943624827482, 41.873014449029704 ], [ -4.034448896006602, 41.873014449029704 ], [ -3.980469980723072, 41.900480111506553 ], [ -3.982719102193219, 41.913405129142717 ], [ -3.980469980723072, 41.93117702839244 ], [ -3.951231401611162, 41.936023910006 ], [ -3.935487551320133, 41.957027063664768 ], [ -3.892754243387339, 41.957027063664768 ], [ -3.890505121917192, 41.997417743777781 ], [ -3.910747215148515, 41.997417743777781 ], [ -3.955729644551456, 41.981261471732573 ], [ -3.991715588073808, 41.960258318073812 ], [ -4.018705045715572, 41.95864269086929 ], [ -4.032199774536453, 41.953795809255723 ], [ -4.029950653066306, 41.976414590119013 ] ], [ [ -4.101922540111012, 42.13797731057106 ], [ -4.08842781129013, 42.141208564980097 ], [ -4.061438353648365, 42.131514801752978 ], [ -4.077182203939394, 42.167058600252425 ], [ -4.110919025991599, 42.158980464229828 ], [ -4.101922540111012, 42.13797731057106 ] ], [ [ -4.034448896006602, 42.107280393685173 ], [ -4.036698017476748, 42.102433512071613 ], [ -4.032199774536453, 42.078199104003801 ], [ -4.023203288655866, 42.081430358412845 ], [ -4.034448896006602, 42.107280393685173 ] ] ], [ [ [ -2.779439115664566, 42.792306328401843 ], [ -2.73220756479148, 42.793921955606365 ], [ -2.69397249979898, 42.777765683561157 ], [ -2.67822864950795, 42.779381310765679 ], [ -2.633246220105011, 42.764840665924993 ], [ -2.601758519522953, 42.771303174743075 ], [ -2.58826379070207, 42.750300021084314 ], [ -2.559025211590159, 42.763225038720478 ], [ -2.572519940411041, 42.724449985811987 ], [ -2.608505883933393, 42.695368696130615 ], [ -2.595011155112511, 42.690521814517055 ], [ -2.579267304821482, 42.669518660858287 ], [ -2.547779604239423, 42.669518660858287 ], [ -2.538783118358836, 42.687290560108011 ], [ -2.523039268067807, 42.684059305698973 ], [ -2.516291903657367, 42.646899879995004 ], [ -2.538783118358836, 42.6388217439724 ], [ -2.583765547761777, 42.651746761608564 ], [ -2.619751491284129, 42.648515507199519 ], [ -2.635495341575158, 42.648515507199519 ], [ -2.653488313336334, 42.669518660858287 ], [ -2.698470742739273, 42.674365542471847 ], [ -2.718712835970598, 42.661440524835683 ], [ -2.736705807731774, 42.663056152040205 ], [ -2.768193508313832, 42.666287406449243 ], [ -2.783937358604861, 42.698599950539659 ], [ -2.824421545067507, 42.708293713766778 ], [ -2.837916273888389, 42.721218731402942 ], [ -2.869403974470448, 42.740606257857188 ], [ -2.862656610060005, 42.745453139470747 ], [ -2.853660124179418, 42.758378157106911 ], [ -2.835667152418242, 42.79553758281088 ], [ -2.817674180657066, 42.79069070119732 ], [ -2.779439115664566, 42.792306328401843 ] ] ], [ [ [ -2.930130254164416, 42.611356081495551 ], [ -2.923382889753976, 42.600046691063909 ], [ -2.936877618574858, 42.593584182245827 ], [ -2.945874104455445, 42.603277945472946 ], [ -2.930130254164416, 42.611356081495551 ] ] ], [ [ [ -2.984109169447946, 42.614587335904588 ], [ -2.981860047977797, 42.611356081495551 ], [ -2.999853019738975, 42.601662318268424 ], [ -2.984109169447946, 42.614587335904588 ] ] ] ] } },
{ "type": "Feature", "properties": { "name": "Teruel", "id": 44 }, "geometry": { "type": "MultiPolygon", "coordinates": [ [ [ [ -1.27027860919592, 41.10397589967797 ], [ -1.254534758904889, 41.123363426132215 ], [ -1.21629969391239, 41.137904070972901 ], [ -1.178064628919891, 41.128210307745775 ], [ -1.155573414218424, 41.128210307745775 ], [ -1.155573414218424, 41.129825934950297 ], [ -1.121836592166218, 41.134672816563857 ], [ -1.112840106285628, 41.142750952586461 ], [ -1.108341863345334, 41.165369733449751 ], [ -1.085850648643863, 41.163754106245229 ], [ -1.038619097770777, 41.134672816563857 ], [ -1.000384032778278, 41.134672816563857 ], [ -0.973394575136513, 41.154060343018102 ], [ -1.000384032778278, 41.115285290109611 ], [ -0.989138425427544, 41.091050882041806 ], [ -0.957650724845486, 41.07651023720112 ], [ -0.912668295442543, 41.092666509246328 ], [ -0.91491741691269, 41.105591526882492 ], [ -0.890177080741076, 41.12659468054126 ], [ -0.883429716330632, 41.149213461404543 ], [ -0.883429716330632, 41.129825934950297 ], [ -0.860938501629164, 41.107207154087007 ], [ -0.829450801047106, 41.095897763655366 ], [ -0.811457829285928, 41.100744645268932 ], [ -0.78896661458446, 41.107207154087007 ], [ -0.784468371644163, 41.136288443768379 ], [ -0.761977156942695, 41.17021661506331 ], [ -0.72824033489049, 41.144366579790983 ], [ -0.714745606069606, 41.124979053336737 ], [ -0.694503512838285, 41.112054035700574 ], [ -0.672012298136814, 41.129825934950297 ], [ -0.665264933726373, 41.145982206995498 ], [ -0.611286018442843, 41.194451023131116 ], [ -0.669763176666667, 41.236457330448644 ], [ -0.642773719024902, 41.238072957653166 ], [ -0.624780747263728, 41.247766720880293 ], [ -0.629278990204021, 41.312391809061111 ], [ -0.604538654032403, 41.323701199492753 ], [ -0.548310617278727, 41.267154247334531 ], [ -0.532566766987699, 41.22837919442604 ], [ -0.507826430816081, 41.247766720880293 ], [ -0.528068524047406, 41.288157400993299 ], [ -0.577549196390638, 41.315623063470149 ], [ -0.582047439330932, 41.347935607560558 ], [ -0.568552710510051, 41.35439811637864 ], [ -0.550559738748873, 41.346319980356036 ], [ -0.510075552286228, 41.35439811637864 ], [ -0.492082580525054, 41.351166861969602 ], [ -0.480836973174316, 41.346319980356036 ], [ -0.469591365823582, 41.318854317879186 ], [ -0.460594879942995, 41.315623063470149 ], [ -0.420110693480346, 41.312391809061111 ], [ -0.429107179360937, 41.294619909811381 ], [ -0.399868600249025, 41.270385501743576 ], [ -0.397619478778878, 41.268769874539053 ], [ -0.377377385547554, 41.265538620130016 ], [ -0.343640563495349, 41.239688584857689 ], [ -0.309903741443144, 41.252613602493852 ], [ -0.269419554980498, 41.215454176789876 ], [ -0.246928340279027, 41.212222922380839 ], [ -0.215440639696968, 41.189604141517556 ], [ -0.181703817644763, 41.187988514313034 ], [ -0.132223145301531, 41.162138479040706 ], [ -0.102984566189619, 41.149213461404543 ], [ -0.078244230018001, 41.150829088609065 ], [ -0.037760043555355, 41.129825934950297 ], [ -0.013019707383737, 41.120132171723171 ], [ -0.001774100033003, 41.091050882041806 ], [ 0.036460964959495, 41.045813320315233 ], [ 0.052204815250526, 41.055507083542352 ], [ 0.05670305819082, 41.074894609996605 ], [ 0.079194272892288, 41.079741491610164 ], [ 0.119678459354937, 41.07651023720112 ], [ 0.146667916996698, 41.063585219564956 ], [ 0.166910010228023, 41.070047728383038 ], [ 0.220888925511552, 41.07166335558756 ], [ 0.234383654332433, 41.034503929883591 ], [ 0.245629261683167, 41.040966438701673 ], [ 0.279366083735372, 41.019963285042905 ], [ 0.259123990504051, 41.015116403429346 ], [ 0.281615205205522, 40.987650740952496 ], [ 0.281615205205522, 40.974725723316332 ], [ 0.274867840795078, 40.935950670407841 ], [ 0.254625747563757, 40.91979439836264 ], [ 0.250127504623464, 40.895559990294828 ], [ 0.238881897272726, 40.884250599863186 ], [ 0.254625747563757, 40.8697099550225 ], [ 0.250127504623464, 40.855169310181822 ], [ 0.272618719324932, 40.819625511682368 ], [ 0.256874869033904, 40.800237985228122 ], [ 0.232134532862286, 40.779234831569354 ], [ 0.17590649610861, 40.742075405865393 ], [ 0.171408253168316, 40.732381642638266 ], [ 0.142169674056404, 40.71784099779758 ], [ 0.115180216414643, 40.727534761024707 ], [ 0.072446908481847, 40.714609743388543 ], [ 0.043208329369936, 40.690375335320738 ], [ 0.027464479078908, 40.695222216934297 ], [ 0.029713600549055, 40.714609743388543 ], [ 0.016218871728174, 40.727534761024707 ], [ -0.017517950324031, 40.730766015433744 ], [ -0.044507407965796, 40.725919133820184 ], [ -0.053503893846386, 40.727534761024707 ], [ -0.102984566189619, 40.742075405865393 ], [ -0.127724902361237, 40.753384796297034 ], [ -0.147966995592558, 40.774387949955795 ], [ -0.143468752652264, 40.785697340387443 ], [ -0.197447667935794, 40.784081713182921 ], [ -0.213191518226822, 40.758231677910594 ], [ -0.224437125577559, 40.753384796297034 ], [ -0.240180975868586, 40.71784099779758 ], [ -0.233433611458146, 40.708147234570461 ], [ -0.23793185439844, 40.698453471343335 ], [ -0.260423069099911, 40.685528453707171 ], [ -0.294159891152116, 40.67421906327553 ], [ -0.307654619972997, 40.659678418434844 ], [ -0.327896713204321, 40.680681572093611 ], [ -0.357135292316233, 40.677450317684574 ], [ -0.381875628487848, 40.661294045639366 ], [ -0.370630021137114, 40.651600282412247 ], [ -0.379626507017701, 40.624134619935397 ], [ -0.343640563495349, 40.606362720685667 ], [ -0.321149348793881, 40.603131466276629 ], [ -0.29865813409241, 40.612825229503756 ], [ -0.294159891152116, 40.611209602299233 ], [ -0.294159891152116, 40.583743939822384 ], [ -0.296409012622263, 40.56597204057266 ], [ -0.296409012622263, 40.564356413368138 ], [ -0.289661648211823, 40.54335325970937 ], [ -0.296409012622263, 40.532043869277729 ], [ -0.29865813409241, 40.506193834005401 ], [ -0.287412526741676, 40.509425088414446 ], [ -0.271668676450645, 40.478728171528559 ], [ -0.294159891152116, 40.465803153892395 ], [ -0.334644077614762, 40.457725017869791 ], [ -0.345889684965496, 40.443184373029105 ], [ -0.332394956144615, 40.425412473779382 ], [ -0.307654619972997, 40.409256201734173 ], [ -0.282914283801379, 40.383406166461846 ], [ -0.280665162331232, 40.36886552162116 ], [ -0.31215286291329, 40.359171758394041 ], [ -0.377377385547554, 40.304240433440341 ], [ -0.390872114368438, 40.305856060644864 ], [ -0.399868600249025, 40.296162297417744 ], [ -0.381875628487848, 40.276774770963499 ], [ -0.388622992898291, 40.262234126122813 ], [ -0.451598394062405, 40.234768463645963 ], [ -0.469591365823582, 40.23961534525953 ], [ -0.501079066405641, 40.233152836441448 ], [ -0.510075552286228, 40.231537209236926 ], [ -0.543812374338433, 40.250924735691171 ], [ -0.548310617278727, 40.24446222687309 ], [ -0.561805346099611, 40.189530901919397 ], [ -0.573050953450345, 40.181452765896793 ], [ -0.570801831980198, 40.155602730624466 ], [ -0.579798317860785, 40.137830831374743 ], [ -0.609036896972697, 40.124905813738579 ], [ -0.629278990204021, 40.102287032875289 ], [ -0.61353513991299, 40.069974488784879 ], [ -0.629278990204021, 40.074821370398439 ], [ -0.665264933726373, 40.050586962330634 ], [ -0.678759662547254, 40.045740080717074 ], [ -0.712496484599459, 40.042508826308037 ], [ -0.716994727539753, 40.040893199103515 ], [ -0.761977156942695, 40.040893199103515 ], [ -0.768724521353136, 40.008580655013105 ], [ -0.791215736054607, 39.98919312855886 ], [ -0.833949043987399, 39.979499365331733 ], [ -0.845194651338133, 39.953649330059406 ], [ -0.829450801047106, 39.906796141128311 ], [ -0.797963100465047, 39.882561733060506 ], [ -0.797963100465047, 39.880946105855983 ], [ -0.827201679576959, 39.871252342628864 ], [ -0.867685866039604, 39.847017934561059 ], [ -0.894675323681369, 39.856711697788178 ], [ -0.910419173972397, 39.86802108821982 ], [ -0.899173566621663, 39.892255496287632 ], [ -0.91491741691269, 39.918105531559959 ], [ -0.905920931032103, 39.940724312423242 ], [ -0.919415659852984, 39.964958720491055 ], [ -0.932910388673868, 39.95688058446845 ], [ -0.97564369660666, 39.976268110922696 ], [ -1.002633154248425, 39.981114992536256 ], [ -1.025124368949896, 39.974652483718174 ], [ -1.056612069531955, 39.981114992536256 ], [ -1.08809977011401, 39.969805602104614 ], [ -1.106092741875187, 39.974652483718174 ], [ -1.126334835106512, 39.963343093286532 ], [ -1.142078685397539, 39.971421229309129 ], [ -1.164569900099011, 40.01019628221762 ], [ -1.135331320987099, 40.015043163831187 ], [ -1.083601527173716, 40.036046317489948 ], [ -1.072355919822982, 40.052202589535156 ], [ -1.083601527173716, 40.071590115989402 ], [ -1.106092741875187, 40.087746388034603 ], [ -1.133082199516952, 40.097440151261729 ], [ -1.14882604980798, 40.115212050511452 ], [ -1.200555843621363, 40.110365168897893 ], [ -1.245538273024302, 40.116827677715975 ], [ -1.250036515964595, 40.123290186534057 ], [ -1.243289151554155, 40.145908967397339 ], [ -1.252285637434742, 40.142677712988302 ], [ -1.2837733380168, 40.171759002669667 ], [ -1.297268066837685, 40.21214968278268 ], [ -1.322008403009303, 40.184684020305831 ], [ -1.319759281539152, 40.145908967397339 ], [ -1.353496103591358, 40.129752695352138 ], [ -1.384983804173416, 40.137830831374743 ], [ -1.39173116858386, 40.134599576965698 ], [ -1.447959205337533, 40.145908967397339 ], [ -1.443460962397239, 40.165296493851585 ], [ -1.438962719456946, 40.197609037941994 ], [ -1.474948662979298, 40.184684020305831 ], [ -1.51093460650165, 40.204071546760076 ], [ -1.540173185613561, 40.191146529123913 ], [ -1.567162643255326, 40.21214968278268 ], [ -1.569411764725473, 40.213765309987203 ], [ -1.591902979426944, 40.236384090850486 ], [ -1.607646829717972, 40.242846599668567 ], [ -1.659376623531355, 40.281621652577059 ], [ -1.666123987941795, 40.294546670213222 ], [ -1.688615202643263, 40.309087315053908 ], [ -1.699860809994, 40.307471687849386 ], [ -1.717853781755174, 40.278390398168021 ], [ -1.729099389105912, 40.301009179031304 ], [ -1.697611688523853, 40.317165451076505 ], [ -1.722352024695468, 40.341399859144317 ], [ -1.742594117926792, 40.349477995166922 ], [ -1.776330939978997, 40.39148430248445 ], [ -1.805569519090909, 40.397946811302532 ], [ -1.801071276150616, 40.41410308334774 ], [ -1.785327425859585, 40.412487456143218 ], [ -1.758337968217823, 40.451262509051709 ], [ -1.735846753516352, 40.47226566271047 ], [ -1.69311344558356, 40.486806307551156 ], [ -1.695362567053706, 40.511040715618961 ], [ -1.702109931464147, 40.541737632504848 ], [ -1.688615202643263, 40.56597204057266 ], [ -1.69311344558356, 40.577281431004302 ], [ -1.675120473822382, 40.591822075844988 ], [ -1.666123987941795, 40.582128312617861 ], [ -1.634636287359736, 40.580512685413339 ], [ -1.598650343837384, 40.562740786163616 ], [ -1.544671428553855, 40.595053330254025 ], [ -1.564913521785179, 40.614440856708271 ], [ -1.537924064143414, 40.658062791230321 ], [ -1.537924064143414, 40.688759708116216 ], [ -1.553667914434442, 40.709762861774976 ], [ -1.562664400315033, 40.74045977866087 ], [ -1.555917035904592, 40.75015354188799 ], [ -1.540173185613561, 40.763078559524153 ], [ -1.540173185613561, 40.792159849205518 ], [ -1.553667914434442, 40.822856766091412 ], [ -1.555917035904592, 40.829319274909494 ], [ -1.569411764725473, 40.829319274909494 ], [ -1.591902979426944, 40.850322428568262 ], [ -1.594152100897091, 40.853553682977299 ], [ -1.621141558538852, 40.879403718249627 ], [ -1.625639801479149, 40.898791244703872 ], [ -1.607646829717972, 40.927872534385244 ], [ -1.616643315598559, 40.944028806430445 ], [ -1.589653857956797, 40.935950670407841 ], [ -1.558166157374739, 40.939181924816886 ], [ -1.508685485031503, 40.960185078475646 ], [ -1.506436363561356, 40.963416332884691 ], [ -1.472699541509151, 40.948875688044005 ], [ -1.447959205337533, 40.976341350520855 ], [ -1.45920481268827, 41.007038267406742 ], [ -1.472699541509151, 41.010269521815786 ], [ -1.477197784449444, 41.015116403429346 ], [ -1.423218869165918, 41.026425793860987 ], [ -1.414222383285328, 41.032888302679069 ], [ -1.40522589740474, 41.066816473974001 ], [ -1.378236439762976, 41.073278982792083 ], [ -1.360243468001801, 41.087819627632769 ], [ -1.355745225061508, 41.087819627632769 ], [ -1.357994346531655, 41.065200846769478 ], [ -1.333254010360037, 41.050660201928793 ], [ -1.288271580957094, 41.049044574724277 ], [ -1.281524216546654, 41.055507083542352 ], [ -1.27027860919592, 41.055507083542352 ], [ -1.252285637434742, 41.078125864405642 ], [ -1.256783880375039, 41.086204000428246 ], [ -1.27027860919592, 41.10397589967797 ] ] ] ] } },
{ "type": "Feature", "properties": { "name": "Cantabria", "id": 39 }, "geometry": { "type": "MultiPolygon", "coordinates": [ [ [ [ -3.724479064302705, 43.439879087013722 ], [ -3.72631925459646, 43.443404091823581 ], [ -3.753308712238224, 43.435325955800984 ], [ -3.744312226357636, 43.448250973437148 ], [ -3.775799926939694, 43.459560363868789 ], [ -3.7330666190069, 43.459560363868789 ], [ -3.706077161365137, 43.478947890323035 ], [ -3.681336825193519, 43.478947890323035 ], [ -3.654347367551756, 43.491872907959198 ], [ -3.645350881671167, 43.49833541677728 ], [ -3.611614059618962, 43.499951043981795 ], [ -3.595870209327932, 43.512876061617959 ], [ -3.577877237566756, 43.506413552799884 ], [ -3.548638658454845, 43.509644807208922 ], [ -3.539642172574258, 43.495104162368236 ], [ -3.512652714932493, 43.491872907959198 ], [ -3.512652714932493, 43.477332263118512 ], [ -3.476666771410141, 43.469254127095908 ], [ -3.4316843420072, 43.462791618277834 ], [ -3.42493697759676, 43.445019719028103 ], [ -3.438431706417642, 43.436941583005506 ], [ -3.465421164059405, 43.445019719028103 ], [ -3.49241062170117, 43.42240093816482 ], [ -3.463172042589258, 43.430479074187417 ], [ -3.463172042589258, 43.403013411710575 ], [ -3.460922921119112, 43.403013411710575 ], [ -3.449677313768376, 43.435325955800984 ], [ -3.422687856126613, 43.412707174937694 ], [ -3.382203669663966, 43.415938429346738 ], [ -3.337221240261027, 43.414322802142216 ], [ -3.276494960567057, 43.403013411710575 ], [ -3.256252867335734, 43.403013411710575 ], [ -3.220266923813382, 43.393319648483448 ], [ -3.211270437932793, 43.375547749233725 ], [ -3.195526587641764, 43.372316494824688 ], [ -3.161789765589559, 43.35131334116592 ], [ -3.152793279708971, 43.352928968370435 ], [ -3.150544158238825, 43.307691406643869 ], [ -3.193277466171617, 43.297997643416743 ], [ -3.209021316462646, 43.283456998576057 ], [ -3.218017802343235, 43.286688252985101 ], [ -3.265249353216321, 43.29638201621222 ], [ -3.292238810858086, 43.289919507394139 ], [ -3.294487932328233, 43.30122889782578 ], [ -3.323726511440144, 43.293150761803183 ], [ -3.343968604671467, 43.294766389007705 ], [ -3.339470361731173, 43.278610116962497 ], [ -3.368708940843085, 43.275378862553453 ], [ -3.388951034074408, 43.264069472121818 ], [ -3.400196641425143, 43.246297572872088 ], [ -3.449677313768376, 43.236603809644969 ], [ -3.433933463477349, 43.205906892759074 ], [ -3.436182584947495, 43.197828756736477 ], [ -3.4316843420072, 43.165516212646068 ], [ -3.418189613186319, 43.133203668555659 ], [ -3.508154471992199, 43.136434922964696 ], [ -3.544140415514551, 43.147744313396345 ], [ -3.584624601977199, 43.15420682221442 ], [ -3.602617573738375, 43.14935994060086 ], [ -3.611614059618962, 43.168747467055105 ], [ -3.64984912461146, 43.180056857486747 ], [ -3.654347367551756, 43.170363094259628 ], [ -3.676838582253225, 43.15420682221442 ], [ -3.683585946663667, 43.136434922964696 ], [ -3.719571890186019, 43.108969260487854 ], [ -3.755557833708371, 43.099275497260727 ], [ -3.760056076648665, 43.083119225215526 ], [ -3.789294655760576, 43.078272343601959 ], [ -3.809536748991899, 43.086350479624564 ], [ -3.847771813984398, 43.084734852420041 ], [ -3.832027963693369, 43.063731698761273 ], [ -3.850020935454545, 43.039497290693475 ], [ -3.879259514566456, 43.042728545102513 ], [ -3.888256000447045, 43.042728545102513 ], [ -3.908498093678368, 43.016878509830185 ], [ -3.94448403720072, 43.007184746603059 ], [ -3.973722616312632, 42.968409693694568 ], [ -3.989466466603661, 42.932865895195121 ], [ -3.973722616312632, 42.911862741536353 ], [ -3.94448403720072, 42.908631487127316 ], [ -3.926491065439544, 42.903784605513749 ], [ -3.924241943969397, 42.915093995945398 ], [ -3.890505121917192, 42.924787759172517 ], [ -3.888256000447045, 42.949022167240329 ], [ -3.868013907215722, 42.955484676058404 ], [ -3.841024449573958, 42.940944031217725 ], [ -3.829778842223222, 42.929634640786077 ], [ -3.838775328103811, 42.916709623149913 ], [ -3.852270056924693, 42.919940877558957 ], [ -3.868013907215722, 42.89893772390019 ], [ -3.899501607797779, 42.903784605513749 ], [ -3.892754243387339, 42.887628333468548 ], [ -3.912996336618662, 42.858547043787183 ], [ -3.879259514566456, 42.850468907764579 ], [ -3.868013907215722, 42.856931416582661 ], [ -3.874761271626163, 42.874703315832384 ], [ -3.863515664275427, 42.88924396067307 ], [ -3.825280599282928, 42.868240807014303 ], [ -3.834277085163517, 42.852084534969094 ], [ -3.81628411340234, 42.835928262923893 ], [ -3.81628411340234, 42.810078227651566 ], [ -3.829778842223222, 42.798768837219924 ], [ -3.863515664275427, 42.785843819583761 ], [ -3.895003364857486, 42.805231346038006 ], [ -3.910747215148515, 42.785843819583761 ], [ -3.910747215148515, 42.768071920334037 ], [ -3.930989308379838, 42.774534429152119 ], [ -3.946733158670867, 42.761609411515956 ], [ -3.978220859252925, 42.758378157106911 ], [ -4.000712073954396, 42.769687547538553 ], [ -3.996213831014101, 42.785843819583761 ], [ -4.002961195424543, 42.831081381310334 ], [ -4.020954167185719, 42.819771990878692 ], [ -4.014206802775277, 42.806846973242529 ], [ -4.043445381887189, 42.789075073992805 ], [ -4.045694503357335, 42.766456293129515 ], [ -4.081680446879687, 42.761609411515956 ], [ -4.097424297170717, 42.79069070119732 ], [ -4.124413754812482, 42.793921955606365 ], [ -4.151403212454246, 42.789075073992805 ], [ -4.185140034506452, 42.816540736469648 ], [ -4.178392670096009, 42.826234499696767 ], [ -4.158150576864687, 42.837543890128416 ], [ -4.144655848043804, 42.829465754105811 ], [ -4.128911997752775, 42.84562202615102 ], [ -4.126662876282628, 42.856931416582661 ], [ -4.149154090984098, 42.871472061423347 ], [ -4.198634763327332, 42.844006398946497 ], [ -4.225624220969097, 42.858547043787183 ], [ -4.230122463909391, 42.895706469491152 ], [ -4.22337509949895, 42.910247114331838 ], [ -4.236869828319833, 42.916709623149913 ], [ -4.239118949789979, 42.953869048853889 ], [ -4.261610164491449, 42.96517843928553 ], [ -4.347076780357035, 42.971640948103612 ], [ -4.362820630648065, 42.984565965739776 ], [ -4.378564480939094, 43.010416001012103 ], [ -4.403304817110712, 43.037881663488953 ], [ -4.461781975334533, 43.060500444352236 ], [ -4.475276704155416, 43.037881663488953 ], [ -4.520259133558357, 43.047575426716072 ], [ -4.558494198550855, 43.018494137034708 ], [ -4.605725749423943, 43.034650409079909 ], [ -4.641711692946295, 43.016878509830185 ], [ -4.684445000879087, 43.026572273057312 ], [ -4.715932701461146, 43.018494137034708 ], [ -4.738423916162617, 43.021725391443745 ], [ -4.733925673222322, 43.047575426716072 ], [ -4.76541337380438, 43.055653562738676 ], [ -4.767662495274527, 43.075041089192922 ], [ -4.83288701790879, 43.102506751669765 ], [ -4.835136139378939, 43.108969260487854 ], [ -4.850879989669966, 43.126741159737577 ], [ -4.835136139378939, 43.157438076623464 ], [ -4.850879989669966, 43.17197872146415 ], [ -4.841883503789379, 43.180056857486747 ], [ -4.823890532028203, 43.178441230282232 ], [ -4.778908102625262, 43.191366247918396 ], [ -4.754167766453646, 43.183288111895791 ], [ -4.733925673222322, 43.194597502327433 ], [ -4.722680065871588, 43.239835064054006 ], [ -4.731676551752175, 43.257606963303729 ], [ -4.706936215580559, 43.267300726530856 ], [ -4.657455543237324, 43.264069472121818 ], [ -4.630466085595559, 43.267300726530856 ], [ -4.637213450006001, 43.273763235348937 ], [ -4.60797487089409, 43.29638201621222 ], [ -4.549497712670266, 43.285072625780579 ], [ -4.54724859120012, 43.268916353735378 ], [ -4.522508255028503, 43.280225744167019 ], [ -4.522508255028503, 43.335157069120712 ], [ -4.538252105319533, 43.343235205143316 ], [ -4.533753862379237, 43.367469613211121 ], [ -4.511262647677768, 43.382010258051807 ], [ -4.513511769147915, 43.393319648483448 ], [ -4.491020554446445, 43.396550902892493 ], [ -4.473027582685269, 43.390088394074411 ], [ -4.443789003573357, 43.398166530097015 ], [ -4.432543396222622, 43.393319648483448 ], [ -4.414550424461446, 43.398166530097015 ], [ -4.383062723879387, 43.391704021278926 ], [ -4.338080294476448, 43.40462903891509 ], [ -4.333582051536153, 43.393319648483448 ], [ -4.322336444185419, 43.391704021278926 ], [ -4.279603136252625, 43.388472766869889 ], [ -4.232371585379537, 43.39978215730153 ], [ -4.221125978028804, 43.396550902892493 ], [ -4.133410240693069, 43.414322802142216 ], [ -4.097424297170717, 43.425632192573858 ], [ -4.034448896006602, 43.435325955800984 ], [ -4.014206802775277, 43.448250973437148 ], [ -3.982719102193219, 43.441788464619066 ], [ -3.94448403720072, 43.469254127095908 ], [ -3.915245458088808, 43.474101008709475 ], [ -3.881508636036603, 43.475716635913997 ], [ -3.863515664275427, 43.475716635913997 ], [ -3.811785870462046, 43.495104162368236 ], [ -3.784796412820283, 43.491872907959198 ], [ -3.7713016839994, 43.467638499891393 ], [ -3.809536748991899, 43.456329109459745 ], [ -3.81628411340234, 43.436941583005506 ], [ -3.829778842223222, 43.433710328596462 ], [ -3.802789384581459, 43.425632192573858 ], [ -3.827529720753075, 43.407860293324134 ], [ -3.809536748991899, 43.393319648483448 ], [ -3.766803441059107, 43.406244666119612 ], [ -3.809536748991899, 43.398166530097015 ], [ -3.81628411340234, 43.407860293324134 ], [ -3.780298169879988, 43.424016565369342 ], [ -3.791543777230723, 43.430479074187417 ], [ -3.769052562529254, 43.448250973437148 ], [ -3.762305198118812, 43.433710328596462 ], [ -3.735315740477049, 43.432094701391939 ], [ -3.724479064302705, 43.439879087013722 ] ], [ [ -4.101922540111012, 42.793921955606365 ], [ -4.08842781129013, 42.81815636367417 ], [ -4.106420783051306, 42.827850126901289 ], [ -4.113168147461746, 42.816540736469648 ], [ -4.101922540111012, 42.793921955606365 ] ] ], [ [ [ -3.303484418208821, 43.257606963303729 ], [ -3.269747596156616, 43.267300726530856 ], [ -3.249505502925293, 43.259222590508251 ], [ -3.25175462439544, 43.246297572872088 ], [ -3.269747596156616, 43.233372555235924 ], [ -3.265249353216321, 43.205906892759074 ], [ -3.285491446447645, 43.197828756736477 ], [ -3.296737053798379, 43.205906892759074 ], [ -3.294487932328233, 43.24306631846305 ], [ -3.303484418208821, 43.257606963303729 ] ] ] ] } },
{ "type": "Feature", "properties": { "name": "Barcelona", "id": 8 }, "geometry": { "type": "MultiPolygon", "coordinates": [ [ [ [ 1.484895191734175, 41.472338902308636 ], [ 1.473649584383438, 41.47880141112671 ], [ 1.473649584383438, 41.486879547149314 ], [ 1.45115836968197, 41.486879547149314 ], [ 1.394930332928293, 41.512729582421642 ], [ 1.39717945439844, 41.519192091239724 ], [ 1.408425061749174, 41.535348363284932 ], [ 1.448909248211823, 41.536963990489454 ], [ 1.446660126741673, 41.553120262534655 ], [ 1.430916276450645, 41.556351516943693 ], [ 1.453407491152117, 41.569276534579856 ], [ 1.419670669099911, 41.58220155221602 ], [ 1.392681211458147, 41.575739043397945 ], [ 1.408425061749174, 41.59997345146575 ], [ 1.385933847047706, 41.603204705874788 ], [ 1.361193510876088, 41.612898469101914 ], [ 1.370189996756675, 41.620976605124511 ], [ 1.388182968517853, 41.630670368351637 ], [ 1.430916276450645, 41.629054741147115 ], [ 1.448909248211823, 41.637132877169719 ], [ 1.45115836968197, 41.646826640396839 ], [ 1.430916276450645, 41.654904776419443 ], [ 1.419670669099911, 41.67590793007821 ], [ 1.40392681880888, 41.68560169330533 ], [ 1.399428575868587, 41.704989219759575 ], [ 1.38368472557756, 41.706604846964098 ], [ 1.424168912040205, 41.732454882236425 ], [ 1.40392681880888, 41.745379899872589 ], [ 1.412923304689468, 41.776076816758476 ], [ 1.426418033510352, 41.801926852030803 ], [ 1.471400462913291, 41.800311224826288 ], [ 1.473649584383438, 41.782539325576558 ], [ 1.460154855562557, 41.776076816758476 ], [ 1.487144313204322, 41.77930807116752 ], [ 1.482646070264028, 41.790617461599162 ], [ 1.505137284965496, 41.789001834394639 ], [ 1.507386406435643, 41.774461189553961 ], [ 1.532126742607261, 41.763151799122312 ], [ 1.529877621137114, 41.751842408690671 ], [ 1.547870592898288, 41.771229935144916 ], [ 1.574860050540053, 41.782539325576558 ], [ 1.581607414950494, 41.776076816758476 ], [ 1.599600386711671, 41.789001834394639 ], [ 1.592853022301231, 41.81162061525793 ], [ 1.610845994062405, 41.818083124076011 ], [ 1.610845994062405, 41.835855023325735 ], [ 1.63108808729373, 41.843933159348339 ], [ 1.626589844353436, 41.869783194620666 ], [ 1.601849508181818, 41.884323839461345 ], [ 1.583856536420644, 41.873014449029704 ], [ 1.568112686129613, 41.879476957847785 ], [ 1.581607414950494, 41.892401975483949 ], [ 1.615344237002699, 41.905326993120113 ], [ 1.642333694644464, 41.929561401187918 ], [ 1.649081059054907, 41.948948927642164 ], [ 1.649081059054907, 41.957027063664768 ], [ 1.653579301995201, 41.981261471732573 ], [ 1.673821395226522, 41.982877098937095 ], [ 1.682817881107113, 41.968336454096409 ], [ 1.716554703159318, 41.982877098937095 ], [ 1.716554703159318, 42.000648998186819 ], [ 1.69856173139814, 42.013574015822982 ], [ 1.685067002577259, 41.995802116573259 ], [ 1.651330180525054, 41.992570862164214 ], [ 1.651330180525054, 42.013574015822982 ], [ 1.664824909345935, 42.010342761413945 ], [ 1.700810852868287, 42.028114660663668 ], [ 1.696312609927993, 42.036192796686272 ], [ 1.685067002577259, 42.049117814322436 ], [ 1.673821395226522, 42.052349068731473 ], [ 1.689565245517553, 42.073352222390241 ], [ 1.6918143669877, 42.086277240026405 ], [ 1.716554703159318, 42.084661612821883 ], [ 1.723302067569758, 42.100817884867091 ], [ 1.70530909580858, 42.10566476648065 ], [ 1.712056460219021, 42.115358529707777 ], [ 1.69856173139814, 42.134746056162015 ], [ 1.721052946099611, 42.152517955411739 ], [ 1.734547674920492, 42.158980464229828 ], [ 1.736796796390639, 42.183214872297633 ], [ 1.739045917860786, 42.189677381115715 ], [ 1.707558217278727, 42.189677381115715 ], [ 1.680568759636962, 42.205833653160916 ], [ 1.685067002577259, 42.221989925206124 ], [ 1.70530909580858, 42.238146197251325 ], [ 1.685067002577259, 42.255918096501048 ], [ 1.689565245517553, 42.276921250159816 ], [ 1.669323152286228, 42.281768131773376 ], [ 1.718803824629465, 42.283383758977898 ], [ 1.734547674920492, 42.283383758977898 ], [ 1.741295039330932, 42.28984626779598 ], [ 1.779530104323431, 42.291461895000502 ], [ 1.797523076084609, 42.29469314940954 ], [ 1.804270440495049, 42.301155658227628 ], [ 1.842505505487548, 42.306002539841188 ], [ 1.873993206069606, 42.314080675863792 ], [ 1.891986177830784, 42.320543184681867 ], [ 1.93247036429343, 42.318927557477352 ], [ 1.943715971644163, 42.307618167045703 ], [ 1.954961578994901, 42.31246504865927 ], [ 1.984200158106812, 42.297924403818584 ], [ 2.017936980159018, 42.310849421454748 ], [ 2.069666773972397, 42.291461895000502 ], [ 2.029182587509752, 42.251071214887489 ], [ 2.029182587509752, 42.215527416388042 ], [ 2.05392292368137, 42.218758670797079 ], [ 2.058421166621663, 42.175136736275029 ], [ 2.038179073390339, 42.178367990684066 ], [ 2.026933466039605, 42.167058600252425 ], [ 2.004442251338133, 42.162211718638865 ], [ 1.995445765457546, 42.171905481865991 ], [ 2.00669137280828, 42.192908635524752 ], [ 1.963958064875488, 42.199371144342834 ], [ 1.966207186345635, 42.178367990684066 ], [ 1.990947522517253, 42.183214872297633 ], [ 1.990947522517253, 42.171905481865991 ], [ 2.004442251338133, 42.149286701002701 ], [ 2.024684344569458, 42.152517955411739 ], [ 2.06067028809181, 42.134746056162015 ], [ 2.092157988673868, 42.144439819389142 ], [ 2.101154474554455, 42.123436665730374 ], [ 2.125894810726074, 42.112127275298732 ], [ 2.143887782487248, 42.131514801752978 ], [ 2.186621090420044, 42.134746056162015 ], [ 2.191119333360337, 42.123436665730374 ], [ 2.213610548061805, 42.128283547343933 ], [ 2.209112305121511, 42.139592937775575 ], [ 2.281084192166215, 42.141208564980097 ], [ 2.299077163927393, 42.1331304289575 ], [ 2.303575406867687, 42.112127275298732 ], [ 2.294578920987099, 42.102433512071613 ], [ 2.319319257158718, 42.116974156912292 ], [ 2.346308714800479, 42.121821038525852 ], [ 2.373298172442244, 42.116974156912292 ], [ 2.380045536852684, 42.104049139276128 ], [ 2.400287630084009, 42.102433512071613 ], [ 2.393540265673568, 42.086277240026405 ], [ 2.409284115964596, 42.070120967981197 ], [ 2.42952620919592, 42.063658459163122 ], [ 2.458764788307832, 42.079814731208323 ], [ 2.467761274188419, 42.073352222390241 ], [ 2.494750731830184, 42.0620428319586 ], [ 2.496999853300331, 42.058811577549555 ], [ 2.4812560030093, 42.050733441526958 ], [ 2.505996339180918, 42.032961542277228 ], [ 2.494750731830184, 42.020036524641064 ], [ 2.499248974770477, 42.002264625391341 ], [ 2.467761274188419, 41.994186489368737 ], [ 2.4812560030093, 41.978030217323536 ], [ 2.474508638598859, 41.969952081300931 ], [ 2.449768302427241, 41.969952081300931 ], [ 2.438522695076507, 41.96348957248285 ], [ 2.443020938016801, 41.94087079161956 ], [ 2.461013909777979, 41.944102046028604 ], [ 2.479006881539153, 41.93117702839244 ], [ 2.470010395658566, 41.905326993120113 ], [ 2.443020938016801, 41.88755509387039 ], [ 2.427277087725773, 41.895633229892994 ], [ 2.407034994494449, 41.895633229892994 ], [ 2.389042022733275, 41.87786133064327 ], [ 2.382294658322831, 41.871398821825181 ], [ 2.337312228919892, 41.889170721074912 ], [ 2.323817500099011, 41.874630076234226 ], [ 2.326066621569158, 41.85524254977998 ], [ 2.346308714800479, 41.827776887303131 ], [ 2.35530520068107, 41.806773733644363 ], [ 2.382294658322831, 41.808389360848885 ], [ 2.418280601845186, 41.805158106439848 ], [ 2.436273573606361, 41.803542479235325 ], [ 2.443020938016801, 41.789001834394639 ], [ 2.472259517128713, 41.789001834394639 ], [ 2.4812560030093, 41.771229935144916 ], [ 2.514992825061505, 41.761536171917797 ], [ 2.514992825061505, 41.748611154281633 ], [ 2.530736675352536, 41.730839255031903 ], [ 2.55097876858386, 41.719529864600261 ], [ 2.571220861815181, 41.725992373418343 ], [ 2.598210319456946, 41.727608000622865 ], [ 2.620701534158417, 41.730839255031903 ], [ 2.647690991800179, 41.743764272668066 ], [ 2.67018220650165, 41.745379899872589 ], [ 2.679178692382237, 41.740533018259029 ], [ 2.72416112178518, 41.743764272668066 ], [ 2.744403215016501, 41.735686136645469 ], [ 2.775890915598559, 41.735686136645469 ], [ 2.778140037068706, 41.730839255031903 ], [ 2.766894429717972, 41.724376746213821 ], [ 2.773641794128412, 41.700142338146016 ], [ 2.757897943837385, 41.679139184487248 ], [ 2.764645308247825, 41.666214166851091 ], [ 2.778140037068706, 41.650057894805883 ], [ 2.728659364725473, 41.635517249965197 ], [ 2.701669907083708, 41.624207859533556 ], [ 2.67018220650165, 41.614514096306436 ], [ 2.638694505919592, 41.60482033307931 ], [ 2.595961197986799, 41.590279688238624 ], [ 2.573469983285328, 41.58220155221602 ], [ 2.532985796822683, 41.569276534579856 ], [ 2.521740189471949, 41.566045280170819 ], [ 2.510494582121211, 41.559582771352737 ], [ 2.488003367419743, 41.551504635330133 ], [ 2.458764788307832, 41.541810872103014 ], [ 2.42277884478548, 41.519192091239724 ], [ 2.402536751554155, 41.50626707360356 ], [ 2.375547293912391, 41.493342055967396 ], [ 2.346308714800479, 41.485263919944799 ], [ 2.296828042457246, 41.472338902308636 ], [ 2.269838584815481, 41.461029511876987 ], [ 2.236101762763276, 41.42548571337754 ], [ 2.227105276882689, 41.412560695741377 ], [ 2.186621090420044, 41.380248151650967 ], [ 2.152884268367838, 41.323701199492753 ], [ 2.141638661017101, 41.299466791424948 ], [ 2.074165016912691, 41.276848010561658 ], [ 2.044926437800779, 41.270385501743576 ], [ 2.002193129867987, 41.263922992925494 ], [ 1.943715971644163, 41.263922992925494 ], [ 1.903231785181518, 41.254229229698367 ], [ 1.853751112838285, 41.234841703244129 ], [ 1.815516047845783, 41.236457330448644 ], [ 1.788526590204022, 41.22353231281248 ], [ 1.757038889621963, 41.218685431198921 ], [ 1.75254064668167, 41.218685431198921 ], [ 1.682817881107113, 41.20252915915372 ], [ 1.646831937584757, 41.194451023131116 ], [ 1.653579301995201, 41.207376040767279 ], [ 1.640084573174317, 41.234841703244129 ], [ 1.622091601413143, 41.22353231281248 ], [ 1.592853022301231, 41.233226076039607 ], [ 1.581607414950494, 41.236457330448644 ], [ 1.57036180759976, 41.260691738516456 ], [ 1.617593358472849, 41.252613602493852 ], [ 1.626589844353436, 41.268769874539053 ], [ 1.628838965823583, 41.294619909811381 ], [ 1.613095115532552, 41.284926146584262 ], [ 1.592853022301231, 41.293004282606859 ], [ 1.595102143771378, 41.309160554652067 ], [ 1.572610929069906, 41.317238690674671 ], [ 1.559116200249026, 41.343088725946998 ], [ 1.579358293480347, 41.356013743583162 ], [ 1.563614443189319, 41.368938761219326 ], [ 1.550119714368439, 41.368938761219326 ], [ 1.536624985547554, 41.385095033264527 ], [ 1.511884649375936, 41.394788796491653 ], [ 1.473649584383438, 41.380248151650967 ], [ 1.489393434674469, 41.399635678105213 ], [ 1.478147827323731, 41.423870086173018 ], [ 1.496140799084909, 41.435179476604659 ], [ 1.469151341443144, 41.444873239831786 ], [ 1.484895191734175, 41.472338902308636 ] ], [ [ 2.017936980159018, 42.108896020889688 ], [ 2.031431708979898, 42.126667920139418 ], [ 2.002193129867987, 42.125052292934896 ], [ 2.017936980159018, 42.108896020889688 ] ] ], [ [ [ 1.6918143669877, 42.104049139276128 ], [ 1.64458281611461, 42.112127275298732 ], [ 1.682817881107113, 42.113742902503255 ], [ 1.6918143669877, 42.104049139276128 ] ] ] ] } },
{ "type": "Feature", "properties": { "name": "Bizkaia", "id": 48 }, "geometry": { "type": "MultiPolygon", "coordinates": [ [ [ [ -3.179782737350735, 43.175209975873187 ], [ -3.197775709111911, 43.170363094259628 ], [ -3.209021316462646, 43.180056857486747 ], [ -3.222516045283529, 43.17197872146415 ], [ -3.254003745865587, 43.199444383941 ], [ -3.278744082037203, 43.194597502327433 ], [ -3.312480904089409, 43.17197872146415 ], [ -3.34171948320132, 43.167131839850583 ], [ -3.34846684761176, 43.15420682221442 ], [ -3.370958062313232, 43.150975567805382 ], [ -3.418189613186319, 43.133203668555659 ], [ -3.4316843420072, 43.165516212646068 ], [ -3.436182584947495, 43.197828756736477 ], [ -3.433933463477349, 43.205906892759074 ], [ -3.449677313768376, 43.236603809644969 ], [ -3.449677313768376, 43.236603809644969 ], [ -3.400196641425143, 43.246297572872088 ], [ -3.388951034074408, 43.264069472121818 ], [ -3.368708940843085, 43.275378862553453 ], [ -3.339470361731173, 43.278610116962497 ], [ -3.343968604671467, 43.294766389007705 ], [ -3.323726511440144, 43.293150761803183 ], [ -3.294487932328233, 43.30122889782578 ], [ -3.292238810858086, 43.289919507394139 ], [ -3.265249353216321, 43.29638201621222 ], [ -3.218017802343235, 43.286688252985101 ], [ -3.209021316462646, 43.283456998576057 ], [ -3.193277466171617, 43.297997643416743 ], [ -3.150544158238825, 43.307691406643869 ], [ -3.152793279708971, 43.352928968370435 ], [ -3.11680733618662, 43.349697713961397 ], [ -3.112309093246324, 43.361007104393039 ], [ -3.094316121485148, 43.362622731597561 ], [ -3.065077542373237, 43.35131334116592 ], [ -3.03358984179118, 43.34646645955236 ], [ -3.022344234440444, 43.327078933098107 ], [ -3.020095112970298, 43.325463305893592 ], [ -3.011098627089709, 43.336772696325234 ], [ -3.020095112970298, 43.357775849984002 ], [ -3.038088084731474, 43.372316494824688 ], [ -3.006600384149415, 43.383625885256329 ], [ -2.986358290918092, 43.39493527568797 ], [ -2.970614440627063, 43.412707174937694 ], [ -2.95037234739574, 43.411091547733179 ], [ -2.945874104455445, 43.412707174937694 ], [ -2.954870590336034, 43.42240093816482 ], [ -2.945874104455445, 43.435325955800984 ], [ -2.923382889753976, 43.436941583005506 ], [ -2.880649581821181, 43.436941583005506 ], [ -2.84466363829883, 43.432094701391939 ], [ -2.808677694776478, 43.430479074187417 ], [ -2.783937358604861, 43.445019719028103 ], [ -2.752449658022803, 43.456329109459745 ], [ -2.736705807731774, 43.42724781977838 ], [ -2.714214593030302, 43.417554056551253 ], [ -2.69397249979898, 43.406244666119612 ], [ -2.653488313336334, 43.411091547733179 ], [ -2.637744463045305, 43.412707174937694 ], [ -2.630997098634863, 43.398166530097015 ], [ -2.61075500540354, 43.391704021278926 ], [ -2.579267304821482, 43.386857139665366 ], [ -2.563523454530452, 43.391704021278926 ], [ -2.550028725709572, 43.373932122029203 ], [ -2.514042782187218, 43.377163376438247 ], [ -2.498298931896189, 43.362622731597561 ], [ -2.487053324545455, 43.364238358802083 ], [ -2.464562109843984, 43.338388323529756 ], [ -2.437572652202221, 43.333541441916196 ], [ -2.412832316030602, 43.320616424280033 ], [ -2.412832316030602, 43.320616424280033 ], [ -2.437572652202221, 43.299613270621265 ], [ -2.437572652202221, 43.286688252985101 ], [ -2.417330558970898, 43.267300726530856 ], [ -2.439821773672367, 43.251144454485654 ], [ -2.437572652202221, 43.24306631846305 ], [ -2.46006386690369, 43.226910046417842 ], [ -2.462312988373837, 43.223678792008805 ], [ -2.496049810426042, 43.225294419213327 ], [ -2.498298931896189, 43.212369401577163 ], [ -2.496049810426042, 43.207522519963597 ], [ -2.487053324545455, 43.201060011145515 ], [ -2.491551567485748, 43.181672484691269 ], [ -2.484804203075308, 43.17197872146415 ], [ -2.507295417776778, 43.165516212646068 ], [ -2.505046296306631, 43.155822449418942 ], [ -2.496049810426042, 43.123509905328532 ], [ -2.502797174836484, 43.094428615647168 ], [ -2.545530482769276, 43.087966106829086 ], [ -2.547779604239423, 43.087966106829086 ], [ -2.592762033642364, 43.081503598011004 ], [ -2.624249734224422, 43.084734852420041 ], [ -2.660235677746774, 43.0734254619884 ], [ -2.660235677746774, 43.065347325965796 ], [ -2.633246220105011, 43.044344172307035 ], [ -2.633246220105011, 43.020109764239223 ], [ -2.666983042157216, 43.031419154670871 ], [ -2.675979528037804, 43.026572273057312 ], [ -2.687225135388539, 43.021725391443745 ], [ -2.707467228619862, 43.029803527466349 ], [ -2.729958443321332, 43.023341018648267 ], [ -2.772691751254126, 43.028187900261827 ], [ -2.788435601545155, 43.034650409079909 ], [ -2.82217242359736, 43.036266036284431 ], [ -2.864905731530152, 43.052422308329632 ], [ -2.88964606770177, 43.04595979951155 ], [ -2.930130254164416, 43.071809834783878 ], [ -2.97286356209721, 43.094428615647168 ], [ -2.975112683567357, 43.099275497260727 ], [ -2.941375861515152, 43.131588041351137 ], [ -2.939126740045005, 43.1445130589873 ], [ -2.939126740045005, 43.146128686191823 ], [ -2.954870590336034, 43.159053703827986 ], [ -2.945874104455445, 43.170363094259628 ], [ -2.97286356209721, 43.186519366304836 ], [ -2.981860047977797, 43.202675638350037 ], [ -3.006600384149415, 43.196213129531955 ], [ -3.020095112970298, 43.210753774372641 ], [ -3.029091598850885, 43.205906892759074 ], [ -3.017845991500151, 43.181672484691269 ], [ -3.026842477380738, 43.160669331032508 ], [ -3.065077542373237, 43.155822449418942 ], [ -3.074074028253825, 43.146128686191823 ], [ -3.094316121485148, 43.150975567805382 ], [ -3.107810850306031, 43.142897431782778 ], [ -3.141547672358236, 43.160669331032508 ], [ -3.148295036768676, 43.173594348668672 ], [ -3.179782737350735, 43.175209975873187 ] ], [ [ -3.303484418208821, 43.257606963303729 ], [ -3.294487932328233, 43.24306631846305 ], [ -3.296737053798379, 43.205906892759074 ], [ -3.285491446447645, 43.197828756736477 ], [ -3.265249353216321, 43.205906892759074 ], [ -3.269747596156616, 43.233372555235924 ], [ -3.25175462439544, 43.246297572872088 ], [ -3.249505502925293, 43.259222590508251 ], [ -3.269747596156616, 43.267300726530856 ], [ -3.303484418208821, 43.257606963303729 ] ] ], [ [ [ -3.089817878544855, 43.000722237784984 ], [ -3.089817878544855, 43.008800373807581 ], [ -3.065077542373237, 43.023341018648267 ], [ -3.049333692082209, 43.04595979951155 ], [ -3.017845991500151, 43.037881663488953 ], [ -3.03358984179118, 43.023341018648267 ], [ -2.986358290918092, 43.012031628216626 ], [ -2.986358290918092, 42.99264410176238 ], [ -2.954870590336034, 42.999106610580462 ], [ -2.957119711806181, 42.994259728966895 ], [ -3.004351262679268, 42.982950338535254 ], [ -3.038088084731474, 42.982950338535254 ], [ -3.076323149723972, 43.008800373807581 ], [ -3.089817878544855, 43.000722237784984 ] ] ] ] } },
{ "type": "Feature", "properties": { "name": "Málaga", "id": 29 }, "geometry": { "type": "MultiPolygon", "coordinates": [ [ [ [ -5.341188470162017, 36.819332553289733 ], [ -5.332191984281428, 36.838720079743979 ], [ -5.300704283699369, 36.869416996629866 ], [ -5.289458676348636, 36.87264825103891 ], [ -5.269216583117313, 36.883957641470545 ], [ -5.266967461647164, 36.875879505447948 ], [ -5.230981518124812, 36.861338860607262 ], [ -5.221985032244225, 36.841951334153016 ], [ -5.170255238430844, 36.824179434903293 ], [ -5.13426929490849, 36.838720079743979 ], [ -5.111778080207021, 36.874263878243426 ], [ -5.10503071579658, 36.898498286311231 ], [ -5.087037744035404, 36.904960795129313 ], [ -5.091535986975698, 36.921117067174521 ], [ -5.109528958736874, 36.959892120083012 ], [ -5.096034229915992, 36.967970256105616 ], [ -5.114027201677168, 36.988973409764377 ], [ -5.143265780789079, 37.003514054605063 ], [ -5.123023687557756, 37.027748462672868 ], [ -5.111778080207021, 37.019670326650271 ], [ -5.082539501095109, 37.030979717081912 ], [ -5.053300921983199, 37.030979717081912 ], [ -5.026311464341434, 37.051982870740673 ], [ -4.988076399348936, 37.064907888376837 ], [ -4.95433957729673, 37.092373550853686 ], [ -4.929599241125112, 37.100451686876291 ], [ -4.90935714789379, 37.114992331716977 ], [ -4.902609783483349, 37.137611112580259 ], [ -4.943093969945995, 37.156998639034505 ], [ -4.938595727005701, 37.176386165488751 ], [ -4.904858904953496, 37.174770538284228 ], [ -4.898111540543054, 37.155383011829983 ], [ -4.875620325841584, 37.158614266239027 ], [ -4.857627354080408, 37.173154911079706 ], [ -4.853129111140115, 37.199004946352034 ], [ -4.823890532028203, 37.200620573556556 ], [ -4.828388774968497, 37.18607992871587 ], [ -4.785655467035705, 37.155383011829983 ], [ -4.760915130864086, 37.176386165488751 ], [ -4.731676551752175, 37.18607992871587 ], [ -4.709185337050705, 37.197389319147518 ], [ -4.727178308811881, 37.210314336783682 ], [ -4.731676551752175, 37.226470608828883 ], [ -4.718181822931294, 37.239395626465047 ], [ -4.733925673222322, 37.250705016896688 ], [ -4.720430944401441, 37.260398780123815 ], [ -4.691192365289529, 37.252320644101211 ], [ -4.652957300297031, 37.255551898510255 ], [ -4.646209935886588, 37.247473762487651 ], [ -4.616971356774677, 37.255551898510255 ], [ -4.596729263543354, 37.221623727215324 ], [ -4.601227506483648, 37.20869870957916 ], [ -4.569739805901591, 37.210314336783682 ], [ -4.560743320021002, 37.220008100010801 ], [ -4.533753862379237, 37.211929963988197 ], [ -4.497767918856885, 37.223239354419846 ], [ -4.488771432976298, 37.23131749044245 ], [ -4.491020554446445, 37.237779999260525 ], [ -4.470778461215122, 37.252320644101211 ], [ -4.446038125043504, 37.278170679373538 ], [ -4.416799545931593, 37.281401933782583 ], [ -4.383062723879387, 37.276555052169016 ], [ -4.378564480939094, 37.241011253669569 ], [ -4.385311845349536, 37.237779999260525 ], [ -4.369567995058507, 37.21354559119272 ], [ -4.329083808595859, 37.205467455170123 ], [ -4.329083808595859, 37.184464301511355 ], [ -4.308841715364537, 37.152151757420945 ], [ -4.286350500663067, 37.119839213330536 ], [ -4.281852257722772, 37.071370397194926 ], [ -4.272855771842185, 37.042289107513554 ], [ -4.272855771842185, 37.014823445036704 ], [ -4.252613678610862, 37.022901581059308 ], [ -4.22337509949895, 37.011592190627667 ], [ -4.214378613618361, 36.992204664173421 ], [ -4.191887398916892, 36.979279646537258 ], [ -4.167147062745274, 36.956660865673967 ], [ -4.140157605103511, 36.951813984060408 ], [ -4.137908483633364, 36.951813984060408 ], [ -4.099673418640863, 36.95342961126493 ], [ -4.090676932760276, 36.932426457606162 ], [ -4.054690989237924, 36.914654558356439 ], [ -4.050192746297629, 36.906576422333835 ], [ -4.043445381887189, 36.903345167924797 ], [ -3.991715588073808, 36.892035777493149 ], [ -3.971473494842485, 36.892035777493149 ], [ -3.928740186909691, 36.88234201426603 ], [ -3.92199282249925, 36.874263878243426 ], [ -3.890505121917192, 36.867801369425344 ], [ -3.874761271626163, 36.853260724584658 ], [ -3.843273571044104, 36.858107606198224 ], [ -3.81628411340234, 36.846798215766583 ], [ -3.81628411340234, 36.841951334153016 ], [ -3.791543777230723, 36.820948180494256 ], [ -3.769052562529254, 36.801560654040003 ], [ -3.766803441059107, 36.788635636403839 ], [ -3.782547291350134, 36.764401228336034 ], [ -3.778049048409841, 36.738551193063707 ], [ -3.791543777230723, 36.746629329086311 ], [ -3.834277085163517, 36.754707465108915 ], [ -3.865764785745574, 36.749860583495348 ], [ -3.879259514566456, 36.741782447472751 ], [ -3.910747215148515, 36.741782447472751 ], [ -3.957978766021602, 36.725626175427543 ], [ -4.000712073954396, 36.740166820268229 ], [ -4.041196260417042, 36.743398074677273 ], [ -4.059189232178218, 36.746629329086311 ], [ -4.083929568349836, 36.745013701881788 ], [ -4.110919025991599, 36.725626175427543 ], [ -4.173894427155716, 36.715932412200424 ], [ -4.232371585379537, 36.712701157791379 ], [ -4.31333995830483, 36.712701157791379 ], [ -4.39655745270027, 36.722394921018505 ], [ -4.43479251769277, 36.699776140155215 ], [ -4.455034610924093, 36.664232341655769 ], [ -4.475276704155416, 36.646460442406045 ], [ -4.509013526207621, 36.59960725347495 ], [ -4.542750348259826, 36.578604099816182 ], [ -4.589981899132914, 36.570525963793585 ], [ -4.60797487089409, 36.559216573361937 ], [ -4.630466085595559, 36.51882589324893 ], [ -4.639462571476148, 36.507516502817282 ], [ -4.6754485149985, 36.504285248408245 ], [ -4.691192365289529, 36.491360230772081 ], [ -4.731676551752175, 36.486513349158514 ], [ -4.769911616744675, 36.488128976363036 ], [ -4.855378232610262, 36.507516502817282 ], [ -4.898111540543054, 36.507516502817282 ], [ -4.934097484065406, 36.499438366794678 ], [ -5.006069371110112, 36.459047686681672 ], [ -5.033058828751875, 36.460663313886187 ], [ -5.06004828639364, 36.449353923454545 ], [ -5.082539501095109, 36.449353923454545 ], [ -5.107279837266727, 36.434813278613859 ], [ -5.13426929490849, 36.428350769795784 ], [ -5.154511388139815, 36.415425752159621 ], [ -5.177002602841284, 36.415425752159621 ], [ -5.206241181953196, 36.386344462478249 ], [ -5.221985032244225, 36.373419444842085 ], [ -5.246725368415841, 36.310409983865789 ], [ -5.253472732826284, 36.312025611070311 ], [ -5.2782130689979, 36.337875646342638 ], [ -5.320946376930694, 36.324950628706475 ], [ -5.320946376930694, 36.345953782365243 ], [ -5.334441105751575, 36.370188190433048 ], [ -5.334441105751575, 36.394422598500853 ], [ -5.343437591632163, 36.412194497750576 ], [ -5.354683198982899, 36.433197651409344 ], [ -5.395167385445545, 36.470357077113313 ], [ -5.410911235736574, 36.49620711238564 ], [ -5.413160357206721, 36.520441520453446 ], [ -5.431153328967897, 36.534982165294132 ], [ -5.491879608661867, 36.536597792498654 ], [ -5.523367309243925, 36.497822739590163 ], [ -5.559353252766277, 36.504285248408245 ], [ -5.572847981587159, 36.512363384430842 ], [ -5.597588317758776, 36.507516502817282 ], [ -5.606584803639365, 36.515594638839886 ], [ -5.611083046579658, 36.544675928521258 ], [ -5.599837439228923, 36.551138437339333 ], [ -5.543609402475248, 36.538213419703169 ], [ -5.536862038064807, 36.526904029271527 ], [ -5.503125216012602, 36.547907182930295 ], [ -5.48963048719172, 36.570525963793585 ], [ -5.462641029549955, 36.588297863043309 ], [ -5.455893665139515, 36.618994779929196 ], [ -5.437900693378339, 36.614147898315636 ], [ -5.399665628385838, 36.628688543156315 ], [ -5.383921778094809, 36.630304170360837 ], [ -5.323195498400841, 36.673926104882888 ], [ -5.325444619870987, 36.724010548223021 ], [ -5.296206040759076, 36.764401228336034 ], [ -5.291707797818782, 36.770863737154116 ], [ -5.318697255460545, 36.787020009199324 ], [ -5.341188470162017, 36.819332553289733 ] ] ] ] } },
{ "type": "Feature", "properties": { "name": "Huesca", "id": 22 }, "geometry": { "type": "MultiPolygon", "coordinates": [ [ [ [ -0.519072038166815, 41.72922362782738 ], [ -0.501079066405641, 41.761536171917797 ], [ -0.512324673756375, 41.78415495278108 ], [ -0.516822916696668, 41.827776887303131 ], [ -0.528068524047406, 41.853626922575458 ], [ -0.54606149580858, 41.861705058598062 ], [ -0.555057981689171, 41.871398821825181 ], [ -0.591043925211522, 41.881092585052308 ], [ -0.595542168151816, 41.897248857097509 ], [ -0.629278990204021, 41.911789501938195 ], [ -0.651770204905489, 41.947333300437649 ], [ -0.658517569315933, 41.957027063664768 ], [ -0.663015812256226, 41.95864269086929 ], [ -0.72824033489049, 41.960258318073812 ], [ -0.737236820771077, 41.953795809255723 ], [ -0.777721007233723, 41.957027063664768 ], [ -0.885678837800778, 42.003880252595863 ], [ -0.85419113721872, 42.021652151845586 ], [ -0.85644025868887, 42.053964695935996 ], [ -0.827201679576959, 42.08304598561736 ], [ -0.804710464875487, 42.095971003253524 ], [ -0.804710464875487, 42.073352222390241 ], [ -0.793464857524754, 42.053964695935996 ], [ -0.775471885763576, 42.055580323140518 ], [ -0.757478914002402, 42.092739748844487 ], [ -0.755229792532255, 42.108896020889688 ], [ -0.752980671062105, 42.131514801752978 ], [ -0.752980671062105, 42.134746056162015 ], [ -0.755229792532255, 42.152517955411739 ], [ -0.757478914002402, 42.165442973047902 ], [ -0.750731549591958, 42.173521109070506 ], [ -0.750731549591958, 42.200986771547356 ], [ -0.761977156942695, 42.231683688433243 ], [ -0.761977156942695, 42.234914942842288 ], [ -0.759728035472548, 42.263996232523652 ], [ -0.752980671062105, 42.263996232523652 ], [ -0.748482428121811, 42.276921250159816 ], [ -0.72824033489049, 42.297924403818584 ], [ -0.743984185181517, 42.341546338340635 ], [ -0.737236820771077, 42.370627628022007 ], [ -0.777721007233723, 42.391630781680767 ], [ -0.779970128703869, 42.386783900067208 ], [ -0.770973642823282, 42.346393219954194 ], [ -0.78671749311431, 42.306002539841188 ], [ -0.813706950756075, 42.263996232523652 ], [ -0.842945529867986, 42.283383758977898 ], [ -0.858689380159017, 42.275305622955301 ], [ -0.876682351920191, 42.281768131773376 ], [ -0.890177080741076, 42.263996232523652 ], [ -0.885678837800778, 42.244608706069407 ], [ -0.917166538382837, 42.255918096501048 ], [ -0.887927959270925, 42.286615013386943 ], [ -0.887927959270925, 42.302771285432144 ], [ -0.85644025868887, 42.33993071113612 ], [ -0.842945529867986, 42.36578074640844 ], [ -0.842945529867986, 42.386783900067208 ], [ -0.822703436636665, 42.385168272862686 ], [ -0.815956072226221, 42.394862036089812 ], [ -0.840696408397839, 42.398093290498849 ], [ -0.842945529867986, 42.407787053725976 ], [ -0.876682351920191, 42.417480816953095 ], [ -0.905920931032103, 42.43686834340734 ], [ -0.896924445151516, 42.461102751475153 ], [ -0.881180594860485, 42.456255869861586 ], [ -0.878931473390338, 42.46918088749775 ], [ -0.896924445151516, 42.480490277929391 ], [ -0.892426202211222, 42.509571567610763 ], [ -0.932910388673868, 42.506340313201719 ], [ -0.917166538382837, 42.537037230087613 ], [ -0.899173566621663, 42.538652857292135 ], [ -0.899173566621663, 42.559656010950896 ], [ -0.919415659852984, 42.554809129337336 ], [ -0.930661267203721, 42.570965401382537 ], [ -0.923913902793281, 42.58873730063226 ], [ -0.90817005250225, 42.587121673427745 ], [ -0.91491741691269, 42.601662318268424 ], [ -0.903671809561956, 42.612971708700073 ], [ -0.928412145733574, 42.656593643222124 ], [ -0.901422688091809, 42.656593643222124 ], [ -0.887927959270925, 42.667903033653765 ], [ -0.881180594860485, 42.693753068926092 ], [ -0.921664781323134, 42.700215577744174 ], [ -0.903671809561956, 42.71475622258486 ], [ -0.901422688091809, 42.74222188506171 ], [ -0.901422688091809, 42.759993784311433 ], [ -0.876682351920191, 42.758378157106911 ], [ -0.863187623099311, 42.769687547538553 ], [ -0.84744377280828, 42.785843819583761 ], [ -0.860938501629164, 42.802000091628969 ], [ -0.85419113721872, 42.82300324528773 ], [ -0.85644025868887, 42.847237653355535 ], [ -0.84744377280828, 42.847237653355535 ], [ -0.815956072226221, 42.874703315832384 ], [ -0.818205193696368, 42.902168978309234 ], [ -0.782219250174016, 42.92155650476348 ], [ -0.752980671062105, 42.924787759172517 ], [ -0.72824033489049, 42.919940877558957 ], [ -0.732738577830784, 42.897322096695675 ], [ -0.699001755778578, 42.879550197445944 ], [ -0.678759662547254, 42.884397079059511 ], [ -0.66076669078608, 42.863393925400743 ], [ -0.602289532562256, 42.832697008514856 ], [ -0.60004041109211, 42.805231346038006 ], [ -0.577549196390638, 42.808462600447044 ], [ -0.564054467569758, 42.798768837219924 ], [ -0.568552710510051, 42.780996937970201 ], [ -0.55280886021902, 42.777765683561157 ], [ -0.543812374338433, 42.793921955606365 ], [ -0.523570281107112, 42.798768837219924 ], [ -0.525819402577259, 42.810078227651566 ], [ -0.510075552286228, 42.824618872492252 ], [ -0.47858785170417, 42.810078227651566 ], [ -0.438103665241524, 42.797153210015402 ], [ -0.408865086129612, 42.808462600447044 ], [ -0.395370357308732, 42.798768837219924 ], [ -0.363882656726673, 42.816540736469648 ], [ -0.345889684965496, 42.837543890128416 ], [ -0.323398470264028, 42.834312635719371 ], [ -0.31215286291329, 42.848853280560057 ], [ -0.276166919390938, 42.835928262923893 ], [ -0.23793185439844, 42.808462600447044 ], [ -0.17720557470447, 42.785843819583761 ], [ -0.159212602943295, 42.798768837219924 ], [ -0.150216117062705, 42.769687547538553 ], [ -0.138970509711971, 42.766456293129515 ], [ -0.109731930600059, 42.734143749039106 ], [ -0.107482809129912, 42.721218731402942 ], [ -0.069247744137414, 42.717987476993898 ], [ -0.062500379726973, 42.695368696130615 ], [ -0.017517950324031, 42.685674932903495 ], [ 0.011720628787877, 42.69213744172157 ], [ 0.016218871728174, 42.701831204948697 ], [ 0.047706572310233, 42.695368696130615 ], [ 0.090439880243025, 42.716371849789383 ], [ 0.106183730534053, 42.709909340971301 ], [ 0.137671431116111, 42.722834358607464 ], [ 0.162411767287729, 42.724449985811987 ], [ 0.17590649610861, 42.73737500344815 ], [ 0.205145075220521, 42.729296867425546 ], [ 0.227636289921993, 42.717987476993898 ], [ 0.259123990504051, 42.716371849789383 ], [ 0.270369597854785, 42.69213744172157 ], [ 0.295109934026403, 42.672749915267332 ], [ 0.324348513138315, 42.687290560108011 ], [ 0.324348513138315, 42.705062459357734 ], [ 0.360334456660667, 42.724449985811987 ], [ 0.396320400183019, 42.700215577744174 ], [ 0.436804586645664, 42.688906187312533 ], [ 0.481787016048607, 42.700215577744174 ], [ 0.517772959570959, 42.69213744172157 ], [ 0.531267688391839, 42.701831204948697 ], [ 0.589744846615663, 42.695368696130615 ], [ 0.60548869690669, 42.698599950539659 ], [ 0.65946761219022, 42.690521814517055 ], [ 0.679709705421541, 42.666287406449243 ], [ 0.695453555712572, 42.658209270426646 ], [ 0.697702677182718, 42.629127980745274 ], [ 0.738186863645364, 42.612971708700073 ], [ 0.767425442757276, 42.611356081495551 ], [ 0.756179835406542, 42.564502892564462 ], [ 0.73368862070507, 42.54026848449665 ], [ 0.72019389188419, 42.512802822019808 ], [ 0.73368862070507, 42.504724685997203 ], [ 0.713446527473746, 42.48695278674748 ], [ 0.690955312772278, 42.48695278674748 ], [ 0.708948284533452, 42.45948712427063 ], [ 0.706699163063305, 42.449793361043504 ], [ 0.72019389188419, 42.428790207384736 ], [ 0.735937742175217, 42.414249562544057 ], [ 0.72694125629463, 42.404555799316931 ], [ 0.747183349525951, 42.385168272862686 ], [ 0.735937742175217, 42.375474509635566 ], [ 0.722443013354336, 42.36578074640844 ], [ 0.760678078346835, 42.357702610385843 ], [ 0.767425442757276, 42.349624474363239 ], [ 0.762927199816982, 42.348008847158717 ], [ 0.740435985115511, 42.336699456727075 ], [ 0.742685106585657, 42.327005693499956 ], [ 0.765176321287129, 42.322158811886389 ], [ 0.744934228055804, 42.301155658227628 ], [ 0.738186863645364, 42.281768131773376 ], [ 0.735937742175217, 42.254302469296533 ], [ 0.713446527473746, 42.223605552410646 ], [ 0.708948284533452, 42.204218025956393 ], [ 0.697702677182718, 42.171905481865991 ], [ 0.713446527473746, 42.162211718638865 ], [ 0.695453555712572, 42.150902328207223 ], [ 0.697702677182718, 42.126667920139418 ], [ 0.699951798652865, 42.10566476648065 ], [ 0.679709705421541, 42.074967849594763 ], [ 0.66621497660066, 42.041039678299832 ], [ 0.652720247779779, 42.026499033459146 ], [ 0.663965855130513, 42.015189643027504 ], [ 0.641474640429042, 41.982877098937095 ], [ 0.639225518958895, 41.994186489368737 ], [ 0.616734304257427, 41.987723980550655 ], [ 0.60548869690669, 41.960258318073812 ], [ 0.591993968085809, 41.969952081300931 ], [ 0.576250117794778, 41.955411436460246 ], [ 0.562755388973898, 41.932792655596963 ], [ 0.603239575436543, 41.923098892369836 ], [ 0.600990453966396, 41.908558247529157 ], [ 0.596492211026103, 41.892401975483949 ], [ 0.607737818376837, 41.871398821825181 ], [ 0.580748360735075, 41.863320685802584 ], [ 0.580748360735075, 41.850395668166421 ], [ 0.551509781623164, 41.848780040961898 ], [ 0.542513295742573, 41.819698751280526 ], [ 0.511025595160515, 41.821314378485049 ], [ 0.488534380459047, 41.805158106439848 ], [ 0.463794044287429, 41.763151799122312 ], [ 0.448050193996401, 41.764767426326834 ], [ 0.398569521653165, 41.755073663099708 ], [ 0.396320400183019, 41.732454882236425 ], [ 0.385074792832285, 41.740533018259029 ], [ 0.36483269960096, 41.711451728577657 ], [ 0.351337970780079, 41.701757965350538 ], [ 0.333344999018902, 41.688832947714374 ], [ 0.326597634608461, 41.662982912442047 ], [ 0.35808533519052, 41.63228599555616 ], [ 0.346839727839782, 41.622592232329033 ], [ 0.349088849309933, 41.59997345146575 ], [ 0.403067764593459, 41.593510942647669 ], [ 0.427808100765077, 41.601589078670273 ], [ 0.434555465175517, 41.593510942647669 ], [ 0.436804586645664, 41.585432806625064 ], [ 0.430057222235224, 41.564429652966297 ], [ 0.445801072526251, 41.541810872103014 ], [ 0.43230634370537, 41.532117108875887 ], [ 0.394071278712872, 41.490110801558359 ], [ 0.367081821071107, 41.485263919944799 ], [ 0.346839727839782, 41.488495174353837 ], [ 0.344590606369636, 41.461029511876987 ], [ 0.355836213720373, 41.452951375854383 ], [ 0.349088849309933, 41.427101340582063 ], [ 0.335594120489048, 41.407713814127817 ], [ 0.315352027257727, 41.417407577354936 ], [ 0.245629261683167, 41.428716967786585 ], [ 0.218639804041405, 41.402866932514257 ], [ 0.182653860519054, 41.394788796491653 ], [ 0.164660888757876, 41.406098186923295 ], [ 0.128674945235524, 41.388326287673571 ], [ 0.106183730534053, 41.351166861969602 ], [ 0.00947150731773, 41.360860625196722 ], [ -0.00402322150315, 41.388326287673571 ], [ -0.024265314734475, 41.396404423696168 ], [ -0.028763557674768, 41.37701689724193 ], [ -0.008521464443444, 41.347935607560558 ], [ -0.073745987077707, 41.37701689724193 ], [ -0.084991594428441, 41.431948222195622 ], [ -0.105233687659766, 41.485263919944799 ], [ -0.134472266771677, 41.522423345648768 ], [ -0.156963481473149, 41.535348363284932 ], [ -0.159212602943295, 41.585432806625064 ], [ -0.156963481473149, 41.590279688238624 ], [ -0.206444153816381, 41.601589078670273 ], [ -0.242430097338733, 41.572507788988901 ], [ -0.273917797920792, 41.590279688238624 ], [ -0.303156377032703, 41.608051587488347 ], [ -0.307654619972997, 41.620976605124511 ], [ -0.327896713204321, 41.624207859533556 ], [ -0.336893199084908, 41.630670368351637 ], [ -0.354886170846086, 41.63228599555616 ], [ -0.368380899666967, 41.682370438896292 ], [ -0.411114207599759, 41.701757965350538 ], [ -0.447100151122111, 41.706604846964098 ], [ -0.460594879942995, 41.714682982986702 ], [ -0.465093122883289, 41.714682982986702 ], [ -0.489833459054907, 41.732454882236425 ], [ -0.519072038166815, 41.72922362782738 ] ] ] ] } },
{ "type": "Feature", "properties": { "name": "Cádiz", "id": 11 }, "geometry": { "type": "MultiPolygon", "coordinates": [ [ [ [ -5.887724987407742, 36.846798215766583 ], [ -5.894472351818182, 36.851645097380143 ], [ -5.876479380057006, 36.895267031902193 ], [ -5.869732015646566, 36.893651404697671 ], [ -5.844991679474948, 36.914654558356439 ], [ -5.831496950654065, 36.916270185560961 ], [ -5.806756614482449, 36.924348321583558 ], [ -5.764023306549655, 36.92596394878808 ], [ -5.737033848907892, 36.917885812765476 ], [ -5.716791755676567, 36.919501439969999 ], [ -5.696549662445245, 36.9356577120152 ], [ -5.694300540975098, 36.956660865673967 ], [ -5.665061961863186, 36.976048392128213 ], [ -5.649318111572157, 36.955045238469452 ], [ -5.626826896870687, 36.955045238469452 ], [ -5.617830410990098, 36.940504593628766 ], [ -5.606584803639365, 36.950198356855886 ], [ -5.588591831878189, 36.946967102446848 ], [ -5.584093588937893, 36.914654558356439 ], [ -5.534612916594659, 36.893651404697671 ], [ -5.550356766885688, 36.922732694379036 ], [ -5.525616430714072, 36.937273339219722 ], [ -5.512121701893189, 36.95827649287849 ], [ -5.480634001311131, 36.972817137719176 ], [ -5.469388393960397, 36.992204664173421 ], [ -5.494128730132013, 37.011592190627667 ], [ -5.509872580423043, 37.03421097149095 ], [ -5.460391908079808, 37.042289107513554 ], [ -5.433402450438043, 37.051982870740673 ], [ -5.422156843087309, 37.011592190627667 ], [ -5.43565157190819, 36.990589036968899 ], [ -5.451395422199219, 36.982510900946295 ], [ -5.453644543669368, 36.961507747287527 ], [ -5.437900693378339, 36.9356577120152 ], [ -5.413160357206721, 36.940504593628766 ], [ -5.410911235736574, 36.956660865673967 ], [ -5.392918263975398, 36.972817137719176 ], [ -5.33893934869187, 37.005129681809585 ], [ -5.302953405169518, 37.037442225899994 ], [ -5.302953405169518, 37.019670326650271 ], [ -5.273714826057606, 36.990589036968899 ], [ -5.235479761065108, 36.940504593628766 ], [ -5.206241181953196, 36.961507747287527 ], [ -5.163507874020402, 36.98089527374178 ], [ -5.159009631080108, 36.988973409764377 ], [ -5.143265780789079, 37.003514054605063 ], [ -5.114027201677168, 36.988973409764377 ], [ -5.096034229915992, 36.967970256105616 ], [ -5.109528958736874, 36.959892120083012 ], [ -5.091535986975698, 36.921117067174521 ], [ -5.087037744035404, 36.904960795129313 ], [ -5.10503071579658, 36.898498286311231 ], [ -5.111778080207021, 36.874263878243426 ], [ -5.13426929490849, 36.838720079743979 ], [ -5.170255238430844, 36.824179434903293 ], [ -5.221985032244225, 36.841951334153016 ], [ -5.230981518124812, 36.861338860607262 ], [ -5.266967461647164, 36.875879505447948 ], [ -5.269216583117313, 36.883957641470545 ], [ -5.289458676348636, 36.87264825103891 ], [ -5.300704283699369, 36.869416996629866 ], [ -5.332191984281428, 36.838720079743979 ], [ -5.341188470162017, 36.819332553289733 ], [ -5.318697255460545, 36.787020009199324 ], [ -5.291707797818782, 36.770863737154116 ], [ -5.296206040759076, 36.764401228336034 ], [ -5.325444619870987, 36.724010548223021 ], [ -5.323195498400841, 36.673926104882888 ], [ -5.383921778094809, 36.630304170360837 ], [ -5.399665628385838, 36.628688543156315 ], [ -5.437900693378339, 36.614147898315636 ], [ -5.455893665139515, 36.618994779929196 ], [ -5.462641029549955, 36.588297863043309 ], [ -5.48963048719172, 36.570525963793585 ], [ -5.503125216012602, 36.547907182930295 ], [ -5.536862038064807, 36.526904029271527 ], [ -5.543609402475248, 36.538213419703169 ], [ -5.599837439228923, 36.551138437339333 ], [ -5.611083046579658, 36.544675928521258 ], [ -5.606584803639365, 36.515594638839886 ], [ -5.597588317758776, 36.507516502817282 ], [ -5.572847981587159, 36.512363384430842 ], [ -5.559353252766277, 36.504285248408245 ], [ -5.523367309243925, 36.497822739590163 ], [ -5.491879608661867, 36.536597792498654 ], [ -5.431153328967897, 36.534982165294132 ], [ -5.413160357206721, 36.520441520453446 ], [ -5.410911235736574, 36.49620711238564 ], [ -5.395167385445545, 36.470357077113313 ], [ -5.354683198982899, 36.433197651409344 ], [ -5.343437591632163, 36.412194497750576 ], [ -5.334441105751575, 36.394422598500853 ], [ -5.334441105751575, 36.370188190433048 ], [ -5.320946376930694, 36.345953782365243 ], [ -5.320946376930694, 36.324950628706475 ], [ -5.2782130689979, 36.337875646342638 ], [ -5.253472732826284, 36.312025611070311 ], [ -5.266967461647164, 36.300716220638662 ], [ -5.296206040759076, 36.24578489568497 ], [ -5.309700769579958, 36.237706759662366 ], [ -5.334441105751575, 36.181159807504152 ], [ -5.33893934869187, 36.153694145027302 ], [ -5.352434077512752, 36.152078517822787 ], [ -5.370427049273928, 36.16985041707251 ], [ -5.386170899564958, 36.179544180299629 ], [ -5.415409478676867, 36.181159807504152 ], [ -5.431153328967897, 36.173081671481555 ], [ -5.442398936318632, 36.158541026640869 ], [ -5.440149814848485, 36.127844109754975 ], [ -5.422156843087309, 36.132690991368541 ], [ -5.422156843087309, 36.119765973732378 ], [ -5.442398936318632, 36.1213816009369 ], [ -5.431153328967897, 36.110072210505251 ], [ -5.442398936318632, 36.089069056846483 ], [ -5.426655086027603, 36.082606548028409 ], [ -5.431153328967897, 36.07129715759676 ], [ -5.464890151020102, 36.050294003937992 ], [ -5.494128730132013, 36.050294003937992 ], [ -5.575097103057306, 36.014750205438546 ], [ -5.606584803639365, 36.009903323824986 ], [ -5.649318111572157, 36.051909631142514 ], [ -5.694300540975098, 36.0664502759832 ], [ -5.712293512736274, 36.058372139960596 ], [ -5.750528577728772, 36.07129715759676 ], [ -5.782016278310831, 36.087453429641968 ], [ -5.795511007131713, 36.077759666414842 ], [ -5.824749586243625, 36.103609701687169 ], [ -5.842742558004801, 36.126228482550459 ], [ -5.874230258586859, 36.156925399436346 ], [ -5.914714445049505, 36.184391061913196 ], [ -5.943953024161416, 36.186006689117718 ], [ -5.986686332094211, 36.177928553095114 ], [ -6.011426668265827, 36.186006689117718 ], [ -6.033917882967296, 36.181159807504152 ], [ -6.054159976198621, 36.205394215571957 ], [ -6.078900312370237, 36.244169268480448 ], [ -6.087896798250826, 36.265172422139216 ], [ -6.112637134422442, 36.292638084616065 ], [ -6.141875713534354, 36.295869339025103 ], [ -6.162117806765677, 36.331413137524557 ], [ -6.182359899997, 36.368572563228525 ], [ -6.211598479108911, 36.387960089682771 ], [ -6.234089693810381, 36.434813278613859 ], [ -6.24308617969097, 36.444507041840986 ], [ -6.285819487623762, 36.515594638839886 ], [ -6.306061580855086, 36.536597792498654 ], [ -6.279072123213322, 36.530135283680572 ], [ -6.258830029981999, 36.499438366794678 ], [ -6.265577394392439, 36.489744603567559 ], [ -6.254331787041705, 36.468741449908791 ], [ -6.22734232939994, 36.467125822704276 ], [ -6.213847600579058, 36.481666467544954 ], [ -6.193605507347735, 36.486513349158514 ], [ -6.180110778526853, 36.507516502817282 ], [ -6.173363414116412, 36.522057147657968 ], [ -6.200352871758176, 36.52851965647605 ], [ -6.209349357638764, 36.509132130021804 ], [ -6.231840572340234, 36.504285248408245 ], [ -6.256580908511852, 36.520441520453446 ], [ -6.254331787041705, 36.530135283680572 ], [ -6.231840572340234, 36.52851965647605 ], [ -6.222844086459647, 36.568910336589063 ], [ -6.240837058220823, 36.585066608634264 ], [ -6.265577394392439, 36.580219727020705 ], [ -6.279072123213322, 36.60445413508851 ], [ -6.299314216444644, 36.615763525520151 ], [ -6.339798402907292, 36.625457288747278 ], [ -6.355542253198321, 36.615763525520151 ], [ -6.39377731819082, 36.633535424769882 ], [ -6.39377731819082, 36.648076069610568 ], [ -6.420766775832584, 36.688466749723574 ], [ -6.441008869063907, 36.720779293813983 ], [ -6.443257990534054, 36.738551193063707 ], [ -6.396026439660966, 36.762785601131512 ], [ -6.362289617608761, 36.78378875479028 ], [ -6.364538739078908, 36.790251263608361 ], [ -6.346545767317732, 36.796713772426443 ], [ -6.351044010258025, 36.861338860607262 ], [ -6.346545767317732, 36.888804523084112 ], [ -6.330801917026703, 36.898498286311231 ], [ -6.299314216444644, 36.906576422333835 ], [ -6.279072123213322, 36.911423303947394 ], [ -6.258830029981999, 36.895267031902193 ], [ -6.231840572340234, 36.898498286311231 ], [ -6.157619563825383, 36.885573268675067 ], [ -6.121633620303031, 36.864570115016306 ], [ -6.081149433840384, 36.85487635178918 ], [ -5.973191603273328, 36.843566961357539 ], [ -5.94170390269127, 36.851645097380143 ], [ -5.92596005240024, 36.853260724584658 ], [ -5.889974108877889, 36.841951334153016 ], [ -5.887724987407742, 36.846798215766583 ] ] ] ] } },
{ "type": "Feature", "properties": { "name": "Ávila", "id": 5 }, "geometry": { "type": "MultiPolygon", "coordinates": [ [ [ [ -5.462641029549955, 40.491653189164722 ], [ -5.451395422199219, 40.49488444357376 ], [ -5.446897179258926, 40.520734478846087 ], [ -5.433402450438043, 40.533659496482251 ], [ -5.426655086027603, 40.556278277345534 ], [ -5.431153328967897, 40.567587667777175 ], [ -5.507623458952896, 40.548200141322937 ], [ -5.525616430714072, 40.540122005300333 ], [ -5.527865552184219, 40.554662650141012 ], [ -5.516619944833483, 40.577281431004302 ], [ -5.509872580423043, 40.590206448640465 ], [ -5.498626973072307, 40.582128312617861 ], [ -5.446897179258926, 40.578897058208824 ], [ -5.415409478676867, 40.609593975094711 ], [ -5.408662114266427, 40.609593975094711 ], [ -5.397416506915691, 40.614440856708271 ], [ -5.381672656624662, 40.630597128753479 ], [ -5.365928806333633, 40.648369028003202 ], [ -5.386170899564958, 40.66937218166197 ], [ -5.36817792780378, 40.680681572093611 ], [ -5.341188470162017, 40.687144080911693 ], [ -5.327693741341134, 40.704915980161417 ], [ -5.307451648109812, 40.706531607365939 ], [ -5.253472732826284, 40.733997269842789 ], [ -5.25572185429643, 40.738844151456348 ], [ -5.215237667833783, 40.758231677910594 ], [ -5.219735910774078, 40.77277232275128 ], [ -5.179251724311431, 40.797006730819085 ], [ -5.177002602841284, 40.805084866841682 ], [ -5.159009631080108, 40.819625511682368 ], [ -5.168006116960695, 40.840628665341136 ], [ -5.163507874020402, 40.864863073408941 ], [ -5.163507874020402, 40.868094327817985 ], [ -5.12752193049805, 40.900406871908395 ], [ -5.116276323147314, 40.902022499112917 ], [ -5.111778080207021, 40.914947516749081 ], [ -5.12752193049805, 40.948875688044005 ], [ -5.12752193049805, 40.953722569657572 ], [ -5.116276323147314, 40.953722569657572 ], [ -5.098283351386138, 40.977956977725377 ], [ -5.089286865505551, 40.997344504179623 ], [ -5.107279837266727, 41.029657048270025 ], [ -5.141016659318932, 41.037735184292629 ], [ -5.145514902259226, 41.044197693110711 ], [ -5.152262266669668, 41.08135711881468 ], [ -5.129771051968197, 41.105591526882492 ], [ -5.125272809027903, 41.131441562154819 ], [ -5.100532472856285, 41.14759783420002 ], [ -5.075792136684669, 41.139519698177423 ], [ -5.048802679042904, 41.142750952586461 ], [ -5.021813221401141, 41.154060343018102 ], [ -5.012816735520552, 41.163754106245229 ], [ -4.990325520819082, 41.160522851836184 ], [ -4.967834306117611, 41.152444715813587 ], [ -4.958837820237024, 41.139519698177423 ], [ -4.949841334356435, 41.141135325381939 ], [ -4.911606269363936, 41.120132171723171 ], [ -4.90935714789379, 41.118516544518656 ], [ -4.864374718490849, 41.094282136450843 ], [ -4.855378232610262, 41.100744645268932 ], [ -4.828388774968497, 41.09912901806441 ], [ -4.814894046147614, 41.10397589967797 ], [ -4.812644924677468, 41.129825934950297 ], [ -4.785655467035705, 41.144366579790983 ], [ -4.722680065871588, 41.149213461404543 ], [ -4.715932701461146, 41.133057189359334 ], [ -4.724929187341735, 41.123363426132215 ], [ -4.715932701461146, 41.107207154087007 ], [ -4.706936215580559, 41.089435254837284 ], [ -4.715932701461146, 41.07166335558756 ], [ -4.702437972640265, 41.052275829133315 ], [ -4.659704664707471, 41.040966438701673 ], [ -4.659704664707471, 41.040966438701673 ], [ -4.639462571476148, 41.029657048270025 ], [ -4.623718721185119, 41.007038267406742 ], [ -4.616971356774677, 41.003807012997697 ], [ -4.612473113834383, 40.987650740952496 ], [ -4.596729263543354, 40.965031960089213 ], [ -4.565241562961296, 40.956953824066609 ], [ -4.567490684431442, 40.945644433634968 ], [ -4.558494198550855, 40.940797552021408 ], [ -4.558494198550855, 40.916563143953596 ], [ -4.551746834140415, 40.906869380726476 ], [ -4.558494198550855, 40.885866227067709 ], [ -4.533753862379237, 40.864863073408941 ], [ -4.558494198550855, 40.839013038136613 ], [ -4.54724859120012, 40.82608802050045 ], [ -4.497767918856885, 40.834166156523054 ], [ -4.473027582685269, 40.800237985228122 ], [ -4.482024068565856, 40.792159849205518 ], [ -4.455034610924093, 40.755000423501556 ], [ -4.432543396222622, 40.742075405865393 ], [ -4.43479251769277, 40.716225370593065 ], [ -4.419048667401741, 40.654831536821284 ], [ -4.419048667401741, 40.633828383162516 ], [ -4.387560966819683, 40.635444010367038 ], [ -4.365069752118211, 40.637059637571561 ], [ -4.333582051536153, 40.637059637571561 ], [ -4.320087322715272, 40.648369028003202 ], [ -4.288599622133214, 40.653215909616762 ], [ -4.257111921551155, 40.651600282412247 ], [ -4.254862800081009, 40.661294045639366 ], [ -4.275104893312331, 40.677450317684574 ], [ -4.252613678610862, 40.688759708116216 ], [ -4.187389155976598, 40.695222216934297 ], [ -4.160399698334833, 40.690375335320738 ], [ -4.171645305685569, 40.680681572093611 ], [ -4.167147062745274, 40.648369028003202 ], [ -4.173894427155716, 40.630597128753479 ], [ -4.160399698334833, 40.624134619935397 ], [ -4.214378613618361, 40.606362720685667 ], [ -4.261610164491449, 40.604747093481151 ], [ -4.270606650372038, 40.628981501548957 ], [ -4.290848743603361, 40.627365874344434 ], [ -4.288599622133214, 40.606362720685667 ], [ -4.279603136252625, 40.604747093481151 ], [ -4.288599622133214, 40.564356413368138 ], [ -4.324585565655566, 40.546584514118415 ], [ -4.322336444185419, 40.51750322443705 ], [ -4.326834687125713, 40.509425088414446 ], [ -4.317838201245126, 40.457725017869791 ], [ -4.324585565655566, 40.459340645074306 ], [ -4.338080294476448, 40.431874982597463 ], [ -4.324585565655566, 40.4189499649613 ], [ -4.320087322715272, 40.410871828938696 ], [ -4.398806574170417, 40.410871828938696 ], [ -4.421297788871888, 40.406024947325136 ], [ -4.441539882103211, 40.388253048075413 ], [ -4.439290760633064, 40.351093622371437 ], [ -4.461781975334533, 40.339784231939795 ], [ -4.452785489453946, 40.333321723121713 ], [ -4.455034610924093, 40.318781078281027 ], [ -4.473027582685269, 40.32039670548555 ], [ -4.504515283267327, 40.31554982387199 ], [ -4.527006497968797, 40.344631113553355 ], [ -4.54724859120012, 40.341399859144317 ], [ -4.544999469729973, 40.330090468712669 ], [ -4.529255619438944, 40.292931043008707 ], [ -4.556245077080709, 40.276774770963499 ], [ -4.556245077080709, 40.265465380531857 ], [ -4.569739805901591, 40.257387244509253 ], [ -4.558494198550855, 40.234768463645963 ], [ -4.565241562961296, 40.218612191600762 ], [ -4.578736291782178, 40.21699656439624 ], [ -4.616971356774677, 40.199224665146517 ], [ -4.657455543237324, 40.199224665146517 ], [ -4.673199393528353, 40.208918428373636 ], [ -4.679946757938794, 40.207302801169121 ], [ -4.686694122349236, 40.210534055578158 ], [ -4.686694122349236, 40.249309108486649 ], [ -4.700188851170116, 40.257387244509253 ], [ -4.69793972969997, 40.281621652577059 ], [ -4.727178308811881, 40.273543516554454 ], [ -4.74292215910291, 40.275159143758977 ], [ -4.760915130864086, 40.260618498918291 ], [ -4.803648438796881, 40.275159143758977 ], [ -4.817143167617761, 40.255771617304731 ], [ -4.805897560267027, 40.234768463645963 ], [ -4.81939228908791, 40.231537209236926 ], [ -4.835136139378939, 40.21214968278268 ], [ -4.84863086819982, 40.208918428373636 ], [ -4.859876475550555, 40.202455919555561 ], [ -4.895862419072907, 40.184684020305831 ], [ -4.925100998184819, 40.170143375465145 ], [ -4.922851876714672, 40.14106208578378 ], [ -4.945343091416142, 40.132983949761176 ], [ -4.949841334356435, 40.132983949761176 ], [ -4.95433957729673, 40.121674559329534 ], [ -5.012816735520552, 40.111980796102415 ], [ -5.006069371110112, 40.126521440943094 ], [ -5.017314978460846, 40.158833985033503 ], [ -5.055550043453346, 40.149140221806384 ], [ -5.06679565080408, 40.150755849010906 ], [ -5.100532472856285, 40.126521440943094 ], [ -5.143265780789079, 40.090977642443647 ], [ -5.165756995490549, 40.089362015239125 ], [ -5.181500845781578, 40.087746388034603 ], [ -5.199493817542754, 40.081283879216521 ], [ -5.21073942489349, 40.105518287284326 ], [ -5.248974489885988, 40.108749541693371 ], [ -5.293956919288929, 40.110365168897893 ], [ -5.316448133990399, 40.107133914488848 ], [ -5.336690227221723, 40.115212050511452 ], [ -5.36817792780378, 40.16368086664707 ], [ -5.363679684863486, 40.178221511487749 ], [ -5.370427049273928, 40.215380937191725 ], [ -5.359181441923193, 40.225074700418844 ], [ -5.343437591632163, 40.263849753327335 ], [ -5.395167385445545, 40.250924735691171 ], [ -5.42890420749775, 40.252540362895694 ], [ -5.440149814848485, 40.233152836441448 ], [ -5.467139272490249, 40.223459073214322 ], [ -5.471637515430544, 40.207302801169121 ], [ -5.487381365721573, 40.204071546760076 ], [ -5.49637785160216, 40.199224665146517 ], [ -5.51886906630363, 40.197609037941994 ], [ -5.530114673654365, 40.194377783532957 ], [ -5.597588317758776, 40.21699656439624 ], [ -5.611083046579658, 40.215380937191725 ], [ -5.624577775400541, 40.247693481282127 ], [ -5.649318111572157, 40.249309108486649 ], [ -5.656065475982599, 40.270312262145417 ], [ -5.692051419504951, 40.291315415804185 ], [ -5.737033848907892, 40.294546670213222 ], [ -5.714542634206421, 40.325243587099109 ], [ -5.689802298034804, 40.338168604735273 ], [ -5.685304055094509, 40.343015486348833 ], [ -5.674058447743775, 40.347862367962399 ], [ -5.685304055094509, 40.355940503984996 ], [ -5.678556690684069, 40.38663742087089 ], [ -5.692051419504951, 40.422181219370337 ], [ -5.683054933624362, 40.423796846574859 ], [ -5.64032162569157, 40.451262509051709 ], [ -5.622328653930394, 40.465803153892395 ], [ -5.590840953348335, 40.46741878109691 ], [ -5.561602374236424, 40.477112544324036 ], [ -5.559353252766277, 40.46741878109691 ], [ -5.572847981587159, 40.448031254642665 ], [ -5.545858523945395, 40.423796846574859 ], [ -5.512121701893189, 40.428643728188419 ], [ -5.521118187773778, 40.446415627438142 ], [ -5.507623458952896, 40.462571899483351 ], [ -5.480634001311131, 40.456109390665269 ], [ -5.464890151020102, 40.465803153892395 ], [ -5.462641029549955, 40.485190680346633 ], [ -5.462641029549955, 40.491653189164722 ] ] ] ] } },
{ "type": "Feature", "properties": { "name": "Córdoba", "id": 14 }, "geometry": { "type": "MultiPolygon", "coordinates": [ [ [ [ -4.284101379192919, 38.003587294203221 ], [ -4.259361043021302, 37.958349732476648 ], [ -4.259361043021302, 37.934115324408843 ], [ -4.266108407431743, 37.911496543545553 ], [ -4.279603136252625, 37.875952745046106 ], [ -4.277354014782478, 37.856565218591861 ], [ -4.284101379192919, 37.81779016568337 ], [ -4.279603136252625, 37.793555757615565 ], [ -4.212129492148215, 37.782246367183923 ], [ -4.207631249207921, 37.777399485570356 ], [ -4.225624220969097, 37.761243213525155 ], [ -4.236869828319833, 37.738624432661865 ], [ -4.239118949789979, 37.719236906207627 ], [ -4.182890913036303, 37.706311888571463 ], [ -4.164897941275127, 37.682077480503651 ], [ -4.187389155976598, 37.670768090072009 ], [ -4.227873342439244, 37.640071173186122 ], [ -4.218876856558657, 37.627146155549958 ], [ -4.203133006267628, 37.615836765118317 ], [ -4.182890913036303, 37.615836765118317 ], [ -4.16264881980498, 37.599680493073109 ], [ -4.160399698334833, 37.573830457800781 ], [ -4.122164633342335, 37.554442931346536 ], [ -4.099673418640863, 37.530208523278731 ], [ -4.09517517570057, 37.509205369619963 ], [ -4.059189232178218, 37.505974115210925 ], [ -4.08842781129013, 37.48658658875668 ], [ -4.0726839609991, 37.473661571120516 ], [ -4.047943624827482, 37.467199062302434 ], [ -4.016455924245424, 37.417114618962302 ], [ -4.000712073954396, 37.402573974121616 ], [ -4.032199774536453, 37.405805228530653 ], [ -4.097424297170717, 37.399342719712571 ], [ -4.126662876282628, 37.37833956605381 ], [ -4.16264881980498, 37.341180140349834 ], [ -4.209880370678068, 37.352489530781483 ], [ -4.239118949789979, 37.328255122713671 ], [ -4.236869828319833, 37.297558205827784 ], [ -4.259361043021302, 37.252320644101211 ], [ -4.254862800081009, 37.229701863237928 ], [ -4.295346986543654, 37.199004946352034 ], [ -4.329083808595859, 37.184464301511355 ], [ -4.329083808595859, 37.205467455170123 ], [ -4.369567995058507, 37.21354559119272 ], [ -4.385311845349536, 37.237779999260525 ], [ -4.378564480939094, 37.241011253669569 ], [ -4.383062723879387, 37.276555052169016 ], [ -4.416799545931593, 37.281401933782583 ], [ -4.446038125043504, 37.278170679373538 ], [ -4.470778461215122, 37.252320644101211 ], [ -4.491020554446445, 37.237779999260525 ], [ -4.488771432976298, 37.23131749044245 ], [ -4.497767918856885, 37.223239354419846 ], [ -4.533753862379237, 37.211929963988197 ], [ -4.560743320021002, 37.220008100010801 ], [ -4.569739805901591, 37.210314336783682 ], [ -4.601227506483648, 37.20869870957916 ], [ -4.596729263543354, 37.221623727215324 ], [ -4.616971356774677, 37.255551898510255 ], [ -4.646209935886588, 37.247473762487651 ], [ -4.652957300297031, 37.255551898510255 ], [ -4.661953786177618, 37.283017560987105 ], [ -4.679946757938794, 37.28948006980518 ], [ -4.68219587940894, 37.323408241100111 ], [ -4.66870115058806, 37.323408241100111 ], [ -4.702437972640265, 37.347642649167916 ], [ -4.715932701461146, 37.358952039599558 ], [ -4.729427430282028, 37.33471763153176 ], [ -4.76541337380438, 37.337948885940797 ], [ -4.781157224095409, 37.328255122713671 ], [ -4.817143167617761, 37.354105157985998 ], [ -4.82613965349835, 37.37833956605381 ], [ -4.850879989669966, 37.410652110144213 ], [ -4.837385260849086, 37.421961500575861 ], [ -4.839634382319232, 37.434886518212025 ], [ -4.884616811722172, 37.438117772621062 ], [ -4.875620325841584, 37.451042790257226 ], [ -4.902609783483349, 37.467199062302434 ], [ -4.934097484065406, 37.520514760051611 ], [ -4.947592212886288, 37.520514760051611 ], [ -4.931848362595259, 37.546364795323939 ], [ -4.934097484065406, 37.601296120277631 ], [ -4.931848362595259, 37.615836765118317 ], [ -4.940844848475848, 37.620683646731877 ], [ -4.965585184647464, 37.61098988350475 ], [ -4.95433957729673, 37.652996190822286 ], [ -4.98357815640864, 37.678846226094613 ], [ -4.99932200669967, 37.706311888571463 ], [ -5.017314978460846, 37.711158770185023 ], [ -5.048802679042904, 37.717621279003104 ], [ -5.089286865505551, 37.695002498139814 ], [ -5.093785108445845, 37.675614971685569 ], [ -5.114027201677168, 37.701465006957896 ], [ -5.129771051968197, 37.698233752548859 ], [ -5.111778080207021, 37.680461853299136 ], [ -5.107279837266727, 37.662689954049405 ], [ -5.136518416378639, 37.667536835662972 ], [ -5.150013145199519, 37.661074326844883 ], [ -5.177002602841284, 37.680461853299136 ], [ -5.246725368415841, 37.641686800390644 ], [ -5.273714826057606, 37.625530528345436 ], [ -5.300704283699369, 37.622299273936392 ], [ -5.323195498400841, 37.61098988350475 ], [ -5.347935834572457, 37.585139848232423 ], [ -5.356932320453046, 37.585139848232423 ], [ -5.359181441923193, 37.606143001891191 ], [ -5.381672656624662, 37.61098988350475 ], [ -5.390669142505251, 37.623914901140914 ], [ -5.413160357206721, 37.648149309208719 ], [ -5.392918263975398, 37.656227445231323 ], [ -5.408662114266427, 37.659458699640368 ], [ -5.410911235736574, 37.683693107708173 ], [ -5.390669142505251, 37.698233752548859 ], [ -5.374925292214222, 37.678846226094613 ], [ -5.361430563393339, 37.698233752548859 ], [ -5.336690227221723, 37.706311888571463 ], [ -5.325444619870987, 37.691771243730777 ], [ -5.311949891050105, 37.698233752548859 ], [ -5.307451648109812, 37.73700880545735 ], [ -5.318697255460545, 37.758011959116118 ], [ -5.309700769579958, 37.774168231161319 ], [ -5.329942862811281, 37.782246367183923 ], [ -5.350184956042604, 37.79517138482008 ], [ -5.33893934869187, 37.833946437728571 ], [ -5.350184956042604, 37.843640200955697 ], [ -5.381672656624662, 37.851718336978301 ], [ -5.408662114266427, 37.866258981818987 ], [ -5.419907721617163, 37.89372464429583 ], [ -5.413160357206721, 37.898571525909389 ], [ -5.424405964557456, 37.927652815590761 ], [ -5.415409478676867, 37.942193460431447 ], [ -5.451395422199219, 37.966427868499252 ], [ -5.469388393960397, 37.971274750112812 ], [ -5.494128730132013, 38.000356039794184 ], [ -5.48963048719172, 38.029437329475549 ], [ -5.49637785160216, 38.042362347111712 ], [ -5.539111159534954, 38.082753027224726 ], [ -5.539111159534954, 38.094062417656367 ], [ -5.55710413129613, 38.108603062497053 ], [ -5.581844467467747, 38.115065571315135 ], [ -5.584093588937893, 38.131221843360336 ], [ -5.575097103057306, 38.150609369814582 ], [ -5.559353252766277, 38.14899374261006 ], [ -5.539111159534954, 38.161918760246223 ], [ -5.539111159534954, 38.200693813154714 ], [ -5.521118187773778, 38.207156321972803 ], [ -5.525616430714072, 38.263703274131018 ], [ -5.541360281005101, 38.278243918971697 ], [ -5.554855009825983, 38.317018971880188 ], [ -5.575097103057306, 38.328328362311836 ], [ -5.559353252766277, 38.367103415220328 ], [ -5.584093588937893, 38.386490941674566 ], [ -5.572847981587159, 38.423650367378542 ], [ -5.552605888355837, 38.44465352103731 ], [ -5.523367309243925, 38.459194165877989 ], [ -5.485132244251425, 38.462425420287033 ], [ -5.478384879840984, 38.485044201150316 ], [ -5.464890151020102, 38.488275455559361 ], [ -5.451395422199219, 38.49796921878648 ], [ -5.410911235736574, 38.520587999649763 ], [ -5.415409478676867, 38.530281762876889 ], [ -5.395167385445545, 38.54643803492209 ], [ -5.383921778094809, 38.539975526104016 ], [ -5.390669142505251, 38.562594306967299 ], [ -5.370427049273928, 38.578750579012507 ], [ -5.356932320453046, 38.585213087830581 ], [ -5.307451648109812, 38.578750579012507 ], [ -5.309700769579958, 38.594906851057708 ], [ -5.293956919288929, 38.609447495898394 ], [ -5.253472732826284, 38.625603767943595 ], [ -5.237728882535254, 38.641760039988803 ], [ -5.21073942489349, 38.653069430420445 ], [ -5.208490303423343, 38.66761007526113 ], [ -5.183749967251725, 38.659531939238526 ], [ -5.183749967251725, 38.675688211283727 ], [ -5.168006116960695, 38.67730383848825 ], [ -5.183749967251725, 38.719310145805778 ], [ -5.170255238430844, 38.712847636987703 ], [ -5.118525444617461, 38.716078891396741 ], [ -5.100532472856285, 38.708000755374137 ], [ -5.062297407863786, 38.724157027419345 ], [ -5.046553557572757, 38.729003909032905 ], [ -5.024062342871288, 38.725772654623867 ], [ -5.001571128169816, 38.708000755374137 ], [ -5.003820249639965, 38.69507573773798 ], [ -4.943093969945995, 38.682150720101816 ], [ -4.877869447311731, 38.685381974510854 ], [ -4.868872961431144, 38.680535092897294 ], [ -4.866623839960996, 38.659531939238526 ], [ -4.862125597020702, 38.617525631920998 ], [ -4.814894046147614, 38.594906851057708 ], [ -4.785655467035705, 38.59652247826223 ], [ -4.738423916162617, 38.577134951807984 ], [ -4.731676551752175, 38.57390369739894 ], [ -4.709185337050705, 38.572288070194418 ], [ -4.704687094110412, 38.554516170944694 ], [ -4.666452029117911, 38.54643803492209 ], [ -4.621469599714972, 38.523819254058807 ], [ -4.610223992364237, 38.496353591581958 ], [ -4.562992441491149, 38.489891082763876 ], [ -4.558494198550855, 38.476966065127712 ], [ -4.540501226789679, 38.481812946741272 ], [ -4.536002983849386, 38.470503556309637 ], [ -4.513511769147915, 38.464041047491548 ], [ -4.502266161797181, 38.451116029855385 ], [ -4.493269675916592, 38.441422266628265 ], [ -4.448287246513651, 38.401031586515252 ], [ -4.43479251769277, 38.402647213719774 ], [ -4.410052181521152, 38.384875314470051 ], [ -4.394308331230123, 38.386490941674566 ], [ -4.320087322715272, 38.362256533606761 ], [ -4.286350500663067, 38.342869007152515 ], [ -4.268357528901891, 38.347715888766075 ], [ -4.236869828319833, 38.341253379948 ], [ -4.239118949789979, 38.320250226289232 ], [ -4.227873342439244, 38.300862699834987 ], [ -4.209880370678068, 38.300862699834987 ], [ -4.216627735088508, 38.245931374881295 ], [ -4.194136520387039, 38.231390730040609 ], [ -4.198634763327332, 38.212003203586363 ], [ -4.167147062745274, 38.173228150677872 ], [ -4.160399698334833, 38.145762488201022 ], [ -4.176143548625863, 38.131221843360336 ], [ -4.194136520387039, 38.127990588951299 ], [ -4.212129492148215, 38.09567804486089 ], [ -4.232371585379537, 38.082753027224726 ], [ -4.236869828319833, 38.061749873565958 ], [ -4.248115435670567, 38.069828009588562 ], [ -4.250364557140713, 38.039131092702675 ], [ -4.268357528901891, 38.04074671990719 ], [ -4.259361043021302, 38.022974820657467 ], [ -4.281852257722772, 38.022974820657467 ], [ -4.284101379192919, 38.003587294203221 ] ] ], [ [ [ -5.019564099930994, 37.591602357050505 ], [ -5.030809707281728, 37.61098988350475 ], [ -5.048802679042904, 37.607758629095713 ], [ -5.039806193162317, 37.625530528345436 ], [ -5.084788622565256, 37.64330242759516 ], [ -5.053300921983199, 37.641686800390644 ], [ -5.046553557572757, 37.631993037163518 ], [ -5.030809707281728, 37.641686800390644 ], [ -5.033058828751875, 37.623914901140914 ], [ -5.019564099930994, 37.591602357050505 ] ] ] ] } },
{ "type": "Feature", "properties": { "name": "Palencia", "id": 34 }, "geometry": { "type": "MultiPolygon", "coordinates": [ [ [ [ -4.047943624827482, 42.03942405109531 ], [ -4.045694503357335, 42.050733441526958 ], [ -3.982719102193219, 42.050733441526958 ], [ -3.971473494842485, 42.032961542277228 ], [ -3.993964709543954, 42.005495879800378 ], [ -4.014206802775277, 41.999033370982303 ], [ -4.029950653066306, 41.976414590119013 ], [ -4.032199774536453, 41.953795809255723 ], [ -4.018705045715572, 41.95864269086929 ], [ -3.991715588073808, 41.960258318073812 ], [ -3.955729644551456, 41.981261471732573 ], [ -3.910747215148515, 41.997417743777781 ], [ -3.890505121917192, 41.997417743777781 ], [ -3.892754243387339, 41.957027063664768 ], [ -3.935487551320133, 41.957027063664768 ], [ -3.951231401611162, 41.936023910006 ], [ -3.980469980723072, 41.93117702839244 ], [ -3.982719102193219, 41.913405129142717 ], [ -3.980469980723072, 41.900480111506553 ], [ -4.034448896006602, 41.873014449029704 ], [ -4.047943624827482, 41.873014449029704 ], [ -4.065936596588658, 41.876245703438748 ], [ -4.08842781129013, 41.871398821825181 ], [ -4.079431325409541, 41.848780040961898 ], [ -4.090676932760276, 41.831008141712175 ], [ -4.038947138946895, 41.790617461599162 ], [ -4.038947138946895, 41.772845562349438 ], [ -4.041196260417042, 41.767998680735872 ], [ -4.099673418640863, 41.774461189553961 ], [ -4.117666390402041, 41.800311224826288 ], [ -4.122164633342335, 41.806773733644363 ], [ -4.135659362163217, 41.803542479235325 ], [ -4.153652333924393, 41.795464343212721 ], [ -4.185140034506452, 41.801926852030803 ], [ -4.214378613618361, 41.800311224826288 ], [ -4.232371585379537, 41.808389360848885 ], [ -4.236869828319833, 41.813236242462452 ], [ -4.259361043021302, 41.805158106439848 ], [ -4.286350500663067, 41.774461189553961 ], [ -4.30659259389439, 41.776076816758476 ], [ -4.317838201245126, 41.763151799122312 ], [ -4.329083808595859, 41.769614307940394 ], [ -4.378564480939094, 41.780923698372035 ], [ -4.403304817110712, 41.782539325576558 ], [ -4.441539882103211, 41.758304917508752 ], [ -4.446038125043504, 41.758304917508752 ], [ -4.455034610924093, 41.759920544713275 ], [ -4.502266161797181, 41.771229935144916 ], [ -4.493269675916592, 41.780923698372035 ], [ -4.486522311506151, 41.819698751280526 ], [ -4.461781975334533, 41.819698751280526 ], [ -4.473027582685269, 41.83262376891669 ], [ -4.470778461215122, 41.840701904939294 ], [ -4.509013526207621, 41.83262376891669 ], [ -4.520259133558357, 41.822930005689571 ], [ -4.549497712670266, 41.831008141712175 ], [ -4.565241562961296, 41.813236242462452 ], [ -4.589981899132914, 41.837470650530257 ], [ -4.616971356774677, 41.852011295370943 ], [ -4.632715207065706, 41.863320685802584 ], [ -4.637213450006001, 41.88755509387039 ], [ -4.657455543237324, 41.897248857097509 ], [ -4.677697636468647, 41.900480111506553 ], [ -4.727178308811881, 41.868167567416144 ], [ -4.727178308811881, 41.85524254977998 ], [ -4.75866600939394, 41.826161260098615 ], [ -4.790153709975998, 41.818083124076011 ], [ -4.814894046147614, 41.863320685802584 ], [ -4.83288701790879, 41.881092585052308 ], [ -4.837385260849086, 41.898864484302031 ], [ -4.855378232610262, 41.915020756347232 ], [ -4.866623839960996, 41.918252010756277 ], [ -4.868872961431144, 41.93117702839244 ], [ -4.889115054662467, 41.932792655596963 ], [ -4.911606269363936, 41.915020756347232 ], [ -4.929599241125112, 41.916636383551754 ], [ -4.949841334356435, 41.934408282801485 ], [ -4.98357815640864, 41.910173874733673 ], [ -5.006069371110112, 41.947333300437649 ], [ -4.98357815640864, 41.966720826891887 ], [ -4.974581670528053, 41.994186489368737 ], [ -4.952090455826584, 42.011958388618467 ], [ -4.936346605535554, 42.018420897436542 ], [ -4.938595727005701, 42.020036524641064 ], [ -4.949841334356435, 42.050733441526958 ], [ -4.927350119654966, 42.073352222390241 ], [ -4.904858904953496, 42.078199104003801 ], [ -4.918353633774377, 42.091124121639965 ], [ -4.929599241125112, 42.118589784116814 ], [ -4.927350119654966, 42.150902328207223 ], [ -4.965585184647464, 42.150902328207223 ], [ -4.981329034938494, 42.146055446593664 ], [ -5.026311464341434, 42.154133582616261 ], [ -5.030809707281728, 42.173521109070506 ], [ -5.012816735520552, 42.194524262729274 ], [ -5.024062342871288, 42.217143043592557 ], [ -5.010567614050405, 42.228452434024206 ], [ -5.019564099930994, 42.254302469296533 ], [ -5.001571128169816, 42.28984626779598 ], [ -4.985827277878789, 42.293077522205024 ], [ -4.95433957729673, 42.296308776614062 ], [ -4.945343091416142, 42.323774439090911 ], [ -4.943093969945995, 42.330236947908993 ], [ -4.943093969945995, 42.346393219954194 ], [ -4.981329034938494, 42.338315083931597 ], [ -4.98357815640864, 42.338315083931597 ], [ -4.972332549057906, 42.373858882431044 ], [ -4.945343091416142, 42.377090136840081 ], [ -4.934097484065406, 42.385168272862686 ], [ -4.911606269363936, 42.381937018453648 ], [ -4.913855390834083, 42.414249562544057 ], [ -4.904858904953496, 42.423943325771177 ], [ -4.920602755244525, 42.43686834340734 ], [ -4.900360662013201, 42.451408988248026 ], [ -4.89361329760276, 42.48695278674748 ], [ -4.88686593319232, 42.509571567610763 ], [ -4.88686593319232, 42.537037230087613 ], [ -4.913855390834083, 42.54511536611021 ], [ -4.902609783483349, 42.577427910200626 ], [ -4.904858904953496, 42.603277945472946 ], [ -4.89361329760276, 42.624281099131714 ], [ -4.898111540543054, 42.64366862558596 ], [ -4.895862419072907, 42.654978016017601 ], [ -4.900360662013201, 42.669518660858287 ], [ -4.891364176132614, 42.69213744172157 ], [ -4.871122082901291, 42.708293713766778 ], [ -4.891364176132614, 42.722834358607464 ], [ -4.911606269363936, 42.717987476993898 ], [ -4.918353633774377, 42.734143749039106 ], [ -4.936346605535554, 42.743837512266225 ], [ -4.936346605535554, 42.756762529902389 ], [ -4.920602755244525, 42.756762529902389 ], [ -4.90935714789379, 42.779381310765679 ], [ -4.895862419072907, 42.785843819583761 ], [ -4.902609783483349, 42.808462600447044 ], [ -4.891364176132614, 42.832697008514856 ], [ -4.898111540543054, 42.863393925400743 ], [ -4.866623839960996, 42.860162670991699 ], [ -4.855378232610262, 42.892475215082108 ], [ -4.812644924677468, 42.924787759172517 ], [ -4.803648438796881, 42.949022167240329 ], [ -4.808146681737174, 42.968409693694568 ], [ -4.794651952916292, 42.986181592944298 ], [ -4.767662495274527, 43.002337864989499 ], [ -4.756416887923793, 43.015262882625663 ], [ -4.738423916162617, 43.021725391443745 ], [ -4.715932701461146, 43.018494137034708 ], [ -4.684445000879087, 43.026572273057312 ], [ -4.641711692946295, 43.016878509830185 ], [ -4.605725749423943, 43.034650409079909 ], [ -4.558494198550855, 43.018494137034708 ], [ -4.520259133558357, 43.047575426716072 ], [ -4.475276704155416, 43.037881663488953 ], [ -4.461781975334533, 43.060500444352236 ], [ -4.403304817110712, 43.037881663488953 ], [ -4.378564480939094, 43.010416001012103 ], [ -4.362820630648065, 42.984565965739776 ], [ -4.347076780357035, 42.971640948103612 ], [ -4.261610164491449, 42.96517843928553 ], [ -4.239118949789979, 42.953869048853889 ], [ -4.236869828319833, 42.916709623149913 ], [ -4.22337509949895, 42.910247114331838 ], [ -4.230122463909391, 42.895706469491152 ], [ -4.225624220969097, 42.858547043787183 ], [ -4.198634763327332, 42.844006398946497 ], [ -4.149154090984098, 42.871472061423347 ], [ -4.126662876282628, 42.856931416582661 ], [ -4.128911997752775, 42.84562202615102 ], [ -4.144655848043804, 42.829465754105811 ], [ -4.158150576864687, 42.837543890128416 ], [ -4.178392670096009, 42.826234499696767 ], [ -4.185140034506452, 42.816540736469648 ], [ -4.151403212454246, 42.789075073992805 ], [ -4.124413754812482, 42.793921955606365 ], [ -4.097424297170717, 42.79069070119732 ], [ -4.081680446879687, 42.761609411515956 ], [ -4.108669904521452, 42.734143749039106 ], [ -4.124413754812482, 42.735759376243628 ], [ -4.124413754812482, 42.751915648288829 ], [ -4.158150576864687, 42.74706876667527 ], [ -4.191887398916892, 42.729296867425546 ], [ -4.218876856558657, 42.705062459357734 ], [ -4.257111921551155, 42.688906187312533 ], [ -4.268357528901891, 42.705062459357734 ], [ -4.293097865073507, 42.690521814517055 ], [ -4.275104893312331, 42.672749915267332 ], [ -4.277354014782478, 42.64366862558596 ], [ -4.268357528901891, 42.632359235154318 ], [ -4.272855771842185, 42.61620296310911 ], [ -4.293097865073507, 42.606509199881991 ], [ -4.284101379192919, 42.580659164609663 ], [ -4.270606650372038, 42.580659164609663 ], [ -4.304343472424243, 42.569349774178022 ], [ -4.299845229483948, 42.553193502132814 ], [ -4.277354014782478, 42.54511536611021 ], [ -4.272855771842185, 42.519265330837882 ], [ -4.248115435670567, 42.495030922770077 ], [ -4.24586631420042, 42.49179966836104 ], [ -4.250364557140713, 42.478874650724876 ], [ -4.243617192730273, 42.456255869861586 ], [ -4.270606650372038, 42.453024615452549 ], [ -4.317838201245126, 42.45948712427063 ], [ -4.335831173006301, 42.430405834589259 ], [ -4.331332930066006, 42.391630781680767 ], [ -4.322336444185419, 42.380321391249126 ], [ -4.293097865073507, 42.38839952727173 ], [ -4.272855771842185, 42.385168272862686 ], [ -4.277354014782478, 42.36578074640844 ], [ -4.275104893312331, 42.359318237590358 ], [ -4.263859285961596, 42.31246504865927 ], [ -4.252613678610862, 42.309233794250225 ], [ -4.24586631420042, 42.278536877364338 ], [ -4.243617192730273, 42.259149350910093 ], [ -4.232371585379537, 42.255918096501048 ], [ -4.227873342439244, 42.230068061228721 ], [ -4.232371585379537, 42.20906490756996 ], [ -4.214378613618361, 42.207449280365438 ], [ -4.205382127737774, 42.192908635524752 ], [ -4.191887398916892, 42.181599245093111 ], [ -4.189638277446745, 42.165442973047902 ], [ -4.205382127737774, 42.154133582616261 ], [ -4.200883884797481, 42.131514801752978 ], [ -4.187389155976598, 42.126667920139418 ], [ -4.178392670096009, 42.131514801752978 ], [ -4.153652333924393, 42.131514801752978 ], [ -4.142406726573657, 42.120205411321336 ], [ -4.115417268931893, 42.125052292934896 ], [ -4.104171661581159, 42.108896020889688 ], [ -4.056940110708071, 42.100817884867091 ], [ -4.077182203939394, 42.08304598561736 ], [ -4.101922540111012, 42.086277240026405 ], [ -4.104171661581159, 42.0620428319586 ], [ -4.083929568349836, 42.03942405109531 ], [ -4.047943624827482, 42.03942405109531 ] ] ], [ [ [ -4.045694503357335, 42.766456293129515 ], [ -4.043445381887189, 42.789075073992805 ], [ -4.014206802775277, 42.806846973242529 ], [ -4.020954167185719, 42.819771990878692 ], [ -4.002961195424543, 42.831081381310334 ], [ -3.996213831014101, 42.785843819583761 ], [ -4.000712073954396, 42.769687547538553 ], [ -4.002961195424543, 42.763225038720478 ], [ -4.045694503357335, 42.766456293129515 ] ] ], [ [ [ -4.034448896006602, 42.107280393685173 ], [ -4.023203288655866, 42.081430358412845 ], [ -4.032199774536453, 42.078199104003801 ], [ -4.036698017476748, 42.102433512071613 ], [ -4.034448896006602, 42.107280393685173 ] ] ], [ [ [ -4.101922540111012, 42.793921955606365 ], [ -4.113168147461746, 42.816540736469648 ], [ -4.106420783051306, 42.827850126901289 ], [ -4.08842781129013, 42.81815636367417 ], [ -4.101922540111012, 42.793921955606365 ] ] ], [ [ [ -4.101922540111012, 42.13797731057106 ], [ -4.110919025991599, 42.158980464229828 ], [ -4.077182203939394, 42.167058600252425 ], [ -4.061438353648365, 42.131514801752978 ], [ -4.08842781129013, 42.141208564980097 ], [ -4.101922540111012, 42.13797731057106 ] ] ] ] } },
{ "type": "Feature", "properties": { "name": "Salamanca", "id": 37 }, "geometry": { "type": "MultiPolygon", "coordinates": [ [ [ [ -6.105889770012002, 40.357556131189519 ], [ -6.085647676780678, 40.360787385598563 ], [ -6.087896798250826, 40.376943657643764 ], [ -6.067654705019502, 40.397946811302532 ], [ -6.074402069429944, 40.402793692916092 ], [ -6.117135377362736, 40.415718710552255 ], [ -6.128380984713472, 40.420565592165815 ], [ -6.114886255892589, 40.441568745824583 ], [ -6.148623077944794, 40.436721864211023 ], [ -6.155370442355236, 40.457725017869791 ], [ -6.177861657056706, 40.462571899483351 ], [ -6.198103750288029, 40.481959425937596 ], [ -6.240837058220823, 40.485190680346633 ], [ -6.265577394392439, 40.470650035505955 ], [ -6.274573880273028, 40.457725017869791 ], [ -6.333051038496849, 40.448031254642665 ], [ -6.364538739078908, 40.422181219370337 ], [ -6.362289617608761, 40.415718710552255 ], [ -6.362289617608761, 40.407640574529651 ], [ -6.375784346429644, 40.399562438507054 ], [ -6.418517654362436, 40.399562438507054 ], [ -6.43875974759376, 40.372096776030205 ], [ -6.450005354944494, 40.370481148825682 ], [ -6.474745691116112, 40.370481148825682 ], [ -6.517478999048905, 40.354324876780481 ], [ -6.535471970810081, 40.347862367962399 ], [ -6.560212306981699, 40.328474841508154 ], [ -6.564710549921992, 40.313934196667468 ], [ -6.555714064041405, 40.291315415804185 ], [ -6.571457914332434, 40.280006025372543 ], [ -6.587201764623462, 40.270312262145417 ], [ -6.677166623429343, 40.257387244509253 ], [ -6.690661352250226, 40.242846599668567 ], [ -6.717650809891989, 40.268696634940895 ], [ -6.755885874884489, 40.246077854077612 ], [ -6.755885874884489, 40.23961534525953 ], [ -6.778377089585959, 40.246077854077612 ], [ -6.780626211056106, 40.249309108486649 ], [ -6.800868304287429, 40.242846599668567 ], [ -6.845850733690369, 40.254155990100216 ], [ -6.863843705451545, 40.270312262145417 ], [ -6.863843705451545, 40.296162297417744 ], [ -6.818861276048604, 40.325243587099109 ], [ -6.789622696936695, 40.333321723121713 ], [ -6.794120939876988, 40.355940503984996 ], [ -6.780626211056106, 40.3640186400076 ], [ -6.800868304287429, 40.378559284848286 ], [ -6.839103369279929, 40.41410308334774 ], [ -6.845850733690369, 40.436721864211023 ], [ -6.850348976630663, 40.451262509051709 ], [ -6.818861276048604, 40.488421934755678 ], [ -6.812113911638164, 40.504578206800886 ], [ -6.796370061347135, 40.511040715618961 ], [ -6.803117425757575, 40.530428242073214 ], [ -6.800868304287429, 40.549815768527452 ], [ -6.845850733690369, 40.56597204057266 ], [ -6.839103369279929, 40.593437703049503 ], [ -6.812113911638164, 40.622518992730875 ], [ -6.794120939876988, 40.661294045639366 ], [ -6.814363033108311, 40.708147234570461 ], [ -6.809864790168017, 40.716225370593065 ], [ -6.83010688339934, 40.742075405865393 ], [ -6.827857761929193, 40.759847305115116 ], [ -6.818861276048604, 40.79377547641004 ], [ -6.8233595189889, 40.845475546954695 ], [ -6.800868304287429, 40.845475546954695 ], [ -6.800868304287429, 40.860016191795381 ], [ -6.807615668697871, 40.876172463840589 ], [ -6.839103369279929, 40.890713108681268 ], [ -6.848099855160516, 40.902022499112917 ], [ -6.848099855160516, 40.923025652771678 ], [ -6.857096341041105, 40.942413179225923 ], [ -6.857096341041105, 40.944028806430445 ], [ -6.908826134854486, 40.998960131384138 ], [ -6.922320863675369, 41.002191385793182 ], [ -6.931317349555956, 41.029657048270025 ], [ -6.911075256324633, 41.037735184292629 ], [ -6.879587555742575, 41.02804142106551 ], [ -6.85259809810081, 41.02804142106551 ], [ -6.807615668697871, 41.036119557088114 ], [ -6.807615668697871, 41.045813320315233 ], [ -6.773878846645665, 41.074894609996605 ], [ -6.753636753414341, 41.10397589967797 ], [ -6.76938060370537, 41.133057189359334 ], [ -6.708654324011402, 41.173447869472348 ], [ -6.697408716660666, 41.189604141517556 ], [ -6.692910473720373, 41.207376040767279 ], [ -6.647928044317432, 41.247766720880293 ], [ -6.629935072556256, 41.242919839266726 ], [ -6.587201764623462, 41.252613602493852 ], [ -6.580454400213021, 41.239688584857689 ], [ -6.571457914332434, 41.239688584857689 ], [ -6.55121582110111, 41.24615109367577 ], [ -6.546717578160816, 41.257460484107412 ], [ -6.517478999048905, 41.275232383357135 ], [ -6.501735148757875, 41.265538620130016 ], [ -6.479243934056406, 41.276848010561658 ], [ -6.490489541407142, 41.284926146584262 ], [ -6.479243934056406, 41.294619909811381 ], [ -6.465749205235523, 41.286541773788784 ], [ -6.414019411422142, 41.275232383357135 ], [ -6.40052468260126, 41.27846363776618 ], [ -6.37128610348935, 41.286541773788784 ], [ -6.346545767317732, 41.272001128948098 ], [ -6.330801917026703, 41.268769874539053 ], [ -6.28806860909391, 41.254229229698367 ], [ -6.267826515862586, 41.254229229698367 ], [ -6.234089693810381, 41.238072957653166 ], [ -6.234089693810381, 41.236457330448644 ], [ -6.193605507347735, 41.215454176789876 ], [ -6.191356385877588, 41.213838549585361 ], [ -6.164366928235824, 41.207376040767279 ], [ -6.135128349123912, 41.189604141517556 ], [ -6.110388012952296, 41.212222922380839 ], [ -6.074402069429944, 41.210607295176317 ], [ -6.060907340609061, 41.220301058403443 ], [ -6.047412611788179, 41.208991667971802 ], [ -6.00917754679568, 41.200913531949197 ], [ -6.027170518556856, 41.17506349667687 ], [ -6.022672275616562, 41.155675970222624 ], [ -6.002430182385238, 41.152444715813587 ], [ -5.984437210624062, 41.173447869472348 ], [ -5.973191603273328, 41.171832242267826 ], [ -5.964195117392739, 41.145982206995498 ], [ -5.950700388571857, 41.139519698177423 ], [ -5.937205659750976, 41.157291597427147 ], [ -5.92596005240024, 41.171832242267826 ], [ -5.912465323579358, 41.178294751085915 ], [ -5.921461809459947, 41.218685431198921 ], [ -5.896721473288329, 41.238072957653166 ], [ -5.860735529765977, 41.22837919442604 ], [ -5.844991679474948, 41.221916685607965 ], [ -5.809005735952596, 41.225147940017003 ], [ -5.79101276419142, 41.215454176789876 ], [ -5.764023306549655, 41.215454176789876 ], [ -5.757275942139215, 41.22353231281248 ], [ -5.734784727437743, 41.22837919442604 ], [ -5.701047905385538, 41.234841703244129 ], [ -5.678556690684069, 41.231610448835085 ], [ -5.667311083333333, 41.244535466471248 ], [ -5.633574261281128, 41.231610448835085 ], [ -5.629076018340834, 41.213838549585361 ], [ -5.588591831878189, 41.20252915915372 ], [ -5.570598860117013, 41.217069803994399 ], [ -5.55710413129613, 41.213838549585361 ], [ -5.514370823363336, 41.191219768722078 ], [ -5.487381365721573, 41.17991037829043 ], [ -5.485132244251425, 41.145982206995498 ], [ -5.473886636900691, 41.154060343018102 ], [ -5.476135758370837, 41.178294751085915 ], [ -5.442398936318632, 41.184757259903989 ], [ -5.408662114266427, 41.186372887108512 ], [ -5.397416506915691, 41.163754106245229 ], [ -5.399665628385838, 41.14759783420002 ], [ -5.383921778094809, 41.134672816563857 ], [ -5.356932320453046, 41.141135325381939 ], [ -5.329942862811281, 41.116900917314133 ], [ -5.298455162229223, 41.12659468054126 ], [ -5.296206040759076, 41.134672816563857 ], [ -5.291707797818782, 41.150829088609065 ], [ -5.298455162229223, 41.160522851836184 ], [ -5.289458676348636, 41.181526005494952 ], [ -5.289458676348636, 41.196066650335638 ], [ -5.253472732826284, 41.199297904744675 ], [ -5.228732396654665, 41.189604141517556 ], [ -5.21748678930393, 41.158907224631662 ], [ -5.179251724311431, 41.166985360654266 ], [ -5.125272809027903, 41.131441562154819 ], [ -5.129771051968197, 41.105591526882492 ], [ -5.152262266669668, 41.08135711881468 ], [ -5.145514902259226, 41.044197693110711 ], [ -5.141016659318932, 41.037735184292629 ], [ -5.107279837266727, 41.029657048270025 ], [ -5.089286865505551, 40.997344504179623 ], [ -5.098283351386138, 40.977956977725377 ], [ -5.116276323147314, 40.953722569657572 ], [ -5.12752193049805, 40.953722569657572 ], [ -5.12752193049805, 40.948875688044005 ], [ -5.111778080207021, 40.914947516749081 ], [ -5.116276323147314, 40.902022499112917 ], [ -5.12752193049805, 40.900406871908395 ], [ -5.163507874020402, 40.868094327817985 ], [ -5.163507874020402, 40.864863073408941 ], [ -5.168006116960695, 40.840628665341136 ], [ -5.159009631080108, 40.819625511682368 ], [ -5.177002602841284, 40.805084866841682 ], [ -5.179251724311431, 40.797006730819085 ], [ -5.219735910774078, 40.77277232275128 ], [ -5.215237667833783, 40.758231677910594 ], [ -5.25572185429643, 40.738844151456348 ], [ -5.253472732826284, 40.733997269842789 ], [ -5.307451648109812, 40.706531607365939 ], [ -5.327693741341134, 40.704915980161417 ], [ -5.341188470162017, 40.687144080911693 ], [ -5.36817792780378, 40.680681572093611 ], [ -5.386170899564958, 40.66937218166197 ], [ -5.365928806333633, 40.648369028003202 ], [ -5.381672656624662, 40.630597128753479 ], [ -5.397416506915691, 40.614440856708271 ], [ -5.408662114266427, 40.609593975094711 ], [ -5.415409478676867, 40.609593975094711 ], [ -5.446897179258926, 40.578897058208824 ], [ -5.498626973072307, 40.582128312617861 ], [ -5.509872580423043, 40.590206448640465 ], [ -5.516619944833483, 40.577281431004302 ], [ -5.527865552184219, 40.554662650141012 ], [ -5.525616430714072, 40.540122005300333 ], [ -5.507623458952896, 40.548200141322937 ], [ -5.431153328967897, 40.567587667777175 ], [ -5.426655086027603, 40.556278277345534 ], [ -5.433402450438043, 40.533659496482251 ], [ -5.446897179258926, 40.520734478846087 ], [ -5.451395422199219, 40.49488444357376 ], [ -5.462641029549955, 40.491653189164722 ], [ -5.462641029549955, 40.485190680346633 ], [ -5.464890151020102, 40.465803153892395 ], [ -5.480634001311131, 40.456109390665269 ], [ -5.507623458952896, 40.462571899483351 ], [ -5.521118187773778, 40.446415627438142 ], [ -5.512121701893189, 40.428643728188419 ], [ -5.545858523945395, 40.423796846574859 ], [ -5.572847981587159, 40.448031254642665 ], [ -5.559353252766277, 40.46741878109691 ], [ -5.561602374236424, 40.477112544324036 ], [ -5.590840953348335, 40.46741878109691 ], [ -5.622328653930394, 40.465803153892395 ], [ -5.64032162569157, 40.451262509051709 ], [ -5.683054933624362, 40.423796846574859 ], [ -5.692051419504951, 40.422181219370337 ], [ -5.678556690684069, 40.38663742087089 ], [ -5.685304055094509, 40.355940503984996 ], [ -5.674058447743775, 40.347862367962399 ], [ -5.685304055094509, 40.343015486348833 ], [ -5.689802298034804, 40.338168604735273 ], [ -5.714542634206421, 40.325243587099109 ], [ -5.737033848907892, 40.294546670213222 ], [ -5.743781213318332, 40.28808416139514 ], [ -5.764023306549655, 40.280006025372543 ], [ -5.793261885661567, 40.286468534190618 ], [ -5.802258371542154, 40.297777924622267 ], [ -5.782016278310831, 40.312318569462946 ], [ -5.79776012860186, 40.352709249575959 ], [ -5.815753100363036, 40.351093622371437 ], [ -5.847240800945094, 40.328474841508154 ], [ -5.849489922415241, 40.338168604735273 ], [ -5.883226744467446, 40.326859214303632 ], [ -5.916963566519652, 40.278390398168021 ], [ -5.964195117392739, 40.291315415804185 ], [ -5.968693360333033, 40.289699788599663 ], [ -6.004679303855387, 40.305856060644864 ], [ -6.01592491120612, 40.317165451076505 ], [ -6.01592491120612, 40.339784231939795 ], [ -6.054159976198621, 40.341399859144317 ], [ -6.105889770012002, 40.357556131189519 ] ] ] ] } },
{ "type": "Feature", "properties": { "name": "Zaragoza", "id": 50 }, "geometry": { "type": "MultiPolygon", "coordinates": [ [ [ [ -0.568552710510051, 41.35439811637864 ], [ -0.582047439330932, 41.347935607560558 ], [ -0.577549196390638, 41.315623063470149 ], [ -0.528068524047406, 41.288157400993299 ], [ -0.507826430816081, 41.247766720880293 ], [ -0.532566766987699, 41.22837919442604 ], [ -0.548310617278727, 41.267154247334531 ], [ -0.604538654032403, 41.323701199492753 ], [ -0.629278990204021, 41.312391809061111 ], [ -0.624780747263728, 41.247766720880293 ], [ -0.642773719024902, 41.238072957653166 ], [ -0.669763176666667, 41.236457330448644 ], [ -0.611286018442843, 41.194451023131116 ], [ -0.665264933726373, 41.145982206995498 ], [ -0.672012298136814, 41.129825934950297 ], [ -0.694503512838285, 41.112054035700574 ], [ -0.714745606069606, 41.124979053336737 ], [ -0.72824033489049, 41.144366579790983 ], [ -0.761977156942695, 41.17021661506331 ], [ -0.784468371644163, 41.136288443768379 ], [ -0.78896661458446, 41.107207154087007 ], [ -0.811457829285928, 41.100744645268932 ], [ -0.829450801047106, 41.095897763655366 ], [ -0.860938501629164, 41.107207154087007 ], [ -0.883429716330632, 41.129825934950297 ], [ -0.883429716330632, 41.149213461404543 ], [ -0.890177080741076, 41.12659468054126 ], [ -0.91491741691269, 41.105591526882492 ], [ -0.912668295442543, 41.092666509246328 ], [ -0.957650724845486, 41.07651023720112 ], [ -0.989138425427544, 41.091050882041806 ], [ -1.000384032778278, 41.115285290109611 ], [ -0.973394575136513, 41.154060343018102 ], [ -1.000384032778278, 41.134672816563857 ], [ -1.038619097770777, 41.134672816563857 ], [ -1.085850648643863, 41.163754106245229 ], [ -1.108341863345334, 41.165369733449751 ], [ -1.112840106285628, 41.142750952586461 ], [ -1.121836592166218, 41.134672816563857 ], [ -1.155573414218424, 41.129825934950297 ], [ -1.155573414218424, 41.128210307745775 ], [ -1.178064628919891, 41.128210307745775 ], [ -1.21629969391239, 41.137904070972901 ], [ -1.254534758904889, 41.123363426132215 ], [ -1.27027860919592, 41.10397589967797 ], [ -1.256783880375039, 41.086204000428246 ], [ -1.252285637434742, 41.078125864405642 ], [ -1.27027860919592, 41.055507083542352 ], [ -1.281524216546654, 41.055507083542352 ], [ -1.288271580957094, 41.049044574724277 ], [ -1.333254010360037, 41.050660201928793 ], [ -1.357994346531655, 41.065200846769478 ], [ -1.355745225061508, 41.087819627632769 ], [ -1.360243468001801, 41.087819627632769 ], [ -1.378236439762976, 41.073278982792083 ], [ -1.40522589740474, 41.066816473974001 ], [ -1.414222383285328, 41.032888302679069 ], [ -1.423218869165918, 41.026425793860987 ], [ -1.477197784449444, 41.015116403429346 ], [ -1.472699541509151, 41.010269521815786 ], [ -1.45920481268827, 41.007038267406742 ], [ -1.447959205337533, 40.976341350520855 ], [ -1.472699541509151, 40.948875688044005 ], [ -1.506436363561356, 40.963416332884691 ], [ -1.508685485031503, 40.960185078475646 ], [ -1.558166157374739, 40.939181924816886 ], [ -1.589653857956797, 40.935950670407841 ], [ -1.616643315598559, 40.944028806430445 ], [ -1.654878380591057, 40.968263214498251 ], [ -1.661625745001501, 40.977956977725377 ], [ -1.715604660285027, 41.011885149020301 ], [ -1.729099389105912, 41.024810166656465 ], [ -1.744843239396939, 41.032888302679069 ], [ -1.758337968217823, 41.055507083542352 ], [ -1.762836211158117, 41.058738337951397 ], [ -1.816815126441643, 41.095897763655366 ], [ -1.825811612322234, 41.095897763655366 ], [ -1.873043163195319, 41.110438408496051 ], [ -1.891036134956497, 41.133057189359334 ], [ -1.922523835538552, 41.134672816563857 ], [ -1.931520321419143, 41.137904070972901 ], [ -1.94726417171017, 41.166985360654266 ], [ -1.963008022001201, 41.171832242267826 ], [ -1.987748358172816, 41.160522851836184 ], [ -2.048474637866786, 41.152444715813587 ], [ -2.050723759336933, 41.14759783420002 ], [ -2.079962338448844, 41.17021661506331 ], [ -2.145186861083108, 41.184757259903989 ], [ -2.149685104023401, 41.218685431198921 ], [ -2.158681589903992, 41.265538620130016 ], [ -2.172176318724873, 41.296235537015903 ], [ -2.169927197254726, 41.322085572288231 ], [ -2.156432468433845, 41.336626217128916 ], [ -2.163179832844284, 41.356013743583162 ], [ -2.124944767851787, 41.368938761219326 ], [ -2.12044652491149, 41.389941914878094 ], [ -2.12044652491149, 41.389941914878094 ], [ -2.115948281971196, 41.42548571337754 ], [ -2.102453553150315, 41.446488867036308 ], [ -2.046225516396639, 41.433563849400144 ], [ -2.034979909045905, 41.427101340582063 ], [ -2.034979909045905, 41.386710660469049 ], [ -2.025983423165318, 41.383479406060005 ], [ -1.954011536120611, 41.409329441332332 ], [ -1.938267685829583, 41.407713814127817 ], [ -1.936018564359436, 41.420638831763981 ], [ -1.954011536120611, 41.423870086173018 ], [ -1.954011536120611, 41.462645139081509 ], [ -1.969755386411641, 41.482032665535755 ], [ -1.981000993762375, 41.486879547149314 ], [ -1.978751872292229, 41.527270227262328 ], [ -1.967506264941495, 41.545042126512051 ], [ -1.99449572258326, 41.57735467060246 ], [ -1.992246601113113, 41.59997345146575 ], [ -1.985499236702669, 41.606435960283832 ], [ -1.922523835538552, 41.598357824261228 ], [ -1.909029106717671, 41.620976605124511 ], [ -1.897783499366938, 41.63228599555616 ], [ -1.873043163195319, 41.638748504374242 ], [ -1.859548434374439, 41.661367285237525 ], [ -1.812316883501349, 41.661367285237525 ], [ -1.805569519090909, 41.664598539646569 ], [ -1.812316883501349, 41.68560169330533 ], [ -1.787576547329731, 41.698526710941493 ], [ -1.776330939978997, 41.724376746213821 ], [ -1.810067762031203, 41.735686136645469 ], [ -1.803320397620762, 41.750226781486148 ], [ -1.821313369381937, 41.766383053531356 ], [ -1.825811612322234, 41.772845562349438 ], [ -1.825811612322234, 41.77930807116752 ], [ -1.852801069963995, 41.789001834394639 ], [ -1.843804584083408, 41.805158106439848 ], [ -1.825811612322234, 41.819698751280526 ], [ -1.81906424791179, 41.827776887303131 ], [ -1.81906424791179, 41.861705058598062 ], [ -1.821313369381937, 41.861705058598062 ], [ -1.832558976732674, 41.863320685802584 ], [ -1.839306341143114, 41.874630076234226 ], [ -1.839306341143114, 41.87786133064327 ], [ -1.839306341143114, 41.889170721074912 ], [ -1.857299312904292, 41.910173874733673 ], [ -1.857299312904292, 41.966720826891887 ], [ -1.866295798784879, 41.978030217323536 ], [ -1.843804584083408, 41.987723980550655 ], [ -1.848302827023701, 42.008727134209423 ], [ -1.825811612322234, 41.995802116573259 ], [ -1.798822154680469, 41.992570862164214 ], [ -1.76733445409841, 41.995802116573259 ], [ -1.740344996456646, 41.968336454096409 ], [ -1.726850267635765, 41.961873945278327 ], [ -1.686366081173116, 41.953795809255723 ], [ -1.675120473822382, 41.966720826891887 ], [ -1.657127502061208, 41.960258318073812 ], [ -1.654878380591057, 41.965105199687372 ], [ -1.614394194128412, 41.950564554846686 ], [ -1.596401222367238, 41.926330146778881 ], [ -1.580657372076207, 41.921483265165321 ], [ -1.524429335322534, 41.910173874733673 ], [ -1.501938120621062, 41.924714519574358 ], [ -1.472699541509151, 41.924714519574358 ], [ -1.452457448277826, 41.915020756347232 ], [ -1.416471504755474, 41.916636383551754 ], [ -1.402976775934594, 41.934408282801485 ], [ -1.380485561233122, 41.950564554846686 ], [ -1.384983804173416, 41.957027063664768 ], [ -1.380485561233122, 41.960258318073812 ], [ -1.340001374770477, 42.018420897436542 ], [ -1.304015431248125, 42.042655305504354 ], [ -1.310762795658565, 42.071736595185719 ], [ -1.351246982121211, 42.073352222390241 ], [ -1.366990832412242, 42.107280393685173 ], [ -1.3984785329943, 42.126667920139418 ], [ -1.39173116858386, 42.181599245093111 ], [ -1.414222383285328, 42.202602398751878 ], [ -1.416471504755474, 42.221989925206124 ], [ -1.400727654464447, 42.246224333273929 ], [ -1.389482047113713, 42.278536877364338 ], [ -1.3984785329943, 42.293077522205024 ], [ -1.351246982121211, 42.33993071113612 ], [ -1.342250496240624, 42.343161965545157 ], [ -1.328755767419743, 42.356086983181321 ], [ -1.33775225330033, 42.372243255226522 ], [ -1.357994346531655, 42.381937018453648 ], [ -1.342250496240624, 42.423943325771177 ], [ -1.315261038598859, 42.449793361043504 ], [ -1.290520702427244, 42.457871497066108 ], [ -1.272527730666067, 42.482105905133913 ], [ -1.274776852136213, 42.495030922770077 ], [ -1.292769823897391, 42.511187194815285 ], [ -1.265780366255626, 42.556424756541858 ], [ -1.225296179792981, 42.541884111701172 ], [ -1.200555843621363, 42.553193502132814 ], [ -1.202804965091509, 42.579043537405141 ], [ -1.169068143039304, 42.596815436654865 ], [ -1.175815507449745, 42.606509199881991 ], [ -1.15782253568857, 42.609740454291028 ], [ -1.153324292748273, 42.646899879995004 ], [ -1.103843620405041, 42.645284252790482 ], [ -1.052113826591658, 42.642052998381438 ], [ -1.03636997630063, 42.651746761608564 ], [ -1.031871733360337, 42.675981169676369 ], [ -1.038619097770777, 42.69213744172157 ], [ -1.02962261189019, 42.696984323335137 ], [ -0.96889633219622, 42.703446832153219 ], [ -0.948654238964895, 42.711524968175823 ], [ -0.923913902793281, 42.743837512266225 ], [ -0.901422688091809, 42.74222188506171 ], [ -0.903671809561956, 42.71475622258486 ], [ -0.921664781323134, 42.700215577744174 ], [ -0.881180594860485, 42.693753068926092 ], [ -0.887927959270925, 42.667903033653765 ], [ -0.901422688091809, 42.656593643222124 ], [ -0.928412145733574, 42.656593643222124 ], [ -0.903671809561956, 42.612971708700073 ], [ -0.91491741691269, 42.601662318268424 ], [ -0.90817005250225, 42.587121673427745 ], [ -0.923913902793281, 42.58873730063226 ], [ -0.930661267203721, 42.570965401382537 ], [ -0.919415659852984, 42.554809129337336 ], [ -0.899173566621663, 42.559656010950896 ], [ -0.899173566621663, 42.538652857292135 ], [ -0.917166538382837, 42.537037230087613 ], [ -0.932910388673868, 42.506340313201719 ], [ -0.892426202211222, 42.509571567610763 ], [ -0.896924445151516, 42.480490277929391 ], [ -0.878931473390338, 42.46918088749775 ], [ -0.881180594860485, 42.456255869861586 ], [ -0.896924445151516, 42.461102751475153 ], [ -0.905920931032103, 42.43686834340734 ], [ -0.876682351920191, 42.417480816953095 ], [ -0.842945529867986, 42.407787053725976 ], [ -0.840696408397839, 42.398093290498849 ], [ -0.815956072226221, 42.394862036089812 ], [ -0.822703436636665, 42.385168272862686 ], [ -0.842945529867986, 42.386783900067208 ], [ -0.842945529867986, 42.36578074640844 ], [ -0.85644025868887, 42.33993071113612 ], [ -0.887927959270925, 42.302771285432144 ], [ -0.887927959270925, 42.286615013386943 ], [ -0.917166538382837, 42.255918096501048 ], [ -0.885678837800778, 42.244608706069407 ], [ -0.890177080741076, 42.263996232523652 ], [ -0.876682351920191, 42.281768131773376 ], [ -0.858689380159017, 42.275305622955301 ], [ -0.842945529867986, 42.283383758977898 ], [ -0.813706950756075, 42.263996232523652 ], [ -0.78671749311431, 42.306002539841188 ], [ -0.770973642823282, 42.346393219954194 ], [ -0.779970128703869, 42.386783900067208 ], [ -0.777721007233723, 42.391630781680767 ], [ -0.737236820771077, 42.370627628022007 ], [ -0.743984185181517, 42.341546338340635 ], [ -0.72824033489049, 42.297924403818584 ], [ -0.748482428121811, 42.276921250159816 ], [ -0.752980671062105, 42.263996232523652 ], [ -0.759728035472548, 42.263996232523652 ], [ -0.761977156942695, 42.234914942842288 ], [ -0.761977156942695, 42.231683688433243 ], [ -0.750731549591958, 42.200986771547356 ], [ -0.750731549591958, 42.173521109070506 ], [ -0.757478914002402, 42.165442973047902 ], [ -0.755229792532255, 42.152517955411739 ], [ -0.752980671062105, 42.134746056162015 ], [ -0.752980671062105, 42.131514801752978 ], [ -0.755229792532255, 42.108896020889688 ], [ -0.757478914002402, 42.092739748844487 ], [ -0.775471885763576, 42.055580323140518 ], [ -0.793464857524754, 42.053964695935996 ], [ -0.804710464875487, 42.073352222390241 ], [ -0.804710464875487, 42.095971003253524 ], [ -0.827201679576959, 42.08304598561736 ], [ -0.85644025868887, 42.053964695935996 ], [ -0.85419113721872, 42.021652151845586 ], [ -0.885678837800778, 42.003880252595863 ], [ -0.777721007233723, 41.957027063664768 ], [ -0.737236820771077, 41.953795809255723 ], [ -0.72824033489049, 41.960258318073812 ], [ -0.663015812256226, 41.95864269086929 ], [ -0.658517569315933, 41.957027063664768 ], [ -0.651770204905489, 41.947333300437649 ], [ -0.629278990204021, 41.911789501938195 ], [ -0.595542168151816, 41.897248857097509 ], [ -0.591043925211522, 41.881092585052308 ], [ -0.555057981689171, 41.871398821825181 ], [ -0.54606149580858, 41.861705058598062 ], [ -0.528068524047406, 41.853626922575458 ], [ -0.516822916696668, 41.827776887303131 ], [ -0.512324673756375, 41.78415495278108 ], [ -0.501079066405641, 41.761536171917797 ], [ -0.519072038166815, 41.72922362782738 ], [ -0.489833459054907, 41.732454882236425 ], [ -0.465093122883289, 41.714682982986702 ], [ -0.460594879942995, 41.714682982986702 ], [ -0.447100151122111, 41.706604846964098 ], [ -0.411114207599759, 41.701757965350538 ], [ -0.368380899666967, 41.682370438896292 ], [ -0.354886170846086, 41.63228599555616 ], [ -0.336893199084908, 41.630670368351637 ], [ -0.327896713204321, 41.624207859533556 ], [ -0.307654619972997, 41.620976605124511 ], [ -0.303156377032703, 41.608051587488347 ], [ -0.273917797920792, 41.590279688238624 ], [ -0.242430097338733, 41.572507788988901 ], [ -0.206444153816381, 41.601589078670273 ], [ -0.156963481473149, 41.590279688238624 ], [ -0.159212602943295, 41.585432806625064 ], [ -0.156963481473149, 41.535348363284932 ], [ -0.134472266771677, 41.522423345648768 ], [ -0.105233687659766, 41.485263919944799 ], [ -0.084991594428441, 41.431948222195622 ], [ -0.073745987077707, 41.37701689724193 ], [ -0.008521464443444, 41.347935607560558 ], [ -0.028763557674768, 41.37701689724193 ], [ -0.024265314734475, 41.396404423696168 ], [ -0.00402322150315, 41.388326287673571 ], [ 0.00947150731773, 41.360860625196722 ], [ 0.106183730534053, 41.351166861969602 ], [ 0.128674945235524, 41.388326287673571 ], [ 0.164660888757876, 41.406098186923295 ], [ 0.182653860519054, 41.394788796491653 ], [ 0.218639804041405, 41.402866932514257 ], [ 0.245629261683167, 41.428716967786585 ], [ 0.315352027257727, 41.417407577354936 ], [ 0.335594120489048, 41.407713814127817 ], [ 0.319850270198021, 41.394788796491653 ], [ 0.360334456660667, 41.370554388423841 ], [ 0.373829185481547, 41.34955123476508 ], [ 0.349088849309933, 41.328548081106312 ], [ 0.369330942541254, 41.315623063470149 ], [ 0.36483269960096, 41.304313673038507 ], [ 0.385074792832285, 41.27846363776618 ], [ 0.373829185481547, 41.244535466471248 ], [ 0.380576549891991, 41.236457330448644 ], [ 0.36483269960096, 41.226763567221525 ], [ 0.340092363429342, 41.231610448835085 ], [ 0.322099391668168, 41.225147940017003 ], [ 0.30410641990699, 41.163754106245229 ], [ 0.272618719324932, 41.149213461404543 ], [ 0.252376626093611, 41.150829088609065 ], [ 0.250127504623464, 41.129825934950297 ], [ 0.218639804041405, 41.131441562154819 ], [ 0.200646832280228, 41.124979053336737 ], [ 0.209643318160815, 41.116900917314133 ], [ 0.200646832280228, 41.084588373223724 ], [ 0.218639804041405, 41.074894609996605 ], [ 0.220888925511552, 41.07166335558756 ], [ 0.166910010228023, 41.070047728383038 ], [ 0.146667916996698, 41.063585219564956 ], [ 0.119678459354937, 41.07651023720112 ], [ 0.079194272892288, 41.079741491610164 ], [ 0.05670305819082, 41.074894609996605 ], [ 0.052204815250526, 41.055507083542352 ], [ 0.036460964959495, 41.045813320315233 ], [ -0.001774100033003, 41.091050882041806 ], [ -0.013019707383737, 41.120132171723171 ], [ -0.037760043555355, 41.129825934950297 ], [ -0.078244230018001, 41.150829088609065 ], [ -0.102984566189619, 41.149213461404543 ], [ -0.132223145301531, 41.162138479040706 ], [ -0.181703817644763, 41.187988514313034 ], [ -0.215440639696968, 41.189604141517556 ], [ -0.246928340279027, 41.212222922380839 ], [ -0.269419554980498, 41.215454176789876 ], [ -0.309903741443144, 41.252613602493852 ], [ -0.343640563495349, 41.239688584857689 ], [ -0.377377385547554, 41.265538620130016 ], [ -0.397619478778878, 41.268769874539053 ], [ -0.399868600249025, 41.270385501743576 ], [ -0.429107179360937, 41.294619909811381 ], [ -0.420110693480346, 41.312391809061111 ], [ -0.460594879942995, 41.315623063470149 ], [ -0.469591365823582, 41.318854317879186 ], [ -0.480836973174316, 41.346319980356036 ], [ -0.492082580525054, 41.351166861969602 ], [ -0.510075552286228, 41.35439811637864 ], [ -0.550559738748873, 41.346319980356036 ], [ -0.568552710510051, 41.35439811637864 ] ], [ [ -1.144327806867686, 42.4417152250209 ], [ -1.182562871860185, 42.423943325771177 ], [ -1.184811993330332, 42.401324544907894 ], [ -1.155573414218424, 42.414249562544057 ], [ -1.144327806867686, 42.4417152250209 ] ], [ [ -1.054362948061804, 42.448177733838989 ], [ -1.085850648643863, 42.483721532338436 ], [ -1.101594498934894, 42.482105905133913 ], [ -1.128583956576659, 42.446562106634467 ], [ -1.061110312472248, 42.433637088998303 ], [ -1.054362948061804, 42.448177733838989 ] ] ] ] } },
{ "type": "Feature", "properties": { "name": "Granada", "id": 18 }, "geometry": { "type": "MultiPolygon", "coordinates": [ [ [ [ -3.81628411340234, 36.846798215766583 ], [ -3.843273571044104, 36.858107606198224 ], [ -3.874761271626163, 36.853260724584658 ], [ -3.890505121917192, 36.867801369425344 ], [ -3.92199282249925, 36.874263878243426 ], [ -3.928740186909691, 36.88234201426603 ], [ -3.971473494842485, 36.892035777493149 ], [ -3.991715588073808, 36.892035777493149 ], [ -4.043445381887189, 36.903345167924797 ], [ -4.050192746297629, 36.906576422333835 ], [ -4.054690989237924, 36.914654558356439 ], [ -4.090676932760276, 36.932426457606162 ], [ -4.099673418640863, 36.95342961126493 ], [ -4.137908483633364, 36.951813984060408 ], [ -4.140157605103511, 36.951813984060408 ], [ -4.167147062745274, 36.956660865673967 ], [ -4.191887398916892, 36.979279646537258 ], [ -4.214378613618361, 36.992204664173421 ], [ -4.22337509949895, 37.011592190627667 ], [ -4.252613678610862, 37.022901581059308 ], [ -4.272855771842185, 37.014823445036704 ], [ -4.272855771842185, 37.042289107513554 ], [ -4.281852257722772, 37.071370397194926 ], [ -4.286350500663067, 37.119839213330536 ], [ -4.308841715364537, 37.152151757420945 ], [ -4.329083808595859, 37.184464301511355 ], [ -4.295346986543654, 37.199004946352034 ], [ -4.254862800081009, 37.229701863237928 ], [ -4.259361043021302, 37.252320644101211 ], [ -4.236869828319833, 37.297558205827784 ], [ -4.239118949789979, 37.328255122713671 ], [ -4.209880370678068, 37.352489530781483 ], [ -4.16264881980498, 37.341180140349834 ], [ -4.126662876282628, 37.37833956605381 ], [ -4.097424297170717, 37.399342719712571 ], [ -4.032199774536453, 37.405805228530653 ], [ -4.000712073954396, 37.402573974121616 ], [ -3.980469980723072, 37.38803332928093 ], [ -3.951231401611162, 37.37833956605381 ], [ -3.924241943969397, 37.37833956605381 ], [ -3.881508636036603, 37.38803332928093 ], [ -3.856768299864987, 37.38803332928093 ], [ -3.843273571044104, 37.384802074871885 ], [ -3.825280599282928, 37.405805228530653 ], [ -3.809536748991899, 37.438117772621062 ], [ -3.807287627521752, 37.457505299075308 ], [ -3.791543777230723, 37.465583435097912 ], [ -3.778049048409841, 37.489817843165717 ], [ -3.775799926939694, 37.476892825529553 ], [ -3.728568376066606, 37.488202215961195 ], [ -3.683585946663667, 37.517283505642567 ], [ -3.672340339312932, 37.518899132847089 ], [ -3.627357909909991, 37.528592896074208 ], [ -3.58237548050705, 37.554442931346536 ], [ -3.535143929633964, 37.581908593823385 ], [ -3.539642172574258, 37.594833611459549 ], [ -3.505905350522053, 37.617452392322832 ], [ -3.478915892880288, 37.601296120277631 ], [ -3.460922921119112, 37.598064865868587 ], [ -3.436182584947495, 37.573830457800781 ], [ -3.400196641425143, 37.564136694573662 ], [ -3.366459819372938, 37.567367948982699 ], [ -3.357463333492349, 37.577061712209826 ], [ -3.296737053798379, 37.588371102641467 ], [ -3.263000231746174, 37.631993037163518 ], [ -3.263000231746174, 37.6384555459816 ], [ -3.215768680873087, 37.644918054799682 ], [ -3.173035372940294, 37.64330242759516 ], [ -3.148295036768676, 37.625530528345436 ], [ -3.143796793828383, 37.620683646731877 ], [ -3.139298550888089, 37.620683646731877 ], [ -3.139298550888089, 37.619068019527354 ], [ -3.11680733618662, 37.607758629095713 ], [ -3.092067000015001, 37.596449238664064 ], [ -3.058330177962796, 37.606143001891191 ], [ -3.051582813552356, 37.617452392322832 ], [ -3.008849505619562, 37.607758629095713 ], [ -2.977361805037503, 37.602911747482153 ], [ -2.984109169447946, 37.614221137913795 ], [ -2.975112683567357, 37.631993037163518 ], [ -2.887396946231624, 37.677230598890091 ], [ -2.885147824761477, 37.682077480503651 ], [ -2.898642553582357, 37.685308734912695 ], [ -2.907639039462946, 37.727315042230224 ], [ -2.9053899179928, 37.748318195888992 ], [ -2.88964606770177, 37.761243213525155 ], [ -2.880649581821181, 37.759627586320633 ], [ -2.871653095940594, 37.791940130411042 ], [ -2.846912759768976, 37.814558911274332 ], [ -2.819923302127213, 37.853333964182823 ], [ -2.819923302127213, 37.875952745046106 ], [ -2.806428573306331, 37.880799626659666 ], [ -2.795182965955595, 37.903418407522956 ], [ -2.774940872724272, 37.926037188386239 ], [ -2.768193508313832, 37.919574679568157 ], [ -2.743453172142214, 37.934115324408843 ], [ -2.723211078910891, 37.963196614090208 ], [ -2.691723378328833, 37.972890377317334 ], [ -2.689474256858686, 37.974506004521857 ], [ -2.67148128509751, 37.961580986885693 ], [ -2.651239191866187, 37.971274750112812 ], [ -2.597260276582658, 38.005202921407744 ], [ -2.599509398052806, 38.058518619156914 ], [ -2.565772576000601, 38.082753027224726 ], [ -2.552277847179719, 38.084368654429241 ], [ -2.525288389537954, 38.069828009588562 ], [ -2.505046296306631, 38.06821238238404 ], [ -2.482555081605161, 38.055287364747876 ], [ -2.433074409261927, 38.042362347111712 ], [ -2.424077923381338, 38.032668583884586 ], [ -2.372348129567957, 38.022974820657467 ], [ -2.340860428985899, 38.026206075066511 ], [ -2.298127121053104, 38.003587294203221 ], [ -2.295877999582958, 37.98743102215802 ], [ -2.275635906351635, 37.959965359681171 ], [ -2.237400841359136, 37.927652815590761 ], [ -2.208162262247225, 37.91634342515912 ], [ -2.257642934590459, 37.890493389886792 ], [ -2.266639420471048, 37.880799626659666 ], [ -2.289130635172517, 37.885646508273226 ], [ -2.295877999582958, 37.859796473000898 ], [ -2.289130635172517, 37.830715183319533 ], [ -2.3026253639934, 37.809712029660766 ], [ -2.277885027821782, 37.775783858365841 ], [ -2.322867457224723, 37.695002498139814 ], [ -2.322867457224723, 37.66592120845845 ], [ -2.30937272840384, 37.635224291572555 ], [ -2.316120092814282, 37.622299273936392 ], [ -2.363351643687368, 37.620683646731877 ], [ -2.390341101329133, 37.631993037163518 ], [ -2.367849886627663, 37.591602357050505 ], [ -2.367849886627663, 37.56252106736914 ], [ -2.356604279276928, 37.546364795323939 ], [ -2.358853400747075, 37.522130387256126 ], [ -2.381344615448544, 37.522130387256126 ], [ -2.46006386690369, 37.502742860801881 ], [ -2.457814745433543, 37.491433470370239 ], [ -2.473558595724572, 37.483355334347635 ], [ -2.514042782187218, 37.478508452734076 ], [ -2.534284875418543, 37.462352180688868 ], [ -2.570270818940894, 37.442964654234629 ], [ -2.577018183351335, 37.430039636598465 ], [ -2.608505883933393, 37.410652110144213 ], [ -2.642242705985598, 37.38803332928093 ], [ -2.637744463045305, 37.342795767554357 ], [ -2.653488313336334, 37.333102004327237 ], [ -2.651239191866187, 37.308867596259432 ], [ -2.664733920687068, 37.28463318819162 ], [ -2.666983042157216, 37.249089389692173 ], [ -2.657986556276628, 37.229701863237928 ], [ -2.660235677746774, 37.211929963988197 ], [ -2.682726892448246, 37.216776845601764 ], [ -2.73220756479148, 37.237779999260525 ], [ -2.759197022433243, 37.226470608828883 ], [ -2.774940872724272, 37.245858135283129 ], [ -2.779439115664566, 37.262014407328337 ], [ -2.795182965955595, 37.263630034532852 ], [ -2.831168909477947, 37.27978630657806 ], [ -2.84466363829883, 37.27978630657806 ], [ -2.858158367119712, 37.250705016896688 ], [ -2.869403974470448, 37.245858135283129 ], [ -2.878400460351035, 37.192542437533959 ], [ -2.896393432112211, 37.166692402261631 ], [ -2.927881132694269, 37.156998639034505 ], [ -2.941375861515152, 37.131148603762178 ], [ -2.948123225925592, 37.097220432467253 ], [ -2.984109169447946, 37.092373550853686 ], [ -2.997603898268826, 37.095604805262731 ], [ -3.015596870030002, 37.113376704512454 ], [ -3.029091598850885, 37.113376704512454 ], [ -3.015596870030002, 37.051982870740673 ], [ -2.999853019738975, 37.011592190627667 ], [ -2.97961092650765, 36.992204664173421 ], [ -2.986358290918092, 36.967970256105616 ], [ -2.990856533858386, 36.95827649287849 ], [ -3.022344234440444, 36.95342961126493 ], [ -3.031340720321031, 36.924348321583558 ], [ -3.056081056492649, 36.911423303947394 ], [ -3.071824906783679, 36.919501439969999 ], [ -3.060579299432943, 36.892035777493149 ], [ -3.056081056492649, 36.885573268675067 ], [ -3.042586327671767, 36.879110759856985 ], [ -3.029091598850885, 36.845182588562061 ], [ -3.042586327671767, 36.832257570925897 ], [ -3.074074028253825, 36.824179434903293 ], [ -3.092067000015001, 36.809638790062607 ], [ -3.139298550888089, 36.787020009199324 ], [ -3.128052943537353, 36.75147621069987 ], [ -3.143796793828383, 36.743398074677273 ], [ -3.202273952052206, 36.749860583495348 ], [ -3.233761652634264, 36.749860583495348 ], [ -3.271996717626763, 36.748244956290833 ], [ -3.305733539678968, 36.738551193063707 ], [ -3.339470361731173, 36.738551193063707 ], [ -3.350715969081909, 36.728857429836587 ], [ -3.36421069790279, 36.714316784995901 ], [ -3.411442248775877, 36.70300739456426 ], [ -3.418189613186319, 36.694929258541656 ], [ -3.465421164059405, 36.694929258541656 ], [ -3.501407107581759, 36.711085530586857 ], [ -3.526147443753375, 36.724010548223021 ], [ -3.550887779924993, 36.714316784995901 ], [ -3.566631630216023, 36.719163666609461 ], [ -3.600368452268228, 36.743398074677273 ], [ -3.638603517260727, 36.741782447472751 ], [ -3.661094731962196, 36.746629329086311 ], [ -3.674589460783078, 36.73047305704111 ], [ -3.719571890186019, 36.732088684245625 ], [ -3.735315740477049, 36.727241802632065 ], [ -3.755557833708371, 36.738551193063707 ], [ -3.766803441059107, 36.728857429836587 ], [ -3.778049048409841, 36.738551193063707 ], [ -3.782547291350134, 36.764401228336034 ], [ -3.766803441059107, 36.788635636403839 ], [ -3.769052562529254, 36.801560654040003 ], [ -3.791543777230723, 36.820948180494256 ], [ -3.81628411340234, 36.841951334153016 ], [ -3.81628411340234, 36.846798215766583 ] ] ] ] } },
{ "type": "Feature", "properties": { "name": "Zamora", "id": 49 }, "geometry": { "type": "MultiPolygon", "coordinates": [ [ [ [ -5.885475865937593, 42.13797731057106 ], [ -5.85848640829583, 42.115358529707777 ], [ -5.844991679474948, 42.11051164809421 ], [ -5.838244315064507, 42.118589784116814 ], [ -5.804507493012302, 42.125052292934896 ], [ -5.779767156840684, 42.134746056162015 ], [ -5.755026820669068, 42.136361683366538 ], [ -5.748279456258626, 42.115358529707777 ], [ -5.716791755676567, 42.115358529707777 ], [ -5.676307569213922, 42.120205411321336 ], [ -5.687553176564657, 42.13797731057106 ], [ -5.665061961863186, 42.141208564980097 ], [ -5.644819868631863, 42.131514801752978 ], [ -5.620079532460247, 42.107280393685173 ], [ -5.638072504221423, 42.08304598561736 ], [ -5.588591831878189, 42.074967849594763 ], [ -5.586342710408042, 42.050733441526958 ], [ -5.575097103057306, 42.065274086367637 ], [ -5.561602374236424, 42.055580323140518 ], [ -5.543609402475248, 42.086277240026405 ], [ -5.543609402475248, 42.099202257662569 ], [ -5.527865552184219, 42.104049139276128 ], [ -5.521118187773778, 42.097586630458046 ], [ -5.500876094542454, 42.066889713572159 ], [ -5.507623458952896, 42.057195950345033 ], [ -5.487381365721573, 42.03942405109531 ], [ -5.491879608661867, 42.032961542277228 ], [ -5.471637515430544, 42.005495879800378 ], [ -5.478384879840984, 42.003880252595863 ], [ -5.487381365721573, 41.995802116573259 ], [ -5.485132244251425, 41.984492726141617 ], [ -5.437900693378339, 41.966720826891887 ], [ -5.431153328967897, 42.002264625391341 ], [ -5.446897179258926, 42.010342761413945 ], [ -5.422156843087309, 42.031345915072706 ], [ -5.413160357206721, 42.02973028786819 ], [ -5.377174413684369, 42.041039678299832 ], [ -5.347935834572457, 42.023267779050109 ], [ -5.323195498400841, 42.018420897436542 ], [ -5.300704283699369, 41.990955234959699 ], [ -5.280462190468047, 41.978030217323536 ], [ -5.274778599725913, 41.97877253252561 ], [ -5.305202526639665, 41.953795809255723 ], [ -5.334441105751575, 41.937639537210522 ], [ -5.320946376930694, 41.937639537210522 ], [ -5.293956919288929, 41.919867637960799 ], [ -5.300704283699369, 41.906942620324635 ], [ -5.311949891050105, 41.88270821225683 ], [ -5.305202526639665, 41.866551940211622 ], [ -5.329942862811281, 41.831008141712175 ], [ -5.275963947527753, 41.822930005689571 ], [ -5.280462190468047, 41.813236242462452 ], [ -5.314199012520252, 41.793848716008199 ], [ -5.334441105751575, 41.789001834394639 ], [ -5.350184956042604, 41.780923698372035 ], [ -5.365928806333633, 41.77930807116752 ], [ -5.390669142505251, 41.758304917508752 ], [ -5.374925292214222, 41.719529864600261 ], [ -5.361430563393339, 41.72922362782738 ], [ -5.359181441923193, 41.700142338146016 ], [ -5.341188470162017, 41.698526710941493 ], [ -5.327693741341134, 41.68075481169177 ], [ -5.323195498400841, 41.650057894805883 ], [ -5.323195498400841, 41.648442267601361 ], [ -5.318697255460545, 41.637132877169719 ], [ -5.329942862811281, 41.616129723510952 ], [ -5.27146570458746, 41.601589078670273 ], [ -5.266967461647164, 41.590279688238624 ], [ -5.293956919288929, 41.574123416193423 ], [ -5.273714826057606, 41.549889008125618 ], [ -5.246725368415841, 41.546657753716573 ], [ -5.228732396654665, 41.52888585446685 ], [ -5.253472732826284, 41.509498328012604 ], [ -5.300704283699369, 41.499804564785478 ], [ -5.311949891050105, 41.490110801558359 ], [ -5.334441105751575, 41.475570156717673 ], [ -5.33893934869187, 41.462645139081509 ], [ -5.325444619870987, 41.454567003058905 ], [ -5.33893934869187, 41.42548571337754 ], [ -5.307451648109812, 41.414176322945899 ], [ -5.332191984281428, 41.381863778855489 ], [ -5.334441105751575, 41.364091879605766 ], [ -5.323195498400841, 41.32693245390179 ], [ -5.305202526639665, 41.318854317879186 ], [ -5.291707797818782, 41.268769874539053 ], [ -5.300704283699369, 41.262307365720972 ], [ -5.296206040759076, 41.229994821630562 ], [ -5.341188470162017, 41.194451023131116 ], [ -5.332191984281428, 41.178294751085915 ], [ -5.289458676348636, 41.181526005494952 ], [ -5.298455162229223, 41.160522851836184 ], [ -5.291707797818782, 41.150829088609065 ], [ -5.296206040759076, 41.134672816563857 ], [ -5.298455162229223, 41.12659468054126 ], [ -5.329942862811281, 41.116900917314133 ], [ -5.356932320453046, 41.141135325381939 ], [ -5.383921778094809, 41.134672816563857 ], [ -5.399665628385838, 41.14759783420002 ], [ -5.397416506915691, 41.163754106245229 ], [ -5.408662114266427, 41.186372887108512 ], [ -5.442398936318632, 41.184757259903989 ], [ -5.476135758370837, 41.178294751085915 ], [ -5.473886636900691, 41.154060343018102 ], [ -5.485132244251425, 41.145982206995498 ], [ -5.487381365721573, 41.17991037829043 ], [ -5.514370823363336, 41.191219768722078 ], [ -5.55710413129613, 41.213838549585361 ], [ -5.570598860117013, 41.217069803994399 ], [ -5.588591831878189, 41.20252915915372 ], [ -5.629076018340834, 41.213838549585361 ], [ -5.633574261281128, 41.231610448835085 ], [ -5.667311083333333, 41.244535466471248 ], [ -5.678556690684069, 41.231610448835085 ], [ -5.701047905385538, 41.234841703244129 ], [ -5.734784727437743, 41.22837919442604 ], [ -5.757275942139215, 41.22353231281248 ], [ -5.764023306549655, 41.215454176789876 ], [ -5.79101276419142, 41.215454176789876 ], [ -5.809005735952596, 41.225147940017003 ], [ -5.844991679474948, 41.221916685607965 ], [ -5.860735529765977, 41.22837919442604 ], [ -5.896721473288329, 41.238072957653166 ], [ -5.921461809459947, 41.218685431198921 ], [ -5.912465323579358, 41.178294751085915 ], [ -5.92596005240024, 41.171832242267826 ], [ -5.937205659750976, 41.157291597427147 ], [ -5.950700388571857, 41.139519698177423 ], [ -5.964195117392739, 41.145982206995498 ], [ -5.973191603273328, 41.171832242267826 ], [ -5.984437210624062, 41.173447869472348 ], [ -6.002430182385238, 41.152444715813587 ], [ -6.022672275616562, 41.155675970222624 ], [ -6.027170518556856, 41.17506349667687 ], [ -6.00917754679568, 41.200913531949197 ], [ -6.047412611788179, 41.208991667971802 ], [ -6.060907340609061, 41.220301058403443 ], [ -6.074402069429944, 41.210607295176317 ], [ -6.110388012952296, 41.212222922380839 ], [ -6.135128349123912, 41.189604141517556 ], [ -6.164366928235824, 41.207376040767279 ], [ -6.191356385877588, 41.213838549585361 ], [ -6.193605507347735, 41.215454176789876 ], [ -6.234089693810381, 41.236457330448644 ], [ -6.234089693810381, 41.238072957653166 ], [ -6.267826515862586, 41.254229229698367 ], [ -6.28806860909391, 41.254229229698367 ], [ -6.330801917026703, 41.268769874539053 ], [ -6.346545767317732, 41.272001128948098 ], [ -6.37128610348935, 41.286541773788784 ], [ -6.40052468260126, 41.27846363776618 ], [ -6.414019411422142, 41.275232383357135 ], [ -6.465749205235523, 41.286541773788784 ], [ -6.479243934056406, 41.294619909811381 ], [ -6.450005354944494, 41.299466791424948 ], [ -6.416268532892289, 41.347935607560558 ], [ -6.387029953780379, 41.352782489174118 ], [ -6.375784346429644, 41.360860625196722 ], [ -6.39377731819082, 41.370554388423841 ], [ -6.391528196720673, 41.383479406060005 ], [ -6.366787860549055, 41.393173169287131 ], [ -6.353293131728172, 41.378632524446445 ], [ -6.31730718820582, 41.385095033264527 ], [ -6.330801917026703, 41.414176322945899 ], [ -6.31055982379538, 41.419023204559458 ], [ -6.294815973504351, 41.435179476604659 ], [ -6.306061580855086, 41.449720121445345 ], [ -6.28806860909391, 41.465876393490547 ], [ -6.283570366153615, 41.47880141112671 ], [ -6.261079151452146, 41.486879547149314 ], [ -6.24983354410141, 41.50142019199 ], [ -6.258830029981999, 41.512729582421642 ], [ -6.240837058220823, 41.520807718444246 ], [ -6.218345843519351, 41.543426499307529 ], [ -6.211598479108911, 41.559582771352737 ], [ -6.189107264407442, 41.574123416193423 ], [ -6.209349357638764, 41.598357824261228 ], [ -6.236338815280527, 41.606435960283832 ], [ -6.254331787041705, 41.63228599555616 ], [ -6.30381245938494, 41.661367285237525 ], [ -6.355542253198321, 41.67590793007821 ], [ -6.373535224959497, 41.674292302873688 ], [ -6.441008869063907, 41.683986066100815 ], [ -6.452254476414641, 41.68075481169177 ], [ -6.456752719354936, 41.666214166851091 ], [ -6.488240419936995, 41.658136030828487 ], [ -6.512980756108611, 41.661367285237525 ], [ -6.548966699630963, 41.68560169330533 ], [ -6.542219335220523, 41.703373592555053 ], [ -6.555714064041405, 41.738917391054507 ], [ -6.569208792862286, 41.743764272668066 ], [ -6.555714064041405, 41.758304917508752 ], [ -6.537721092280229, 41.813236242462452 ], [ -6.517478999048905, 41.874630076234226 ], [ -6.571457914332434, 41.88270821225683 ], [ -6.546717578160816, 41.93117702839244 ], [ -6.548966699630963, 41.944102046028604 ], [ -6.578205278742875, 41.961873945278327 ], [ -6.587201764623462, 41.968336454096409 ], [ -6.598447371974197, 41.948948927642164 ], [ -6.699657838130813, 41.932792655596963 ], [ -6.751387631944194, 41.944102046028604 ], [ -6.76938060370537, 41.984492726141617 ], [ -6.805366547227724, 41.990955234959699 ], [ -6.821110397518753, 41.945717673233126 ], [ -6.848099855160516, 41.942486418824082 ], [ -6.870591069861986, 41.948948927642164 ], [ -6.884085798682868, 41.94087079161956 ], [ -6.944812078376838, 41.944102046028604 ], [ -6.958306807197721, 41.968336454096409 ], [ -6.985296264839484, 41.971567708505454 ], [ -6.992043629249926, 41.98610835334614 ], [ -6.960555928667867, 42.026499033459146 ], [ -6.97405065748875, 42.055580323140518 ], [ -7.007787479540955, 42.052349068731473 ], [ -7.034776937182718, 42.071736595185719 ], [ -7.00328923660066, 42.084661612821883 ], [ -6.992043629249926, 42.099202257662569 ], [ -6.989794507779779, 42.121821038525852 ], [ -6.956057685727574, 42.129899174548456 ], [ -6.944812078376838, 42.142824192184619 ], [ -6.944812078376838, 42.171905481865991 ], [ -6.915573499264926, 42.189677381115715 ], [ -6.899829648973897, 42.189677381115715 ], [ -6.886334920153015, 42.21391178918352 ], [ -6.854847219570958, 42.226836806819684 ], [ -6.83010688339934, 42.226836806819684 ], [ -6.787373575466546, 42.215527416388042 ], [ -6.803117425757575, 42.239761824455847 ], [ -6.794120939876988, 42.249455587682974 ], [ -6.785124453996399, 42.254302469296533 ], [ -6.758134996354636, 42.238146197251325 ], [ -6.735643781653165, 42.234914942842288 ], [ -6.724398174302431, 42.217143043592557 ], [ -6.704156081071108, 42.20906490756996 ], [ -6.688412230780079, 42.215527416388042 ], [ -6.638931558436845, 42.217143043592557 ], [ -6.614191222265227, 42.202602398751878 ], [ -6.555714064041405, 42.205833653160916 ], [ -6.515229877578758, 42.199371144342834 ], [ -6.508482513168317, 42.184830499502155 ], [ -6.476994812586259, 42.183214872297633 ], [ -6.459001840825083, 42.197755517138319 ], [ -6.443257990534054, 42.192908635524752 ], [ -6.427514140243025, 42.202602398751878 ], [ -6.398275561131113, 42.197755517138319 ], [ -6.328552795556556, 42.199371144342834 ], [ -6.312808945265527, 42.205833653160916 ], [ -6.294815973504351, 42.178367990684066 ], [ -6.252082665571557, 42.173521109070506 ], [ -6.225093207929794, 42.162211718638865 ], [ -6.211598479108911, 42.147671073798179 ], [ -6.171114292646266, 42.158980464229828 ], [ -6.144124835004501, 42.158980464229828 ], [ -6.07665119090009, 42.162211718638865 ], [ -6.01592491120612, 42.152517955411739 ], [ -5.988935453564357, 42.142824192184619 ], [ -5.973191603273328, 42.129899174548456 ], [ -5.952949510042004, 42.123436665730374 ], [ -5.94845126710171, 42.141208564980097 ], [ -5.912465323579358, 42.141208564980097 ], [ -5.896721473288329, 42.155749209820783 ], [ -5.885475865937593, 42.13797731057106 ] ] ], [ [ [ -5.268092022382266, 41.979645844528051 ], [ -5.25572185429643, 41.981261471732573 ], [ -5.25572185429643, 41.979645844528051 ], [ -5.268092022382266, 41.979645844528051 ] ] ] ] } },
{ "type": "Feature", "properties": { "name": "Navarra", "id": 31 }, "geometry": { "type": "MultiPolygon", "coordinates": [ [ [ [ -2.019236058754874, 42.369012000817484 ], [ -2.028232544635465, 42.362549491999403 ], [ -2.046225516396639, 42.359318237590358 ], [ -2.070965852568257, 42.343161965545157 ], [ -2.088958824329431, 42.346393219954194 ], [ -2.079962338448844, 42.36578074640844 ], [ -2.093457067269728, 42.375474509635566 ], [ -2.086709702859284, 42.38355264565817 ], [ -2.115948281971196, 42.399708917703371 ], [ -2.111450039030903, 42.419096444157617 ], [ -2.133941253732374, 42.420712071362139 ], [ -2.174425440195019, 42.407787053725976 ], [ -2.185671047545755, 42.419096444157617 ], [ -2.210411383717371, 42.414249562544057 ], [ -2.235151719888989, 42.428790207384736 ], [ -2.257642934590459, 42.448177733838989 ], [ -2.273386784881488, 42.444946479429944 ], [ -2.289130635172517, 42.467565260293227 ], [ -2.298127121053104, 42.457871497066108 ], [ -2.325116578694869, 42.467565260293227 ], [ -2.343109550456045, 42.451408988248026 ], [ -2.352106036336634, 42.465949633088712 ], [ -2.37684637250825, 42.472412141906794 ], [ -2.399337587209722, 42.470796514702272 ], [ -2.419579680441045, 42.488568413951995 ], [ -2.421828801911191, 42.511187194815285 ], [ -2.39259022279928, 42.517649703633367 ], [ -2.399337587209722, 42.543499738905695 ], [ -2.390341101329133, 42.548346620519254 ], [ -2.397088465739573, 42.585506046223223 ], [ -2.397088465739573, 42.598431063859387 ], [ -2.419579680441045, 42.606509199881991 ], [ -2.45331650249325, 42.5677341469735 ], [ -2.462312988373837, 42.587121673427745 ], [ -2.491551567485748, 42.585506046223223 ], [ -2.498298931896189, 42.611356081495551 ], [ -2.500548053366337, 42.61620296310911 ], [ -2.482555081605161, 42.611356081495551 ], [ -2.464562109843984, 42.627512353540752 ], [ -2.455565623963397, 42.635590489563356 ], [ -2.451067381023103, 42.646899879995004 ], [ -2.430825287791778, 42.654978016017601 ], [ -2.417330558970898, 42.661440524835683 ], [ -2.388091979858986, 42.658209270426646 ], [ -2.372348129567957, 42.64366862558596 ], [ -2.381344615448544, 42.633974862358841 ], [ -2.365600765157517, 42.637206116767878 ], [ -2.347607793396339, 42.633974862358841 ], [ -2.322867457224723, 42.648515507199519 ], [ -2.293628878112811, 42.650131134404042 ], [ -2.293628878112811, 42.677596796880891 ], [ -2.30937272840384, 42.67113428806281 ], [ -2.320618335754576, 42.729296867425546 ], [ -2.316120092814282, 42.738990630652665 ], [ -2.273386784881488, 42.74222188506171 ], [ -2.262141177530753, 42.750300021084314 ], [ -2.273386784881488, 42.768071920334037 ], [ -2.280134149291928, 42.785843819583761 ], [ -2.273386784881488, 42.79069070119732 ], [ -2.266639420471048, 42.813309482060603 ], [ -2.235151719888989, 42.834312635719371 ], [ -2.232902598418843, 42.844006398946497 ], [ -2.235151719888989, 42.850468907764579 ], [ -2.24189908429943, 42.886012706264026 ], [ -2.250895570180019, 42.895706469491152 ], [ -2.237400841359136, 42.895706469491152 ], [ -2.235151719888989, 42.926403386377039 ], [ -2.235151719888989, 42.928019013581562 ], [ -2.210411383717371, 42.950637794444845 ], [ -2.190169290486049, 42.947406540035807 ], [ -2.174425440195019, 42.934481522399643 ], [ -2.151934225493548, 42.94255965842224 ], [ -2.133941253732374, 42.940944031217725 ], [ -2.118197403441343, 42.94255965842224 ], [ -2.102453553150315, 42.949022167240329 ], [ -2.095706188739875, 42.971640948103612 ], [ -2.052972880807079, 42.976487829717172 ], [ -2.037229030516052, 42.981334711330732 ], [ -2.028232544635465, 42.999106610580462 ], [ -2.041727273456345, 43.029803527466349 ], [ -2.016986937284727, 43.054037935534154 ], [ -2.023734301695171, 43.065347325965796 ], [ -2.012488694344434, 43.0734254619884 ], [ -2.010239572874287, 43.0734254619884 ], [ -1.989997479642966, 43.079887970806482 ], [ -1.987748358172816, 43.078272343601959 ], [ -1.983250115232522, 43.079887970806482 ], [ -1.978751872292229, 43.081503598011004 ], [ -1.974253629351935, 43.084734852420041 ], [ -1.974253629351935, 43.091197361238123 ], [ -1.94726417171017, 43.097659870056205 ], [ -1.924772957008702, 43.115431769305928 ], [ -1.902281742307231, 43.141281804578256 ], [ -1.918025592598259, 43.159053703827986 ], [ -1.915776471128112, 43.168747467055105 ], [ -1.920274714068405, 43.17197872146415 ], [ -1.911278228187818, 43.204291265554559 ], [ -1.911278228187818, 43.226910046417842 ], [ -1.909029106717671, 43.223678792008805 ], [ -1.902281742307231, 43.210753774372641 ], [ -1.87979052760576, 43.210753774372641 ], [ -1.875292284665466, 43.231756928031402 ], [ -1.859548434374439, 43.212369401577163 ], [ -1.850551948493848, 43.225294419213327 ], [ -1.794323911740175, 43.246297572872088 ], [ -1.794323911740175, 43.276994489757975 ], [ -1.783078304389438, 43.286688252985101 ], [ -1.729099389105912, 43.293150761803183 ], [ -1.729099389105912, 43.294766389007705 ], [ -1.695362567053706, 43.312538288257429 ], [ -1.668373109411942, 43.314153915461944 ], [ -1.625639801479149, 43.306075779439347 ], [ -1.625639801479149, 43.270531980939893 ], [ -1.607646829717972, 43.25276008169017 ], [ -1.573910007665766, 43.251144454485654 ], [ -1.555917035904592, 43.278610116962497 ], [ -1.564913521785179, 43.288303880189616 ], [ -1.515432849441943, 43.294766389007705 ], [ -1.490692513270329, 43.280225744167019 ], [ -1.461453934158417, 43.272147608144415 ], [ -1.427717112106212, 43.267300726530856 ], [ -1.414222383285328, 43.273763235348937 ], [ -1.384983804173416, 43.254375708894692 ], [ -1.378236439762976, 43.230141300826887 ], [ -1.387232925643563, 43.194597502327433 ], [ -1.402976775934594, 43.178441230282232 ], [ -1.402976775934594, 43.155822449418942 ], [ -1.414222383285328, 43.128356786942092 ], [ -1.470450420039004, 43.091197361238123 ], [ -1.472699541509151, 43.081503598011004 ], [ -1.447959205337533, 43.052422308329632 ], [ -1.441211840927092, 43.04595979951155 ], [ -1.360243468001801, 43.029803527466349 ], [ -1.353496103591358, 43.028187900261827 ], [ -1.342250496240624, 43.054037935534154 ], [ -1.346748739180917, 43.091197361238123 ], [ -1.319759281539152, 43.112200514896891 ], [ -1.27027860919592, 43.118663023714973 ], [ -1.288271580957094, 43.104122378874287 ], [ -1.308513674188418, 43.06857858037484 ], [ -1.27027860919592, 43.055653562738676 ], [ -1.263531244785479, 43.044344172307035 ], [ -1.247787394494448, 43.042728545102513 ], [ -1.229794422733274, 43.055653562738676 ], [ -1.180313750390038, 43.033034781875386 ], [ -1.173566385979598, 43.037881663488953 ], [ -1.144327806867686, 43.023341018648267 ], [ -1.142078685397539, 43.007184746603059 ], [ -1.115089227755774, 43.023341018648267 ], [ -1.085850648643863, 43.002337864989499 ], [ -1.007131397188719, 42.991028474557858 ], [ -1.000384032778278, 42.978103456921694 ], [ -0.971145453666367, 42.961947184876493 ], [ -0.944155996024602, 42.953869048853889 ], [ -0.91491741691269, 42.963562812081008 ], [ -0.896924445151516, 42.958715930467449 ], [ -0.863187623099311, 42.950637794444845 ], [ -0.811457829285928, 42.950637794444845 ], [ -0.78671749311431, 42.963562812081008 ], [ -0.750731549591958, 42.966794066490053 ], [ -0.730489456360637, 42.945790912831285 ], [ -0.72824033489049, 42.919940877558957 ], [ -0.752980671062105, 42.924787759172517 ], [ -0.782219250174016, 42.92155650476348 ], [ -0.818205193696368, 42.902168978309234 ], [ -0.815956072226221, 42.874703315832384 ], [ -0.84744377280828, 42.847237653355535 ], [ -0.85644025868887, 42.847237653355535 ], [ -0.85419113721872, 42.82300324528773 ], [ -0.860938501629164, 42.802000091628969 ], [ -0.84744377280828, 42.785843819583761 ], [ -0.863187623099311, 42.769687547538553 ], [ -0.876682351920191, 42.758378157106911 ], [ -0.901422688091809, 42.759993784311433 ], [ -0.901422688091809, 42.74222188506171 ], [ -0.923913902793281, 42.743837512266225 ], [ -0.948654238964895, 42.711524968175823 ], [ -0.96889633219622, 42.703446832153219 ], [ -1.02962261189019, 42.696984323335137 ], [ -1.038619097770777, 42.69213744172157 ], [ -1.031871733360337, 42.675981169676369 ], [ -1.03636997630063, 42.651746761608564 ], [ -1.052113826591658, 42.642052998381438 ], [ -1.103843620405041, 42.645284252790482 ], [ -1.153324292748273, 42.646899879995004 ], [ -1.15782253568857, 42.609740454291028 ], [ -1.175815507449745, 42.606509199881991 ], [ -1.169068143039304, 42.596815436654865 ], [ -1.202804965091509, 42.579043537405141 ], [ -1.200555843621363, 42.553193502132814 ], [ -1.225296179792981, 42.541884111701172 ], [ -1.265780366255626, 42.556424756541858 ], [ -1.292769823897391, 42.511187194815285 ], [ -1.274776852136213, 42.495030922770077 ], [ -1.272527730666067, 42.482105905133913 ], [ -1.290520702427244, 42.457871497066108 ], [ -1.315261038598859, 42.449793361043504 ], [ -1.342250496240624, 42.423943325771177 ], [ -1.357994346531655, 42.381937018453648 ], [ -1.33775225330033, 42.372243255226522 ], [ -1.328755767419743, 42.356086983181321 ], [ -1.342250496240624, 42.343161965545157 ], [ -1.351246982121211, 42.33993071113612 ], [ -1.3984785329943, 42.293077522205024 ], [ -1.389482047113713, 42.278536877364338 ], [ -1.400727654464447, 42.246224333273929 ], [ -1.416471504755474, 42.221989925206124 ], [ -1.414222383285328, 42.202602398751878 ], [ -1.39173116858386, 42.181599245093111 ], [ -1.3984785329943, 42.126667920139418 ], [ -1.366990832412242, 42.107280393685173 ], [ -1.351246982121211, 42.073352222390241 ], [ -1.310762795658565, 42.071736595185719 ], [ -1.304015431248125, 42.042655305504354 ], [ -1.340001374770477, 42.018420897436542 ], [ -1.380485561233122, 41.960258318073812 ], [ -1.384983804173416, 41.957027063664768 ], [ -1.380485561233122, 41.950564554846686 ], [ -1.402976775934594, 41.934408282801485 ], [ -1.416471504755474, 41.916636383551754 ], [ -1.452457448277826, 41.915020756347232 ], [ -1.472699541509151, 41.924714519574358 ], [ -1.501938120621062, 41.924714519574358 ], [ -1.524429335322534, 41.910173874733673 ], [ -1.580657372076207, 41.921483265165321 ], [ -1.596401222367238, 41.926330146778881 ], [ -1.614394194128412, 41.950564554846686 ], [ -1.654878380591057, 41.965105199687372 ], [ -1.657127502061208, 41.960258318073812 ], [ -1.675120473822382, 41.966720826891887 ], [ -1.686366081173116, 41.953795809255723 ], [ -1.726850267635765, 41.961873945278327 ], [ -1.740344996456646, 41.968336454096409 ], [ -1.76733445409841, 41.995802116573259 ], [ -1.798822154680469, 41.992570862164214 ], [ -1.825811612322234, 41.995802116573259 ], [ -1.848302827023701, 42.008727134209423 ], [ -1.855050191434142, 42.002264625391341 ], [ -1.8865378920162, 42.028114660663668 ], [ -1.902281742307231, 42.02973028786819 ], [ -1.909029106717671, 42.058811577549555 ], [ -1.897783499366938, 42.079814731208323 ], [ -1.839306341143114, 42.128283547343933 ], [ -1.837057219672968, 42.141208564980097 ], [ -1.821313369381937, 42.154133582616261 ], [ -1.778580061449144, 42.13797731057106 ], [ -1.765085332628264, 42.150902328207223 ], [ -1.740344996456646, 42.149286701002701 ], [ -1.720102903225321, 42.1331304289575 ], [ -1.679618716762675, 42.150902328207223 ], [ -1.699860809994, 42.173521109070506 ], [ -1.679618716762675, 42.188061753911192 ], [ -1.681867838232822, 42.192908635524752 ], [ -1.704359052934294, 42.19129300832023 ], [ -1.70660817440444, 42.207449280365438 ], [ -1.726850267635765, 42.21391178918352 ], [ -1.740344996456646, 42.212296161978998 ], [ -1.780829182919291, 42.223605552410646 ], [ -1.816815126441643, 42.230068061228721 ], [ -1.81906424791179, 42.246224333273929 ], [ -1.843804584083408, 42.252686842092011 ], [ -1.873043163195319, 42.252686842092011 ], [ -1.868544920255026, 42.268843114137212 ], [ -1.870794041725173, 42.28984626779598 ], [ -1.893285256426644, 42.28984626779598 ], [ -1.918025592598259, 42.327005693499956 ], [ -1.93376944288929, 42.322158811886389 ], [ -1.94051680729973, 42.335083829522553 ], [ -1.965257143471348, 42.333468202318031 ], [ -1.969755386411641, 42.348008847158717 ], [ -1.99449572258326, 42.362549491999403 ], [ -2.019236058754874, 42.369012000817484 ] ] ], [ [ [ -1.144327806867686, 42.4417152250209 ], [ -1.155573414218424, 42.414249562544057 ], [ -1.184811993330332, 42.401324544907894 ], [ -1.182562871860185, 42.423943325771177 ], [ -1.144327806867686, 42.4417152250209 ] ] ], [ [ [ -1.101594498934894, 42.482105905133913 ], [ -1.085850648643863, 42.483721532338436 ], [ -1.054362948061804, 42.448177733838989 ], [ -1.061110312472248, 42.433637088998303 ], [ -1.128583956576659, 42.446562106634467 ], [ -1.101594498934894, 42.482105905133913 ] ] ] ] } },
{ "type": "Feature", "properties": { "name": "Segovia", "id": 40 }, "geometry": { "type": "MultiPolygon", "coordinates": [ [ [ [ -4.227873342439244, 41.459413884672472 ], [ -4.158150576864687, 41.482032665535755 ], [ -4.142406726573657, 41.470723275104113 ], [ -4.122164633342335, 41.480417038331233 ], [ -4.099673418640863, 41.486879547149314 ], [ -4.074933082469247, 41.494957683171918 ], [ -4.065936596588658, 41.494957683171918 ], [ -4.056940110708071, 41.499804564785478 ], [ -4.02770153159616, 41.517576464035201 ], [ -4.000712073954396, 41.515960836830686 ], [ -3.993964709543954, 41.530501481671365 ], [ -3.993964709543954, 41.530501481671365 ], [ -3.993964709543954, 41.540195244898491 ], [ -3.993964709543954, 41.556351516943693 ], [ -3.980469980723072, 41.583817179420542 ], [ -3.964726130432043, 41.585432806625064 ], [ -3.942234915730573, 41.569276534579856 ], [ -3.915245458088808, 41.562814025761782 ], [ -3.895003364857486, 41.551504635330133 ], [ -3.886006878976898, 41.536963990489454 ], [ -3.886006878976898, 41.532117108875887 ], [ -3.863515664275427, 41.52888585446685 ], [ -3.843273571044104, 41.50142019199 ], [ -3.836526206633664, 41.499804564785478 ], [ -3.834277085163517, 41.499804564785478 ], [ -3.823031477812782, 41.480417038331233 ], [ -3.78704553429043, 41.485263919944799 ], [ -3.798291141641164, 41.491726428762874 ], [ -3.802789384581459, 41.52403897285329 ], [ -3.796042020171017, 41.522423345648768 ], [ -3.766803441059107, 41.538579617693969 ], [ -3.7713016839994, 41.520807718444246 ], [ -3.7713016839994, 41.482032665535755 ], [ -3.769052562529254, 41.459413884672472 ], [ -3.744312226357636, 41.461029511876987 ], [ -3.739813983417342, 41.451335748649868 ], [ -3.728568376066606, 41.45779825746795 ], [ -3.728568376066606, 41.486879547149314 ], [ -3.728568376066606, 41.517576464035201 ], [ -3.692582432544254, 41.53373273608041 ], [ -3.688084189603961, 41.540195244898491 ], [ -3.681336825193519, 41.551504635330133 ], [ -3.645350881671167, 41.572507788988901 ], [ -3.616112302559255, 41.57735467060246 ], [ -3.573378994626463, 41.566045280170819 ], [ -3.566631630216023, 41.580585925011505 ], [ -3.541891294044405, 41.57735467060246 ], [ -3.535143929633964, 41.548273380921096 ], [ -3.478915892880288, 41.520807718444246 ], [ -3.458673799648965, 41.536963990489454 ], [ -3.420438734656466, 41.512729582421642 ], [ -3.42493697759676, 41.482032665535755 ], [ -3.413691370246024, 41.475570156717673 ], [ -3.384452791134114, 41.465876393490547 ], [ -3.36421069790279, 41.467492020695069 ], [ -3.350715969081909, 41.45779825746795 ], [ -3.330473875850585, 41.461029511876987 ], [ -3.346217726141614, 41.428716967786585 ], [ -3.34171948320132, 41.417407577354936 ], [ -3.346217726141614, 41.396404423696168 ], [ -3.328224754380438, 41.37701689724193 ], [ -3.271996717626763, 41.352782489174118 ], [ -3.269747596156616, 41.341473098742476 ], [ -3.236010774104411, 41.318854317879186 ], [ -3.206772194992499, 41.304313673038507 ], [ -3.238259895574558, 41.288157400993299 ], [ -3.254003745865587, 41.259076111311934 ], [ -3.27424583909691, 41.260691738516456 ], [ -3.276494960567057, 41.275232383357135 ], [ -3.292238810858086, 41.257460484107412 ], [ -3.325975632910291, 41.262307365720972 ], [ -3.337221240261027, 41.252613602493852 ], [ -3.368708940843085, 41.260691738516456 ], [ -3.393449277014701, 41.257460484107412 ], [ -3.415940491716171, 41.27361675615262 ], [ -3.411442248775877, 41.260691738516456 ], [ -3.400196641425143, 41.254229229698367 ], [ -3.406944005835584, 41.233226076039607 ], [ -3.40244576289529, 41.213838549585361 ], [ -3.442929949357936, 41.215454176789876 ], [ -3.454175556708671, 41.20252915915372 ], [ -3.465421164059405, 41.183141632699474 ], [ -3.49915798611161, 41.178294751085915 ], [ -3.517150957872788, 41.162138479040706 ], [ -3.539642172574258, 41.165369733449751 ], [ -3.58237548050705, 41.162138479040706 ], [ -3.613863181089108, 41.149213461404543 ], [ -3.620610545499551, 41.142750952586461 ], [ -3.634105274320433, 41.124979053336737 ], [ -3.645350881671167, 41.121747798927693 ], [ -3.652098246081609, 41.107207154087007 ], [ -3.676838582253225, 41.086204000428246 ], [ -3.688084189603961, 41.084588373223724 ], [ -3.706077161365137, 41.07651023720112 ], [ -3.715073647245724, 41.07166335558756 ], [ -3.721821011656166, 41.065200846769478 ], [ -3.739813983417342, 41.053891456337837 ], [ -3.755557833708371, 41.02804142106551 ], [ -3.766803441059107, 41.019963285042905 ], [ -3.7713016839994, 41.011885149020301 ], [ -3.780298169879988, 41.00057575858866 ], [ -3.809536748991899, 40.987650740952496 ], [ -3.829778842223222, 40.986035113747974 ], [ -3.845522692514251, 40.982803859338937 ], [ -3.870263028685869, 40.971494468907295 ], [ -3.879259514566456, 40.974725723316332 ], [ -3.881508636036603, 40.97311009611181 ], [ -3.890505121917192, 40.968263214498251 ], [ -3.899501607797779, 40.958569451271131 ], [ -3.903999850738074, 40.956953824066609 ], [ -3.919743701029104, 40.937566297612364 ], [ -3.93773667279028, 40.927872534385244 ], [ -3.94448403720072, 40.903638126317432 ], [ -3.946733158670867, 40.863247446204426 ], [ -3.964726130432043, 40.834166156523054 ], [ -3.962477008961896, 40.822856766091412 ], [ -3.980469980723072, 40.798622358023607 ], [ -3.978220859252925, 40.787312967591959 ], [ -3.980469980723072, 40.784081713182921 ], [ -4.002961195424543, 40.788928594796481 ], [ -4.007459438364837, 40.787312967591959 ], [ -4.020954167185719, 40.780850458773877 ], [ -4.070434839528954, 40.79377547641004 ], [ -4.097424297170717, 40.764694186728676 ], [ -4.097424297170717, 40.748537914683467 ], [ -4.110919025991599, 40.743691033069908 ], [ -4.126662876282628, 40.724303506615662 ], [ -4.144655848043804, 40.695222216934297 ], [ -4.160399698334833, 40.690375335320738 ], [ -4.187389155976598, 40.695222216934297 ], [ -4.252613678610862, 40.688759708116216 ], [ -4.275104893312331, 40.677450317684574 ], [ -4.284101379192919, 40.680681572093611 ], [ -4.315589079774977, 40.666140927252926 ], [ -4.320087322715272, 40.648369028003202 ], [ -4.333582051536153, 40.637059637571561 ], [ -4.365069752118211, 40.637059637571561 ], [ -4.387560966819683, 40.635444010367038 ], [ -4.419048667401741, 40.633828383162516 ], [ -4.419048667401741, 40.654831536821284 ], [ -4.43479251769277, 40.716225370593065 ], [ -4.432543396222622, 40.742075405865393 ], [ -4.455034610924093, 40.755000423501556 ], [ -4.482024068565856, 40.792159849205518 ], [ -4.473027582685269, 40.800237985228122 ], [ -4.497767918856885, 40.834166156523054 ], [ -4.54724859120012, 40.82608802050045 ], [ -4.558494198550855, 40.839013038136613 ], [ -4.533753862379237, 40.864863073408941 ], [ -4.558494198550855, 40.885866227067709 ], [ -4.551746834140415, 40.906869380726476 ], [ -4.558494198550855, 40.916563143953596 ], [ -4.558494198550855, 40.940797552021408 ], [ -4.567490684431442, 40.945644433634968 ], [ -4.565241562961296, 40.956953824066609 ], [ -4.596729263543354, 40.965031960089213 ], [ -4.612473113834383, 40.987650740952496 ], [ -4.616971356774677, 41.003807012997697 ], [ -4.623718721185119, 41.007038267406742 ], [ -4.639462571476148, 41.029657048270025 ], [ -4.659704664707471, 41.040966438701673 ], [ -4.659704664707471, 41.040966438701673 ], [ -4.702437972640265, 41.052275829133315 ], [ -4.715932701461146, 41.07166335558756 ], [ -4.706936215580559, 41.089435254837284 ], [ -4.715932701461146, 41.107207154087007 ], [ -4.724929187341735, 41.123363426132215 ], [ -4.715932701461146, 41.133057189359334 ], [ -4.722680065871588, 41.149213461404543 ], [ -4.720430944401441, 41.157291597427147 ], [ -4.702437972640265, 41.17506349667687 ], [ -4.679946757938794, 41.186372887108512 ], [ -4.643960814416442, 41.168600987858788 ], [ -4.628216964125413, 41.17021661506331 ], [ -4.632715207065706, 41.184757259903989 ], [ -4.650708178826882, 41.199297904744675 ], [ -4.648459057356735, 41.22353231281248 ], [ -4.61472223530453, 41.241304212062204 ], [ -4.612473113834383, 41.244535466471248 ], [ -4.598978385013501, 41.263922992925494 ], [ -4.574238048841885, 41.275232383357135 ], [ -4.594480142073207, 41.296235537015903 ], [ -4.605725749423943, 41.312391809061111 ], [ -4.596729263543354, 41.320469945083708 ], [ -4.558494198550855, 41.302698045833985 ], [ -4.533753862379237, 41.318854317879186 ], [ -4.504515283267327, 41.310776181856589 ], [ -4.500017040327032, 41.301082418629463 ], [ -4.470778461215122, 41.291388655402343 ], [ -4.468529339744975, 41.296235537015903 ], [ -4.473027582685269, 41.322085572288231 ], [ -4.493269675916592, 41.32693245390179 ], [ -4.502266161797181, 41.343088725946998 ], [ -4.495518797386739, 41.364091879605766 ], [ -4.484273190036003, 41.365707506810281 ], [ -4.484273190036003, 41.367323134014804 ], [ -4.515760890618061, 41.394788796491653 ], [ -4.513511769147915, 41.409329441332332 ], [ -4.486522311506151, 41.409329441332332 ], [ -4.466280218274827, 41.417407577354936 ], [ -4.430294274752475, 41.431948222195622 ], [ -4.407803060051005, 41.441641985422748 ], [ -4.365069752118211, 41.436795103809182 ], [ -4.362820630648065, 41.449720121445345 ], [ -4.331332930066006, 41.444873239831786 ], [ -4.299845229483948, 41.45779825746795 ], [ -4.261610164491449, 41.451335748649868 ], [ -4.243617192730273, 41.461029511876987 ], [ -4.227873342439244, 41.459413884672472 ] ] ] ] } },
{ "type": "Feature", "properties": { "name": "Soria", "id": 42 }, "geometry": { "type": "MultiPolygon", "coordinates": [ [ [ [ -2.624249734224422, 41.22353231281248 ], [ -2.635495341575158, 41.22353231281248 ], [ -2.646740948925892, 41.239688584857689 ], [ -2.669232163627363, 41.236457330448644 ], [ -2.696221621269126, 41.24615109367577 ], [ -2.709716350090009, 41.252613602493852 ], [ -2.716463714500451, 41.275232383357135 ], [ -2.76144614390339, 41.27361675615262 ], [ -2.774940872724272, 41.249382348084808 ], [ -2.781688237134713, 41.254229229698367 ], [ -2.819923302127213, 41.257460484107412 ], [ -2.867154853000301, 41.275232383357135 ], [ -2.873902217410741, 41.297851164220425 ], [ -2.867154853000301, 41.312391809061111 ], [ -2.88289870329133, 41.322085572288231 ], [ -2.887396946231624, 41.325316826697275 ], [ -2.907639039462946, 41.32693245390179 ], [ -2.934628497104711, 41.314007436265626 ], [ -2.95037234739574, 41.293004282606859 ], [ -3.006600384149415, 41.284926146584262 ], [ -3.017845991500151, 41.289773028197821 ], [ -3.06282842090309, 41.27361675615262 ], [ -3.098814364425442, 41.280079264970695 ], [ -3.107810850306031, 41.288157400993299 ], [ -3.164038887059705, 41.294619909811381 ], [ -3.177533615880588, 41.299466791424948 ], [ -3.206772194992499, 41.304313673038507 ], [ -3.236010774104411, 41.318854317879186 ], [ -3.269747596156616, 41.341473098742476 ], [ -3.271996717626763, 41.352782489174118 ], [ -3.328224754380438, 41.37701689724193 ], [ -3.346217726141614, 41.396404423696168 ], [ -3.34171948320132, 41.417407577354936 ], [ -3.346217726141614, 41.428716967786585 ], [ -3.330473875850585, 41.461029511876987 ], [ -3.350715969081909, 41.45779825746795 ], [ -3.36421069790279, 41.467492020695069 ], [ -3.384452791134114, 41.465876393490547 ], [ -3.413691370246024, 41.475570156717673 ], [ -3.42493697759676, 41.482032665535755 ], [ -3.420438734656466, 41.512729582421642 ], [ -3.458673799648965, 41.536963990489454 ], [ -3.478915892880288, 41.520807718444246 ], [ -3.535143929633964, 41.548273380921096 ], [ -3.541891294044405, 41.57735467060246 ], [ -3.550887779924993, 41.596742197056706 ], [ -3.541891294044405, 41.608051587488347 ], [ -3.532894808163816, 41.611282841897392 ], [ -3.508154471992199, 41.596742197056706 ], [ -3.481165014350434, 41.596742197056706 ], [ -3.465421164059405, 41.588664061034109 ], [ -3.436182584947495, 41.622592232329033 ], [ -3.436182584947495, 41.638748504374242 ], [ -3.418189613186319, 41.656520403623965 ], [ -3.393449277014701, 41.690448574918889 ], [ -3.357463333492349, 41.693679829327934 ], [ -3.355214212022203, 41.734070509440947 ], [ -3.323726511440144, 41.742148645463544 ], [ -3.321477389969997, 41.748611154281633 ], [ -3.307982661149115, 41.759920544713275 ], [ -3.283242324977499, 41.761536171917797 ], [ -3.276494960567057, 41.767998680735872 ], [ -3.285491446447645, 41.789001834394639 ], [ -3.276494960567057, 41.793848716008199 ], [ -3.285491446447645, 41.814851869666967 ], [ -3.289989689387939, 41.842317532143817 ], [ -3.278744082037203, 41.868167567416144 ], [ -3.289989689387939, 41.876245703438748 ], [ -3.283242324977499, 41.884323839461345 ], [ -3.269747596156616, 41.869783194620666 ], [ -3.247256381455145, 41.864936313007107 ], [ -3.242758138514851, 41.863320685802584 ], [ -3.233761652634264, 41.840701904939294 ], [ -3.195526587641764, 41.829392514507653 ], [ -3.188779223231323, 41.801926852030803 ], [ -3.170786251470147, 41.792233088803684 ], [ -3.137049429417942, 41.81162061525793 ], [ -3.137049429417942, 41.818083124076011 ], [ -3.096565242955295, 41.864936313007107 ], [ -3.096565242955295, 41.881092585052308 ], [ -3.076323149723972, 41.88270821225683 ], [ -3.044835449141914, 41.889170721074912 ], [ -3.044835449141914, 41.88755509387039 ], [ -3.038088084731474, 41.885939466665867 ], [ -3.03358984179118, 41.889170721074912 ], [ -3.017845991500151, 41.88755509387039 ], [ -3.011098627089709, 41.915020756347232 ], [ -2.997603898268826, 41.932792655596963 ], [ -2.970614440627063, 41.929561401187918 ], [ -2.959368833276327, 41.952180182051208 ], [ -2.96611619768677, 41.966720826891887 ], [ -2.932379375634564, 42.018420897436542 ], [ -2.914386403873387, 42.023267779050109 ], [ -2.891895189171917, 42.016805270232027 ], [ -2.878400460351035, 42.011958388618467 ], [ -2.84466363829883, 42.03457716948175 ], [ -2.813175937716771, 42.036192796686272 ], [ -2.797432087425742, 42.047502187117914 ], [ -2.801930330366037, 42.08304598561736 ], [ -2.790684723015302, 42.108896020889688 ], [ -2.774940872724272, 42.123436665730374 ], [ -2.750200536552656, 42.116974156912292 ], [ -2.73895492920192, 42.125052292934896 ], [ -2.707467228619862, 42.10566476648065 ], [ -2.707467228619862, 42.086277240026405 ], [ -2.756947900963096, 42.032961542277228 ], [ -2.747951415082508, 42.011958388618467 ], [ -2.705218107149715, 42.015189643027504 ], [ -2.673730406567657, 41.997417743777781 ], [ -2.660235677746774, 42.005495879800378 ], [ -2.626498855694569, 42.0071115070049 ], [ -2.579267304821482, 41.995802116573259 ], [ -2.565772576000601, 42.013574015822982 ], [ -2.552277847179719, 42.045886559913392 ], [ -2.514042782187218, 42.068505340776682 ], [ -2.518541025127513, 42.091124121639965 ], [ -2.514042782187218, 42.113742902503255 ], [ -2.509544539246924, 42.115358529707777 ], [ -2.484804203075308, 42.10566476648065 ], [ -2.457814745433543, 42.115358529707777 ], [ -2.437572652202221, 42.13797731057106 ], [ -2.401586708679869, 42.139592937775575 ], [ -2.397088465739573, 42.136361683366538 ], [ -2.388091979858986, 42.142824192184619 ], [ -2.331863943105311, 42.146055446593664 ], [ -2.282383270762077, 42.131514801752978 ], [ -2.282383270762077, 42.11051164809421 ], [ -2.268888541941195, 42.087892867230927 ], [ -2.237400841359136, 42.102433512071613 ], [ -2.176674561665166, 42.104049139276128 ], [ -2.147435982553255, 42.104049139276128 ], [ -2.127193889321934, 42.097586630458046 ], [ -2.127193889321934, 42.079814731208323 ], [ -2.160930711374139, 42.066889713572159 ], [ -2.154183346963695, 42.047502187117914 ], [ -2.115948281971196, 42.021652151845586 ], [ -2.106951796090609, 42.002264625391341 ], [ -2.111450039030903, 41.997417743777781 ], [ -2.124944767851787, 41.995802116573259 ], [ -2.115948281971196, 41.966720826891887 ], [ -2.109200917560756, 41.95864269086929 ], [ -2.075464095508551, 41.950564554846686 ], [ -2.050723759336933, 41.950564554846686 ], [ -2.037229030516052, 41.939255164415044 ], [ -2.028232544635465, 41.953795809255723 ], [ -1.981000993762375, 41.919867637960799 ], [ -1.915776471128112, 41.932792655596963 ], [ -1.906779985247525, 41.945717673233126 ], [ -1.877541406135613, 41.952180182051208 ], [ -1.857299312904292, 41.966720826891887 ], [ -1.857299312904292, 41.910173874733673 ], [ -1.839306341143114, 41.889170721074912 ], [ -1.839306341143114, 41.87786133064327 ], [ -1.839306341143114, 41.874630076234226 ], [ -1.832558976732674, 41.863320685802584 ], [ -1.821313369381937, 41.861705058598062 ], [ -1.81906424791179, 41.861705058598062 ], [ -1.81906424791179, 41.827776887303131 ], [ -1.825811612322234, 41.819698751280526 ], [ -1.843804584083408, 41.805158106439848 ], [ -1.852801069963995, 41.789001834394639 ], [ -1.825811612322234, 41.77930807116752 ], [ -1.825811612322234, 41.772845562349438 ], [ -1.821313369381937, 41.766383053531356 ], [ -1.803320397620762, 41.750226781486148 ], [ -1.810067762031203, 41.735686136645469 ], [ -1.776330939978997, 41.724376746213821 ], [ -1.787576547329731, 41.698526710941493 ], [ -1.812316883501349, 41.68560169330533 ], [ -1.805569519090909, 41.664598539646569 ], [ -1.812316883501349, 41.661367285237525 ], [ -1.859548434374439, 41.661367285237525 ], [ -1.873043163195319, 41.638748504374242 ], [ -1.897783499366938, 41.63228599555616 ], [ -1.909029106717671, 41.620976605124511 ], [ -1.922523835538552, 41.598357824261228 ], [ -1.985499236702669, 41.606435960283832 ], [ -1.992246601113113, 41.59997345146575 ], [ -1.99449572258326, 41.57735467060246 ], [ -1.967506264941495, 41.545042126512051 ], [ -1.978751872292229, 41.527270227262328 ], [ -1.981000993762375, 41.486879547149314 ], [ -1.969755386411641, 41.482032665535755 ], [ -1.954011536120611, 41.462645139081509 ], [ -1.954011536120611, 41.423870086173018 ], [ -1.936018564359436, 41.420638831763981 ], [ -1.938267685829583, 41.407713814127817 ], [ -1.954011536120611, 41.409329441332332 ], [ -2.025983423165318, 41.383479406060005 ], [ -2.034979909045905, 41.386710660469049 ], [ -2.034979909045905, 41.427101340582063 ], [ -2.046225516396639, 41.433563849400144 ], [ -2.102453553150315, 41.446488867036308 ], [ -2.115948281971196, 41.42548571337754 ], [ -2.12044652491149, 41.389941914878094 ], [ -2.12044652491149, 41.389941914878094 ], [ -2.124944767851787, 41.368938761219326 ], [ -2.163179832844284, 41.356013743583162 ], [ -2.156432468433845, 41.336626217128916 ], [ -2.169927197254726, 41.322085572288231 ], [ -2.172176318724873, 41.296235537015903 ], [ -2.158681589903992, 41.265538620130016 ], [ -2.149685104023401, 41.218685431198921 ], [ -2.145186861083108, 41.184757259903989 ], [ -2.079962338448844, 41.17021661506331 ], [ -2.050723759336933, 41.14759783420002 ], [ -2.050723759336933, 41.129825934950297 ], [ -2.066467609627963, 41.095897763655366 ], [ -2.048474637866786, 41.078125864405642 ], [ -2.057471123747376, 41.070047728383038 ], [ -2.118197403441343, 41.102360272473447 ], [ -2.12944301079208, 41.116900917314133 ], [ -2.142937739612961, 41.102360272473447 ], [ -2.167678075784579, 41.095897763655366 ], [ -2.174425440195019, 41.082972746019202 ], [ -2.232902598418843, 41.097513390859888 ], [ -2.264390299000899, 41.066816473974001 ], [ -2.293628878112811, 41.07166335558756 ], [ -2.322867457224723, 41.057122710746874 ], [ -2.354355157806781, 41.086204000428246 ], [ -2.401586708679869, 41.061969592360441 ], [ -2.419579680441045, 41.057122710746874 ], [ -2.430825287791778, 41.07166335558756 ], [ -2.469060352784279, 41.078125864405642 ], [ -2.482555081605161, 41.116900917314133 ], [ -2.509544539246924, 41.118516544518656 ], [ -2.516291903657367, 41.145982206995498 ], [ -2.536533996888689, 41.162138479040706 ], [ -2.538783118358836, 41.154060343018102 ], [ -2.574769061881188, 41.139519698177423 ], [ -2.595011155112511, 41.149213461404543 ], [ -2.577018183351335, 41.178294751085915 ], [ -2.601758519522953, 41.187988514313034 ], [ -2.619751491284129, 41.183141632699474 ], [ -2.619751491284129, 41.196066650335638 ], [ -2.601758519522953, 41.194451023131116 ], [ -2.58826379070207, 41.22353231281248 ], [ -2.590512912172217, 41.225147940017003 ], [ -2.624249734224422, 41.22353231281248 ] ] ] ] } },
{ "type": "Feature", "properties": { "name": "Valladolid", "id": 47 }, "geometry": { "type": "MultiPolygon", "coordinates": [ [ [ [ -5.274778599725913, 41.97877253252561 ], [ -5.280462190468047, 41.978030217323536 ], [ -5.300704283699369, 41.990955234959699 ], [ -5.323195498400841, 42.018420897436542 ], [ -5.347935834572457, 42.023267779050109 ], [ -5.377174413684369, 42.041039678299832 ], [ -5.374925292214222, 42.068505340776682 ], [ -5.390669142505251, 42.089508494435449 ], [ -5.381672656624662, 42.095971003253524 ], [ -5.377174413684369, 42.112127275298732 ], [ -5.370427049273928, 42.129899174548456 ], [ -5.381672656624662, 42.150902328207223 ], [ -5.388420021035104, 42.171905481865991 ], [ -5.379423535154515, 42.197755517138319 ], [ -5.388420021035104, 42.217143043592557 ], [ -5.381672656624662, 42.225221179615161 ], [ -5.34568671310231, 42.220374298001602 ], [ -5.307451648109812, 42.199371144342834 ], [ -5.302953405169518, 42.221989925206124 ], [ -5.287209554878489, 42.230068061228721 ], [ -5.264718340177017, 42.210680534774482 ], [ -5.233230639594959, 42.218758670797079 ], [ -5.228732396654665, 42.230068061228721 ], [ -5.253472732826284, 42.239761824455847 ], [ -5.244476246945695, 42.263996232523652 ], [ -5.219735910774078, 42.278536877364338 ], [ -5.197244696072607, 42.260764978114615 ], [ -5.183749967251725, 42.263996232523652 ], [ -5.143265780789079, 42.281768131773376 ], [ -5.111778080207021, 42.31246504865927 ], [ -5.109528958736874, 42.31246504865927 ], [ -5.093785108445845, 42.309233794250225 ], [ -5.062297407863786, 42.278536877364338 ], [ -5.069044772274228, 42.260764978114615 ], [ -5.055550043453346, 42.257533723705571 ], [ -5.042055314632464, 42.267227486932697 ], [ -5.03755707169217, 42.297924403818584 ], [ -5.001571128169816, 42.28984626779598 ], [ -5.019564099930994, 42.254302469296533 ], [ -5.010567614050405, 42.228452434024206 ], [ -5.024062342871288, 42.217143043592557 ], [ -5.012816735520552, 42.194524262729274 ], [ -5.030809707281728, 42.173521109070506 ], [ -5.026311464341434, 42.154133582616261 ], [ -4.981329034938494, 42.146055446593664 ], [ -4.965585184647464, 42.150902328207223 ], [ -4.927350119654966, 42.150902328207223 ], [ -4.929599241125112, 42.118589784116814 ], [ -4.918353633774377, 42.091124121639965 ], [ -4.904858904953496, 42.078199104003801 ], [ -4.927350119654966, 42.073352222390241 ], [ -4.949841334356435, 42.050733441526958 ], [ -4.938595727005701, 42.020036524641064 ], [ -4.936346605535554, 42.018420897436542 ], [ -4.952090455826584, 42.011958388618467 ], [ -4.974581670528053, 41.994186489368737 ], [ -4.98357815640864, 41.966720826891887 ], [ -5.006069371110112, 41.947333300437649 ], [ -4.98357815640864, 41.910173874733673 ], [ -4.949841334356435, 41.934408282801485 ], [ -4.929599241125112, 41.916636383551754 ], [ -4.911606269363936, 41.915020756347232 ], [ -4.889115054662467, 41.932792655596963 ], [ -4.868872961431144, 41.93117702839244 ], [ -4.866623839960996, 41.918252010756277 ], [ -4.855378232610262, 41.915020756347232 ], [ -4.837385260849086, 41.898864484302031 ], [ -4.83288701790879, 41.881092585052308 ], [ -4.814894046147614, 41.863320685802584 ], [ -4.790153709975998, 41.818083124076011 ], [ -4.75866600939394, 41.826161260098615 ], [ -4.727178308811881, 41.85524254977998 ], [ -4.727178308811881, 41.868167567416144 ], [ -4.677697636468647, 41.900480111506553 ], [ -4.657455543237324, 41.897248857097509 ], [ -4.637213450006001, 41.88755509387039 ], [ -4.632715207065706, 41.863320685802584 ], [ -4.616971356774677, 41.852011295370943 ], [ -4.589981899132914, 41.837470650530257 ], [ -4.565241562961296, 41.813236242462452 ], [ -4.549497712670266, 41.831008141712175 ], [ -4.520259133558357, 41.822930005689571 ], [ -4.509013526207621, 41.83262376891669 ], [ -4.470778461215122, 41.840701904939294 ], [ -4.473027582685269, 41.83262376891669 ], [ -4.461781975334533, 41.819698751280526 ], [ -4.486522311506151, 41.819698751280526 ], [ -4.493269675916592, 41.780923698372035 ], [ -4.502266161797181, 41.771229935144916 ], [ -4.455034610924093, 41.759920544713275 ], [ -4.446038125043504, 41.758304917508752 ], [ -4.441539882103211, 41.758304917508752 ], [ -4.403304817110712, 41.782539325576558 ], [ -4.378564480939094, 41.780923698372035 ], [ -4.329083808595859, 41.769614307940394 ], [ -4.317838201245126, 41.763151799122312 ], [ -4.30659259389439, 41.776076816758476 ], [ -4.286350500663067, 41.774461189553961 ], [ -4.259361043021302, 41.805158106439848 ], [ -4.236869828319833, 41.813236242462452 ], [ -4.232371585379537, 41.808389360848885 ], [ -4.214378613618361, 41.800311224826288 ], [ -4.185140034506452, 41.801926852030803 ], [ -4.153652333924393, 41.795464343212721 ], [ -4.135659362163217, 41.803542479235325 ], [ -4.122164633342335, 41.806773733644363 ], [ -4.117666390402041, 41.800311224826288 ], [ -4.099673418640863, 41.774461189553961 ], [ -4.041196260417042, 41.767998680735872 ], [ -4.050192746297629, 41.767998680735872 ], [ -4.054690989237924, 41.740533018259029 ], [ -4.068185718058807, 41.740533018259029 ], [ -4.077182203939394, 41.725992373418343 ], [ -4.038947138946895, 41.706604846964098 ], [ -4.025452410126013, 41.67590793007821 ], [ -4.025452410126013, 41.659751658033002 ], [ -4.02770153159616, 41.656520403623965 ], [ -4.029950653066306, 41.645211013192323 ], [ -4.032199774536453, 41.617745350715474 ], [ -4.02770153159616, 41.614514096306436 ], [ -4.002961195424543, 41.616129723510952 ], [ -3.980469980723072, 41.583817179420542 ], [ -3.993964709543954, 41.556351516943693 ], [ -3.993964709543954, 41.540195244898491 ], [ -3.993964709543954, 41.530501481671365 ], [ -4.000712073954396, 41.515960836830686 ], [ -4.02770153159616, 41.517576464035201 ], [ -4.056940110708071, 41.499804564785478 ], [ -4.065936596588658, 41.494957683171918 ], [ -4.074933082469247, 41.494957683171918 ], [ -4.099673418640863, 41.486879547149314 ], [ -4.122164633342335, 41.480417038331233 ], [ -4.142406726573657, 41.470723275104113 ], [ -4.158150576864687, 41.482032665535755 ], [ -4.227873342439244, 41.459413884672472 ], [ -4.243617192730273, 41.461029511876987 ], [ -4.261610164491449, 41.451335748649868 ], [ -4.299845229483948, 41.45779825746795 ], [ -4.331332930066006, 41.444873239831786 ], [ -4.362820630648065, 41.449720121445345 ], [ -4.365069752118211, 41.436795103809182 ], [ -4.407803060051005, 41.441641985422748 ], [ -4.430294274752475, 41.431948222195622 ], [ -4.466280218274827, 41.417407577354936 ], [ -4.486522311506151, 41.409329441332332 ], [ -4.513511769147915, 41.409329441332332 ], [ -4.515760890618061, 41.394788796491653 ], [ -4.484273190036003, 41.367323134014804 ], [ -4.484273190036003, 41.365707506810281 ], [ -4.495518797386739, 41.364091879605766 ], [ -4.502266161797181, 41.343088725946998 ], [ -4.493269675916592, 41.32693245390179 ], [ -4.473027582685269, 41.322085572288231 ], [ -4.468529339744975, 41.296235537015903 ], [ -4.470778461215122, 41.291388655402343 ], [ -4.500017040327032, 41.301082418629463 ], [ -4.504515283267327, 41.310776181856589 ], [ -4.533753862379237, 41.318854317879186 ], [ -4.558494198550855, 41.302698045833985 ], [ -4.596729263543354, 41.320469945083708 ], [ -4.605725749423943, 41.312391809061111 ], [ -4.594480142073207, 41.296235537015903 ], [ -4.574238048841885, 41.275232383357135 ], [ -4.598978385013501, 41.263922992925494 ], [ -4.612473113834383, 41.244535466471248 ], [ -4.61472223530453, 41.241304212062204 ], [ -4.648459057356735, 41.22353231281248 ], [ -4.650708178826882, 41.199297904744675 ], [ -4.632715207065706, 41.184757259903989 ], [ -4.628216964125413, 41.17021661506331 ], [ -4.643960814416442, 41.168600987858788 ], [ -4.679946757938794, 41.186372887108512 ], [ -4.702437972640265, 41.17506349667687 ], [ -4.720430944401441, 41.157291597427147 ], [ -4.722680065871588, 41.149213461404543 ], [ -4.785655467035705, 41.144366579790983 ], [ -4.812644924677468, 41.129825934950297 ], [ -4.814894046147614, 41.10397589967797 ], [ -4.828388774968497, 41.09912901806441 ], [ -4.855378232610262, 41.100744645268932 ], [ -4.864374718490849, 41.094282136450843 ], [ -4.90935714789379, 41.118516544518656 ], [ -4.911606269363936, 41.120132171723171 ], [ -4.949841334356435, 41.141135325381939 ], [ -4.958837820237024, 41.139519698177423 ], [ -4.967834306117611, 41.152444715813587 ], [ -4.990325520819082, 41.160522851836184 ], [ -5.012816735520552, 41.163754106245229 ], [ -5.021813221401141, 41.154060343018102 ], [ -5.048802679042904, 41.142750952586461 ], [ -5.075792136684669, 41.139519698177423 ], [ -5.100532472856285, 41.14759783420002 ], [ -5.125272809027903, 41.131441562154819 ], [ -5.179251724311431, 41.166985360654266 ], [ -5.21748678930393, 41.158907224631662 ], [ -5.228732396654665, 41.189604141517556 ], [ -5.253472732826284, 41.199297904744675 ], [ -5.289458676348636, 41.196066650335638 ], [ -5.289458676348636, 41.181526005494952 ], [ -5.332191984281428, 41.178294751085915 ], [ -5.341188470162017, 41.194451023131116 ], [ -5.296206040759076, 41.229994821630562 ], [ -5.300704283699369, 41.262307365720972 ], [ -5.291707797818782, 41.268769874539053 ], [ -5.305202526639665, 41.318854317879186 ], [ -5.323195498400841, 41.32693245390179 ], [ -5.334441105751575, 41.364091879605766 ], [ -5.332191984281428, 41.381863778855489 ], [ -5.307451648109812, 41.414176322945899 ], [ -5.33893934869187, 41.42548571337754 ], [ -5.325444619870987, 41.454567003058905 ], [ -5.33893934869187, 41.462645139081509 ], [ -5.334441105751575, 41.475570156717673 ], [ -5.311949891050105, 41.490110801558359 ], [ -5.300704283699369, 41.499804564785478 ], [ -5.253472732826284, 41.509498328012604 ], [ -5.228732396654665, 41.52888585446685 ], [ -5.246725368415841, 41.546657753716573 ], [ -5.273714826057606, 41.549889008125618 ], [ -5.293956919288929, 41.574123416193423 ], [ -5.266967461647164, 41.590279688238624 ], [ -5.27146570458746, 41.601589078670273 ], [ -5.329942862811281, 41.616129723510952 ], [ -5.318697255460545, 41.637132877169719 ], [ -5.323195498400841, 41.648442267601361 ], [ -5.323195498400841, 41.650057894805883 ], [ -5.327693741341134, 41.68075481169177 ], [ -5.341188470162017, 41.698526710941493 ], [ -5.359181441923193, 41.700142338146016 ], [ -5.361430563393339, 41.72922362782738 ], [ -5.374925292214222, 41.719529864600261 ], [ -5.390669142505251, 41.758304917508752 ], [ -5.365928806333633, 41.77930807116752 ], [ -5.350184956042604, 41.780923698372035 ], [ -5.334441105751575, 41.789001834394639 ], [ -5.314199012520252, 41.793848716008199 ], [ -5.280462190468047, 41.813236242462452 ], [ -5.275963947527753, 41.822930005689571 ], [ -5.329942862811281, 41.831008141712175 ], [ -5.305202526639665, 41.866551940211622 ], [ -5.311949891050105, 41.88270821225683 ], [ -5.300704283699369, 41.906942620324635 ], [ -5.293956919288929, 41.919867637960799 ], [ -5.320946376930694, 41.937639537210522 ], [ -5.334441105751575, 41.937639537210522 ], [ -5.305202526639665, 41.953795809255723 ], [ -5.274778599725913, 41.97877253252561 ] ], [ [ -5.268092022382266, 41.979645844528051 ], [ -5.25572185429643, 41.979645844528051 ], [ -5.25572185429643, 41.981261471732573 ], [ -5.268092022382266, 41.979645844528051 ] ] ], [ [ [ -5.307451648109812, 42.272074368546257 ], [ -5.300704283699369, 42.268843114137212 ], [ -5.302953405169518, 42.252686842092011 ], [ -5.336690227221723, 42.230068061228721 ], [ -5.34568671310231, 42.267227486932697 ], [ -5.307451648109812, 42.272074368546257 ] ] ], [ [ [ -5.521118187773778, 42.097586630458046 ], [ -5.498626973072307, 42.08304598561736 ], [ -5.480634001311131, 42.052349068731473 ], [ -5.437900693378339, 42.031345915072706 ], [ -5.422156843087309, 42.031345915072706 ], [ -5.446897179258926, 42.010342761413945 ], [ -5.431153328967897, 42.002264625391341 ], [ -5.437900693378339, 41.966720826891887 ], [ -5.485132244251425, 41.984492726141617 ], [ -5.487381365721573, 41.995802116573259 ], [ -5.478384879840984, 42.003880252595863 ], [ -5.471637515430544, 42.005495879800378 ], [ -5.491879608661867, 42.032961542277228 ], [ -5.487381365721573, 42.03942405109531 ], [ -5.507623458952896, 42.057195950345033 ], [ -5.500876094542454, 42.066889713572159 ], [ -5.521118187773778, 42.097586630458046 ] ] ] ] } },
{ "type": "Feature", "properties": { "name": "La Rioja", "id": 26 }, "geometry": { "type": "MultiPolygon", "coordinates": [ [ [ [ -3.089817878544855, 42.477259023520354 ], [ -3.094316121485148, 42.49179966836104 ], [ -3.078572271194119, 42.499877804383644 ], [ -3.076323149723972, 42.520880958042405 ], [ -3.083070514134414, 42.53542160288309 ], [ -3.107810850306031, 42.528959094065009 ], [ -3.134800307947796, 42.541884111701172 ], [ -3.087568757074708, 42.5677341469735 ], [ -3.085319635604561, 42.582274791814186 ], [ -3.060579299432943, 42.58873730063226 ], [ -3.060579299432943, 42.603277945472946 ], [ -3.078572271194119, 42.624281099131714 ], [ -3.083070514134414, 42.640437371176915 ], [ -3.04033720620162, 42.640437371176915 ], [ -3.017845991500151, 42.632359235154318 ], [ -3.004351262679268, 42.64366862558596 ], [ -2.977361805037503, 42.637206116767878 ], [ -2.970614440627063, 42.640437371176915 ], [ -2.934628497104711, 42.633974862358841 ], [ -2.923382889753976, 42.621049844722677 ], [ -2.9053899179928, 42.619434217518155 ], [ -2.88289870329133, 42.621049844722677 ], [ -2.858158367119712, 42.6388217439724 ], [ -2.842414516828683, 42.629127980745274 ], [ -2.842414516828683, 42.608124827086513 ], [ -2.819923302127213, 42.614587335904588 ], [ -2.824421545067507, 42.601662318268424 ], [ -2.819923302127213, 42.591968555041305 ], [ -2.840165395358536, 42.580659164609663 ], [ -2.824421545067507, 42.554809129337336 ], [ -2.815425059186918, 42.5677341469735 ], [ -2.804179451836184, 42.564502892564462 ], [ -2.781688237134713, 42.579043537405141 ], [ -2.765944386843685, 42.619434217518155 ], [ -2.750200536552656, 42.624281099131714 ], [ -2.705218107149715, 42.600046691063909 ], [ -2.682726892448246, 42.595199809450349 ], [ -2.691723378328833, 42.543499738905695 ], [ -2.698470742739273, 42.527343466860486 ], [ -2.705218107149715, 42.516034076428845 ], [ -2.69397249979898, 42.519265330837882 ], [ -2.67822864950795, 42.524112212451449 ], [ -2.669232163627363, 42.509571567610763 ], [ -2.653488313336334, 42.495030922770077 ], [ -2.648990070396041, 42.483721532338436 ], [ -2.608505883933393, 42.498262177179122 ], [ -2.601758519522953, 42.485337159542958 ], [ -2.590512912172217, 42.482105905133913 ], [ -2.572519940411041, 42.493415295565555 ], [ -2.547779604239423, 42.483721532338436 ], [ -2.536533996888689, 42.483721532338436 ], [ -2.538783118358836, 42.493415295565555 ], [ -2.514042782187218, 42.517649703633367 ], [ -2.505046296306631, 42.512802822019808 ], [ -2.516291903657367, 42.490184041156517 ], [ -2.478056838664866, 42.48695278674748 ], [ -2.448818259552956, 42.496646549974599 ], [ -2.419579680441045, 42.488568413951995 ], [ -2.399337587209722, 42.470796514702272 ], [ -2.37684637250825, 42.472412141906794 ], [ -2.352106036336634, 42.465949633088712 ], [ -2.343109550456045, 42.451408988248026 ], [ -2.325116578694869, 42.467565260293227 ], [ -2.298127121053104, 42.457871497066108 ], [ -2.289130635172517, 42.467565260293227 ], [ -2.273386784881488, 42.444946479429944 ], [ -2.257642934590459, 42.448177733838989 ], [ -2.235151719888989, 42.428790207384736 ], [ -2.210411383717371, 42.414249562544057 ], [ -2.185671047545755, 42.419096444157617 ], [ -2.174425440195019, 42.407787053725976 ], [ -2.133941253732374, 42.420712071362139 ], [ -2.111450039030903, 42.419096444157617 ], [ -2.115948281971196, 42.399708917703371 ], [ -2.086709702859284, 42.38355264565817 ], [ -2.093457067269728, 42.375474509635566 ], [ -2.079962338448844, 42.36578074640844 ], [ -2.088958824329431, 42.346393219954194 ], [ -2.070965852568257, 42.343161965545157 ], [ -2.046225516396639, 42.359318237590358 ], [ -2.028232544635465, 42.362549491999403 ], [ -2.019236058754874, 42.369012000817484 ], [ -1.99449572258326, 42.362549491999403 ], [ -1.969755386411641, 42.348008847158717 ], [ -1.965257143471348, 42.333468202318031 ], [ -1.94051680729973, 42.335083829522553 ], [ -1.93376944288929, 42.322158811886389 ], [ -1.918025592598259, 42.327005693499956 ], [ -1.893285256426644, 42.28984626779598 ], [ -1.870794041725173, 42.28984626779598 ], [ -1.868544920255026, 42.268843114137212 ], [ -1.873043163195319, 42.252686842092011 ], [ -1.843804584083408, 42.252686842092011 ], [ -1.81906424791179, 42.246224333273929 ], [ -1.816815126441643, 42.230068061228721 ], [ -1.780829182919291, 42.223605552410646 ], [ -1.740344996456646, 42.212296161978998 ], [ -1.726850267635765, 42.21391178918352 ], [ -1.70660817440444, 42.207449280365438 ], [ -1.704359052934294, 42.19129300832023 ], [ -1.681867838232822, 42.192908635524752 ], [ -1.679618716762675, 42.188061753911192 ], [ -1.699860809994, 42.173521109070506 ], [ -1.679618716762675, 42.150902328207223 ], [ -1.720102903225321, 42.1331304289575 ], [ -1.740344996456646, 42.149286701002701 ], [ -1.765085332628264, 42.150902328207223 ], [ -1.778580061449144, 42.13797731057106 ], [ -1.821313369381937, 42.154133582616261 ], [ -1.837057219672968, 42.141208564980097 ], [ -1.839306341143114, 42.128283547343933 ], [ -1.897783499366938, 42.079814731208323 ], [ -1.909029106717671, 42.058811577549555 ], [ -1.902281742307231, 42.02973028786819 ], [ -1.8865378920162, 42.028114660663668 ], [ -1.855050191434142, 42.002264625391341 ], [ -1.848302827023701, 42.008727134209423 ], [ -1.843804584083408, 41.987723980550655 ], [ -1.866295798784879, 41.978030217323536 ], [ -1.857299312904292, 41.966720826891887 ], [ -1.877541406135613, 41.952180182051208 ], [ -1.906779985247525, 41.945717673233126 ], [ -1.915776471128112, 41.932792655596963 ], [ -1.981000993762375, 41.919867637960799 ], [ -2.028232544635465, 41.953795809255723 ], [ -2.037229030516052, 41.939255164415044 ], [ -2.050723759336933, 41.950564554846686 ], [ -2.075464095508551, 41.950564554846686 ], [ -2.109200917560756, 41.95864269086929 ], [ -2.115948281971196, 41.966720826891887 ], [ -2.124944767851787, 41.995802116573259 ], [ -2.111450039030903, 41.997417743777781 ], [ -2.106951796090609, 42.002264625391341 ], [ -2.115948281971196, 42.021652151845586 ], [ -2.154183346963695, 42.047502187117914 ], [ -2.160930711374139, 42.066889713572159 ], [ -2.127193889321934, 42.079814731208323 ], [ -2.127193889321934, 42.097586630458046 ], [ -2.147435982553255, 42.104049139276128 ], [ -2.176674561665166, 42.104049139276128 ], [ -2.237400841359136, 42.102433512071613 ], [ -2.268888541941195, 42.087892867230927 ], [ -2.282383270762077, 42.11051164809421 ], [ -2.282383270762077, 42.131514801752978 ], [ -2.331863943105311, 42.146055446593664 ], [ -2.388091979858986, 42.142824192184619 ], [ -2.397088465739573, 42.136361683366538 ], [ -2.401586708679869, 42.139592937775575 ], [ -2.437572652202221, 42.13797731057106 ], [ -2.457814745433543, 42.115358529707777 ], [ -2.484804203075308, 42.10566476648065 ], [ -2.509544539246924, 42.115358529707777 ], [ -2.514042782187218, 42.113742902503255 ], [ -2.518541025127513, 42.091124121639965 ], [ -2.514042782187218, 42.068505340776682 ], [ -2.552277847179719, 42.045886559913392 ], [ -2.565772576000601, 42.013574015822982 ], [ -2.579267304821482, 41.995802116573259 ], [ -2.626498855694569, 42.0071115070049 ], [ -2.660235677746774, 42.005495879800378 ], [ -2.673730406567657, 41.997417743777781 ], [ -2.705218107149715, 42.015189643027504 ], [ -2.747951415082508, 42.011958388618467 ], [ -2.756947900963096, 42.032961542277228 ], [ -2.707467228619862, 42.086277240026405 ], [ -2.707467228619862, 42.10566476648065 ], [ -2.73895492920192, 42.125052292934896 ], [ -2.750200536552656, 42.116974156912292 ], [ -2.774940872724272, 42.123436665730374 ], [ -2.790684723015302, 42.108896020889688 ], [ -2.801930330366037, 42.08304598561736 ], [ -2.797432087425742, 42.047502187117914 ], [ -2.813175937716771, 42.036192796686272 ], [ -2.84466363829883, 42.03457716948175 ], [ -2.878400460351035, 42.011958388618467 ], [ -2.891895189171917, 42.016805270232027 ], [ -2.914386403873387, 42.023267779050109 ], [ -2.914386403873387, 42.037808423890795 ], [ -2.934628497104711, 42.089508494435449 ], [ -2.959368833276327, 42.086277240026405 ], [ -3.03358984179118, 42.086277240026405 ], [ -3.049333692082209, 42.112127275298732 ], [ -3.074074028253825, 42.136361683366538 ], [ -3.083070514134414, 42.1331304289575 ], [ -3.089817878544855, 42.158980464229828 ], [ -3.114558214716471, 42.178367990684066 ], [ -3.128052943537353, 42.200986771547356 ], [ -3.10106348589559, 42.217143043592557 ], [ -3.103312607365737, 42.231683688433243 ], [ -3.087568757074708, 42.246224333273929 ], [ -3.098814364425442, 42.262380605319137 ], [ -3.089817878544855, 42.273689995750779 ], [ -3.105561728835884, 42.314080675863792 ], [ -3.096565242955295, 42.327005693499956 ], [ -3.110059971776177, 42.346393219954194 ], [ -3.110059971776177, 42.351240101567761 ], [ -3.067326663843385, 42.354471355976798 ], [ -3.071824906783679, 42.369012000817484 ], [ -3.085319635604561, 42.385168272862686 ], [ -3.103312607365737, 42.385168272862686 ], [ -3.089817878544855, 42.422327698566662 ], [ -3.078572271194119, 42.415865189748573 ], [ -3.083070514134414, 42.398093290498849 ], [ -3.065077542373237, 42.373858882431044 ], [ -3.058330177962796, 42.370627628022007 ], [ -3.053831935022503, 42.373858882431044 ], [ -3.065077542373237, 42.404555799316931 ], [ -3.06282842090309, 42.425558952975699 ], [ -3.047084570612061, 42.444946479429944 ], [ -3.056081056492649, 42.456255869861586 ], [ -3.065077542373237, 42.470796514702272 ], [ -3.083070514134414, 42.475643396315832 ], [ -3.089817878544855, 42.477259023520354 ] ], [ [ -2.999853019738975, 42.601662318268424 ], [ -2.981860047977797, 42.611356081495551 ], [ -2.984109169447946, 42.614587335904588 ], [ -2.999853019738975, 42.601662318268424 ] ], [ [ -2.936877618574858, 42.593584182245827 ], [ -2.923382889753976, 42.600046691063909 ], [ -2.930130254164416, 42.611356081495551 ], [ -2.945874104455445, 42.603277945472946 ], [ -2.936877618574858, 42.593584182245827 ] ] ] ] } },
{ "type": "Feature", "properties": { "name": "León", "id": 24 }, "geometry": { "type": "MultiPolygon", "coordinates": [ [ [ [ -5.687553176564657, 42.13797731057106 ], [ -5.676307569213922, 42.120205411321336 ], [ -5.716791755676567, 42.115358529707777 ], [ -5.748279456258626, 42.115358529707777 ], [ -5.755026820669068, 42.136361683366538 ], [ -5.779767156840684, 42.134746056162015 ], [ -5.804507493012302, 42.125052292934896 ], [ -5.838244315064507, 42.118589784116814 ], [ -5.844991679474948, 42.11051164809421 ], [ -5.85848640829583, 42.115358529707777 ], [ -5.885475865937593, 42.13797731057106 ], [ -5.896721473288329, 42.155749209820783 ], [ -5.912465323579358, 42.141208564980097 ], [ -5.94845126710171, 42.141208564980097 ], [ -5.952949510042004, 42.123436665730374 ], [ -5.973191603273328, 42.129899174548456 ], [ -5.988935453564357, 42.142824192184619 ], [ -6.01592491120612, 42.152517955411739 ], [ -6.07665119090009, 42.162211718638865 ], [ -6.144124835004501, 42.158980464229828 ], [ -6.171114292646266, 42.158980464229828 ], [ -6.211598479108911, 42.147671073798179 ], [ -6.225093207929794, 42.162211718638865 ], [ -6.252082665571557, 42.173521109070506 ], [ -6.294815973504351, 42.178367990684066 ], [ -6.312808945265527, 42.205833653160916 ], [ -6.328552795556556, 42.199371144342834 ], [ -6.398275561131113, 42.197755517138319 ], [ -6.427514140243025, 42.202602398751878 ], [ -6.443257990534054, 42.192908635524752 ], [ -6.459001840825083, 42.197755517138319 ], [ -6.476994812586259, 42.183214872297633 ], [ -6.508482513168317, 42.184830499502155 ], [ -6.515229877578758, 42.199371144342834 ], [ -6.555714064041405, 42.205833653160916 ], [ -6.614191222265227, 42.202602398751878 ], [ -6.638931558436845, 42.217143043592557 ], [ -6.688412230780079, 42.215527416388042 ], [ -6.704156081071108, 42.20906490756996 ], [ -6.724398174302431, 42.217143043592557 ], [ -6.735643781653165, 42.234914942842288 ], [ -6.758134996354636, 42.238146197251325 ], [ -6.785124453996399, 42.254302469296533 ], [ -6.767131482235223, 42.257533723705571 ], [ -6.764882360765077, 42.272074368546257 ], [ -6.74014202459346, 42.297924403818584 ], [ -6.735643781653165, 42.318927557477352 ], [ -6.733394660183018, 42.359318237590358 ], [ -6.767131482235223, 42.36578074640844 ], [ -6.773878846645665, 42.378705764044604 ], [ -6.821110397518753, 42.385168272862686 ], [ -6.843601612220223, 42.406171426521453 ], [ -6.83010688339934, 42.409402680930498 ], [ -6.816612154578458, 42.427174580180221 ], [ -6.821110397518753, 42.454640242657064 ], [ -6.812113911638164, 42.461102751475153 ], [ -6.807615668697871, 42.46918088749775 ], [ -6.834605126339634, 42.493415295565555 ], [ -6.848099855160516, 42.48695278674748 ], [ -6.935815592496249, 42.519265330837882 ], [ -6.960555928667867, 42.517649703633367 ], [ -6.978548900429043, 42.493415295565555 ], [ -7.001040115130513, 42.506340313201719 ], [ -7.028029572772278, 42.498262177179122 ], [ -7.052769908943894, 42.507955940406241 ], [ -7.077510245115512, 42.507955940406241 ], [ -7.059517273354336, 42.530574721269531 ], [ -7.07076288070507, 42.538652857292135 ], [ -7.061766394824483, 42.553193502132814 ], [ -7.034776937182718, 42.587121673427745 ], [ -7.050520787473747, 42.598431063859387 ], [ -7.0482716660036, 42.625896726336236 ], [ -7.046022544533454, 42.632359235154318 ], [ -7.016783965421542, 42.645284252790482 ], [ -7.00328923660066, 42.64366862558596 ], [ -7.021282208361837, 42.651746761608564 ], [ -7.014534843951395, 42.664671779244728 ], [ -7.046022544533454, 42.695368696130615 ], [ -7.014534843951395, 42.722834358607464 ], [ -6.989794507779779, 42.726065613016502 ], [ -6.969552414548454, 42.729296867425546 ], [ -6.971801536018603, 42.73737500344815 ], [ -6.956057685727574, 42.755146902697874 ], [ -6.935815592496249, 42.740606257857188 ], [ -6.904327891914191, 42.759993784311433 ], [ -6.89083316309331, 42.777765683561157 ], [ -6.868341948391839, 42.787459446788283 ], [ -6.866092826921692, 42.803615718833484 ], [ -6.854847219570958, 42.810078227651566 ], [ -6.841352490750076, 42.832697008514856 ], [ -6.859345462511252, 42.848853280560057 ], [ -6.870591069861986, 42.873087688627862 ], [ -6.834605126339634, 42.882781451854989 ], [ -6.821110397518753, 42.868240807014303 ], [ -6.834605126339634, 42.903784605513749 ], [ -6.8233595189889, 42.915093995945398 ], [ -6.771629725175519, 42.89893772390019 ], [ -6.773878846645665, 42.882781451854989 ], [ -6.755885874884489, 42.882781451854989 ], [ -6.722149052832284, 42.916709623149913 ], [ -6.638931558436845, 42.924787759172517 ], [ -6.61194210079508, 42.924787759172517 ], [ -6.607443857854786, 42.916709623149913 ], [ -6.569208792862286, 42.915093995945398 ], [ -6.542219335220523, 42.911862741536353 ], [ -6.519728120519051, 42.926403386377039 ], [ -6.490489541407142, 42.919940877558957 ], [ -6.476994812586259, 42.934481522399643 ], [ -6.432012383183318, 42.939328404013203 ], [ -6.441008869063907, 42.949022167240329 ], [ -6.434261504653465, 42.963562812081008 ], [ -6.472496569645966, 42.968409693694568 ], [ -6.476994812586259, 42.99264410176238 ], [ -6.445507112004201, 42.982950338535254 ], [ -6.407272047011702, 42.999106610580462 ], [ -6.411770289951995, 43.015262882625663 ], [ -6.39377731819082, 43.016878509830185 ], [ -6.396026439660966, 43.037881663488953 ], [ -6.373535224959497, 43.041112917897991 ], [ -6.360040496138614, 43.058884817147714 ], [ -6.330801917026703, 43.042728545102513 ], [ -6.328552795556556, 43.031419154670871 ], [ -6.294815973504351, 43.026572273057312 ], [ -6.283570366153615, 43.034650409079909 ], [ -6.258830029981999, 43.015262882625663 ], [ -6.22734232939994, 43.008800373807581 ], [ -6.229591450870087, 43.021725391443745 ], [ -6.216096722049205, 43.047575426716072 ], [ -6.189107264407442, 43.049191053920595 ], [ -6.150872199414941, 43.034650409079909 ], [ -6.13737747059406, 43.021725391443745 ], [ -6.119384498832883, 43.024956645852789 ], [ -6.096893284131413, 43.031419154670871 ], [ -6.09239504119112, 43.066962953170318 ], [ -6.081149433840384, 43.076656716397437 ], [ -6.01592491120612, 43.054037935534154 ], [ -6.004679303855387, 43.057269189943199 ], [ -5.988935453564357, 43.066962953170318 ], [ -5.961945995922592, 43.052422308329632 ], [ -5.968693360333033, 43.041112917897991 ], [ -5.959696874452446, 43.029803527466349 ], [ -5.955198631512152, 43.016878509830185 ], [ -5.932707416810681, 43.010416001012103 ], [ -5.905717959168918, 42.991028474557858 ], [ -5.887724987407742, 42.994259728966895 ], [ -5.887724987407742, 42.979719084126216 ], [ -5.860735529765977, 42.981334711330732 ], [ -5.842742558004801, 42.963562812081008 ], [ -5.804507493012302, 42.961947184876493 ], [ -5.759525063609361, 42.973256575308135 ], [ -5.766272428019802, 42.986181592944298 ], [ -5.734784727437743, 43.021725391443745 ], [ -5.728037363027303, 43.042728545102513 ], [ -5.687553176564657, 43.057269189943199 ], [ -5.642570747161717, 43.037881663488953 ], [ -5.575097103057306, 43.031419154670871 ], [ -5.566100617176717, 43.021725391443745 ], [ -5.539111159534954, 43.018494137034708 ], [ -5.505374337482749, 43.028187900261827 ], [ -5.494128730132013, 43.021725391443745 ], [ -5.480634001311131, 43.054037935534154 ], [ -5.449146300729073, 43.055653562738676 ], [ -5.390669142505251, 43.049191053920595 ], [ -5.383921778094809, 43.087966106829086 ], [ -5.343437591632163, 43.094428615647168 ], [ -5.341188470162017, 43.083119225215526 ], [ -5.311949891050105, 43.084734852420041 ], [ -5.282711311938193, 43.076656716397437 ], [ -5.269216583117313, 43.087966106829086 ], [ -5.235479761065108, 43.086350479624564 ], [ -5.206241181953196, 43.092812988442645 ], [ -5.201742939012901, 43.089581734033601 ], [ -5.147764023729373, 43.115431769305928 ], [ -5.141016659318932, 43.102506751669765 ], [ -5.10503071579658, 43.102506751669765 ], [ -5.091535986975698, 43.131588041351137 ], [ -5.093785108445845, 43.1445130589873 ], [ -5.075792136684669, 43.167131839850583 ], [ -5.075792136684669, 43.178441230282232 ], [ -5.053300921983199, 43.181672484691269 ], [ -5.021813221401141, 43.183288111895791 ], [ -4.997072885229523, 43.170363094259628 ], [ -4.997072885229523, 43.184903739100314 ], [ -4.97008342758776, 43.202675638350037 ], [ -4.943093969945995, 43.225294419213327 ], [ -4.920602755244525, 43.226910046417842 ], [ -4.90935714789379, 43.238219436849491 ], [ -4.871122082901291, 43.228525673622364 ], [ -4.859876475550555, 43.205906892759074 ], [ -4.839634382319232, 43.189750620713873 ], [ -4.841883503789379, 43.180056857486747 ], [ -4.850879989669966, 43.17197872146415 ], [ -4.835136139378939, 43.157438076623464 ], [ -4.850879989669966, 43.126741159737577 ], [ -4.835136139378939, 43.108969260487854 ], [ -4.83288701790879, 43.102506751669765 ], [ -4.767662495274527, 43.075041089192922 ], [ -4.76541337380438, 43.055653562738676 ], [ -4.733925673222322, 43.047575426716072 ], [ -4.738423916162617, 43.021725391443745 ], [ -4.756416887923793, 43.015262882625663 ], [ -4.767662495274527, 43.002337864989499 ], [ -4.794651952916292, 42.986181592944298 ], [ -4.808146681737174, 42.968409693694568 ], [ -4.803648438796881, 42.949022167240329 ], [ -4.812644924677468, 42.924787759172517 ], [ -4.855378232610262, 42.892475215082108 ], [ -4.866623839960996, 42.860162670991699 ], [ -4.898111540543054, 42.863393925400743 ], [ -4.891364176132614, 42.832697008514856 ], [ -4.902609783483349, 42.808462600447044 ], [ -4.895862419072907, 42.785843819583761 ], [ -4.90935714789379, 42.779381310765679 ], [ -4.920602755244525, 42.756762529902389 ], [ -4.936346605535554, 42.756762529902389 ], [ -4.936346605535554, 42.743837512266225 ], [ -4.918353633774377, 42.734143749039106 ], [ -4.911606269363936, 42.717987476993898 ], [ -4.891364176132614, 42.722834358607464 ], [ -4.871122082901291, 42.708293713766778 ], [ -4.891364176132614, 42.69213744172157 ], [ -4.900360662013201, 42.669518660858287 ], [ -4.895862419072907, 42.654978016017601 ], [ -4.898111540543054, 42.64366862558596 ], [ -4.89361329760276, 42.624281099131714 ], [ -4.904858904953496, 42.603277945472946 ], [ -4.902609783483349, 42.577427910200626 ], [ -4.913855390834083, 42.54511536611021 ], [ -4.88686593319232, 42.537037230087613 ], [ -4.88686593319232, 42.509571567610763 ], [ -4.89361329760276, 42.48695278674748 ], [ -4.900360662013201, 42.451408988248026 ], [ -4.920602755244525, 42.43686834340734 ], [ -4.904858904953496, 42.423943325771177 ], [ -4.913855390834083, 42.414249562544057 ], [ -4.911606269363936, 42.381937018453648 ], [ -4.934097484065406, 42.385168272862686 ], [ -4.945343091416142, 42.377090136840081 ], [ -4.972332549057906, 42.373858882431044 ], [ -4.98357815640864, 42.338315083931597 ], [ -4.981329034938494, 42.338315083931597 ], [ -4.943093969945995, 42.346393219954194 ], [ -4.943093969945995, 42.330236947908993 ], [ -4.945343091416142, 42.323774439090911 ], [ -4.95433957729673, 42.296308776614062 ], [ -4.985827277878789, 42.293077522205024 ], [ -5.001571128169816, 42.28984626779598 ], [ -5.03755707169217, 42.297924403818584 ], [ -5.042055314632464, 42.267227486932697 ], [ -5.055550043453346, 42.257533723705571 ], [ -5.069044772274228, 42.260764978114615 ], [ -5.062297407863786, 42.278536877364338 ], [ -5.093785108445845, 42.309233794250225 ], [ -5.109528958736874, 42.31246504865927 ], [ -5.111778080207021, 42.31246504865927 ], [ -5.143265780789079, 42.281768131773376 ], [ -5.183749967251725, 42.263996232523652 ], [ -5.197244696072607, 42.260764978114615 ], [ -5.219735910774078, 42.278536877364338 ], [ -5.244476246945695, 42.263996232523652 ], [ -5.253472732826284, 42.239761824455847 ], [ -5.228732396654665, 42.230068061228721 ], [ -5.233230639594959, 42.218758670797079 ], [ -5.264718340177017, 42.210680534774482 ], [ -5.287209554878489, 42.230068061228721 ], [ -5.302953405169518, 42.221989925206124 ], [ -5.307451648109812, 42.199371144342834 ], [ -5.34568671310231, 42.220374298001602 ], [ -5.381672656624662, 42.225221179615161 ], [ -5.388420021035104, 42.217143043592557 ], [ -5.379423535154515, 42.197755517138319 ], [ -5.388420021035104, 42.171905481865991 ], [ -5.381672656624662, 42.150902328207223 ], [ -5.370427049273928, 42.129899174548456 ], [ -5.377174413684369, 42.112127275298732 ], [ -5.381672656624662, 42.095971003253524 ], [ -5.390669142505251, 42.089508494435449 ], [ -5.374925292214222, 42.068505340776682 ], [ -5.377174413684369, 42.041039678299832 ], [ -5.413160357206721, 42.02973028786819 ], [ -5.422156843087309, 42.031345915072706 ], [ -5.437900693378339, 42.031345915072706 ], [ -5.480634001311131, 42.052349068731473 ], [ -5.498626973072307, 42.08304598561736 ], [ -5.521118187773778, 42.097586630458046 ], [ -5.527865552184219, 42.104049139276128 ], [ -5.543609402475248, 42.099202257662569 ], [ -5.543609402475248, 42.086277240026405 ], [ -5.561602374236424, 42.055580323140518 ], [ -5.575097103057306, 42.065274086367637 ], [ -5.586342710408042, 42.050733441526958 ], [ -5.588591831878189, 42.074967849594763 ], [ -5.638072504221423, 42.08304598561736 ], [ -5.620079532460247, 42.107280393685173 ], [ -5.644819868631863, 42.131514801752978 ], [ -5.665061961863186, 42.141208564980097 ], [ -5.687553176564657, 42.13797731057106 ] ], [ [ -5.307451648109812, 42.272074368546257 ], [ -5.34568671310231, 42.267227486932697 ], [ -5.336690227221723, 42.230068061228721 ], [ -5.302953405169518, 42.252686842092011 ], [ -5.300704283699369, 42.268843114137212 ], [ -5.307451648109812, 42.272074368546257 ] ] ] ] } },
{ "type": "Feature", "properties": { "name": "Cuenca", "id": 16 }, "geometry": { "type": "MultiPolygon", "coordinates": [ [ [ [ -2.680477770978097, 40.402793692916092 ], [ -2.702968985679568, 40.422181219370337 ], [ -2.700719864209422, 40.430259355392941 ], [ -2.651239191866187, 40.439953118620068 ], [ -2.639993584515452, 40.448031254642665 ], [ -2.61075500540354, 40.446415627438142 ], [ -2.590512912172217, 40.449646881847187 ], [ -2.556776090120012, 40.435106237006501 ], [ -2.52079014659766, 40.423796846574859 ], [ -2.505046296306631, 40.448031254642665 ], [ -2.516291903657367, 40.459340645074306 ], [ -2.545530482769276, 40.473881289914992 ], [ -2.529786632478247, 40.498115697982797 ], [ -2.545530482769276, 40.519118851641565 ], [ -2.5275375110081, 40.544968886913892 ], [ -2.514042782187218, 40.515887597232528 ], [ -2.496049810426042, 40.509425088414446 ], [ -2.435323530732074, 40.535275123686773 ], [ -2.426327044851485, 40.540122005300333 ], [ -2.412832316030602, 40.525581360459647 ], [ -2.379095493978397, 40.54335325970937 ], [ -2.381344615448544, 40.548200141322937 ], [ -2.415081437500751, 40.580512685413339 ], [ -2.417330558970898, 40.588590821435943 ], [ -2.399337587209722, 40.614440856708271 ], [ -2.372348129567957, 40.606362720685667 ], [ -2.354355157806781, 40.593437703049503 ], [ -2.352106036336634, 40.575665803799779 ], [ -2.331863943105311, 40.567587667777175 ], [ -2.298127121053104, 40.572434549390742 ], [ -2.286881513702371, 40.588590821435943 ], [ -2.293628878112811, 40.624134619935397 ], [ -2.275635906351635, 40.645137773594158 ], [ -2.232902598418843, 40.624134619935397 ], [ -2.214909626657667, 40.61928773832183 ], [ -2.190169290486049, 40.630597128753479 ], [ -2.169927197254726, 40.630597128753479 ], [ -2.156432468433845, 40.658062791230321 ], [ -2.111450039030903, 40.649984655207724 ], [ -2.091207945799582, 40.643522146389643 ], [ -2.070965852568257, 40.628981501548957 ], [ -2.057471123747376, 40.624134619935397 ], [ -2.030481666105612, 40.599900211867592 ], [ -2.021485180225021, 40.59828458466307 ], [ -1.985499236702669, 40.585359567026906 ], [ -1.974253629351935, 40.590206448640465 ], [ -1.967506264941495, 40.607978347890189 ], [ -1.927022078478849, 40.593437703049503 ], [ -1.900032620837084, 40.535275123686773 ], [ -1.888787013486347, 40.528812614868691 ], [ -1.888787013486347, 40.506193834005401 ], [ -1.857299312904292, 40.425412473779382 ], [ -1.832558976732674, 40.4189499649613 ], [ -1.805569519090909, 40.397946811302532 ], [ -1.776330939978997, 40.39148430248445 ], [ -1.742594117926792, 40.349477995166922 ], [ -1.722352024695468, 40.341399859144317 ], [ -1.697611688523853, 40.317165451076505 ], [ -1.729099389105912, 40.301009179031304 ], [ -1.717853781755174, 40.278390398168021 ], [ -1.699860809994, 40.307471687849386 ], [ -1.688615202643263, 40.309087315053908 ], [ -1.666123987941795, 40.294546670213222 ], [ -1.659376623531355, 40.281621652577059 ], [ -1.607646829717972, 40.242846599668567 ], [ -1.591902979426944, 40.236384090850486 ], [ -1.569411764725473, 40.213765309987203 ], [ -1.567162643255326, 40.21214968278268 ], [ -1.540173185613561, 40.191146529123913 ], [ -1.51093460650165, 40.204071546760076 ], [ -1.474948662979298, 40.184684020305831 ], [ -1.438962719456946, 40.197609037941994 ], [ -1.443460962397239, 40.165296493851585 ], [ -1.447959205337533, 40.145908967397339 ], [ -1.456955691218123, 40.134599576965698 ], [ -1.443460962397239, 40.11844330492049 ], [ -1.407475018874887, 40.100671405670766 ], [ -1.414222383285328, 40.086130760830088 ], [ -1.400727654464447, 40.066743234375842 ], [ -1.382734682703269, 40.039277571898992 ], [ -1.375987318292829, 40.016658791035709 ], [ -1.357994346531655, 40.011811909422143 ], [ -1.335503131830183, 40.016658791035709 ], [ -1.308513674188418, 40.01019628221762 ], [ -1.274776852136213, 40.003733773399546 ], [ -1.247787394494448, 39.995655637376942 ], [ -1.207303208031803, 40.002118146195023 ], [ -1.191559357740775, 40.002118146195023 ], [ -1.164569900099011, 40.01019628221762 ], [ -1.142078685397539, 39.971421229309129 ], [ -1.153324292748273, 39.963343093286532 ], [ -1.205054086561656, 39.948802448445846 ], [ -1.20955232950195, 39.927799294787079 ], [ -1.196057600681069, 39.9132586499464 ], [ -1.198306722151216, 39.872867969833386 ], [ -1.207303208031803, 39.845402307356537 ], [ -1.211801450972096, 39.832477289720373 ], [ -1.214050572442243, 39.808242881652568 ], [ -1.234292665673568, 39.78239284638024 ], [ -1.261282123315333, 39.756542811107913 ], [ -1.274776852136213, 39.73877091185819 ], [ -1.261282123315333, 39.698380231745176 ], [ -1.279275095076507, 39.677377078086408 ], [ -1.313011917128712, 39.670914569268326 ], [ -1.369239953882389, 39.690302095722572 ], [ -1.418720626225621, 39.654758297223125 ], [ -1.436713597986799, 39.628908261950798 ], [ -1.452457448277826, 39.591748836246829 ], [ -1.470450420039004, 39.572361309792583 ], [ -1.504187242091209, 39.564283173769979 ], [ -1.504187242091209, 39.551358156133816 ], [ -1.522180213852387, 39.548126901724771 ], [ -1.504187242091209, 39.548126901724771 ], [ -1.501938120621062, 39.514198730429847 ], [ -1.499688999150916, 39.502889339998205 ], [ -1.513183727971796, 39.483501813543953 ], [ -1.513183727971796, 39.457651778271625 ], [ -1.528927578262827, 39.452804896658066 ], [ -1.504187242091209, 39.417261098158619 ], [ -1.560415278844886, 39.399489198908896 ], [ -1.612145072658265, 39.368792282023009 ], [ -1.648131016180617, 39.3526360099778 ], [ -1.675120473822382, 39.346173501159718 ], [ -1.715604660285027, 39.325170347500951 ], [ -1.740344996456646, 39.321939093091913 ], [ -1.762836211158117, 39.300935939433145 ], [ -1.769583575568557, 39.279932785774378 ], [ -1.846053705553555, 39.286395294592459 ], [ -1.8865378920162, 39.30416719384219 ], [ -1.936018564359436, 39.30416719384219 ], [ -1.989997479642966, 39.294473430615064 ], [ -2.005741329933993, 39.317092211478354 ], [ -2.028232544635465, 39.338095365137114 ], [ -2.019236058754874, 39.351020382773278 ], [ -2.043976394926492, 39.359098518795882 ], [ -2.082211459918991, 39.359098518795882 ], [ -2.095706188739875, 39.359098518795882 ], [ -2.073214974038404, 39.317092211478354 ], [ -2.077713216978697, 39.307398448251227 ], [ -2.057471123747376, 39.278317158569862 ], [ -2.050723759336933, 39.267007768138214 ], [ -2.095706188739875, 39.270239022547258 ], [ -2.151934225493548, 39.27670153136534 ], [ -2.178923683135313, 39.278317158569862 ], [ -2.18117280460546, 39.270239022547258 ], [ -2.21940786959796, 39.262160886524654 ], [ -2.246397327239723, 39.244388987274931 ], [ -2.289130635172517, 39.226617088025208 ], [ -2.3026253639934, 39.263776513729177 ], [ -2.320618335754576, 39.283164040183422 ], [ -2.349856914866487, 39.278317158569862 ], [ -2.361102522217221, 39.246004614479446 ], [ -2.374597251038104, 39.233079596843282 ], [ -2.442070895142514, 39.283164040183422 ], [ -2.484804203075308, 39.315476584273831 ], [ -2.511793660717071, 39.342942246750681 ], [ -2.547779604239423, 39.323554720296428 ], [ -2.599509398052806, 39.339710992341637 ], [ -2.619751491284129, 39.339710992341637 ], [ -2.635495341575158, 39.328401601909995 ], [ -2.662484799216921, 39.321939093091913 ], [ -2.743453172142214, 39.318707838682869 ], [ -2.772691751254126, 39.370407909227524 ], [ -2.777189994194419, 39.394642317295329 ], [ -2.792933844485448, 39.397873571704373 ], [ -2.813175937716771, 39.375254790841083 ], [ -2.846912759768976, 39.347789128364241 ], [ -2.864905731530152, 39.355867264386845 ], [ -2.88289870329133, 39.349404755568756 ], [ -2.896393432112211, 39.365561027613964 ], [ -2.869403974470448, 39.391411062886291 ], [ -2.903140796522653, 39.425339234181223 ], [ -2.932379375634564, 39.472192423112311 ], [ -2.934628497104711, 39.481886186339437 ], [ -2.925632011224122, 39.556205037747375 ], [ -2.921133768283829, 39.582055073019703 ], [ -2.925632011224122, 39.601442599473948 ], [ -2.916635525343535, 39.625677007541753 ], [ -2.907639039462946, 39.641833279586962 ], [ -2.918884646813682, 39.646680161200521 ], [ -2.95037234739574, 39.677377078086408 ], [ -2.970614440627063, 39.690302095722572 ], [ -2.999853019738975, 39.722614639812981 ], [ -3.015596870030002, 39.764620947130517 ], [ -3.015596870030002, 39.764620947130517 ], [ -3.020095112970298, 39.771083455948599 ], [ -3.051582813552356, 39.813089763266127 ], [ -3.060579299432943, 39.837324171333933 ], [ -3.096565242955295, 39.869636715424342 ], [ -3.128052943537353, 39.874483597037909 ], [ -3.107810850306031, 39.903564886719273 ], [ -3.107810850306031, 39.9132586499464 ], [ -3.094316121485148, 39.955264957263928 ], [ -3.096565242955295, 39.987577501354338 ], [ -3.141547672358236, 39.984346246945293 ], [ -3.150544158238825, 40.01019628221762 ], [ -3.166288008529854, 40.027968181467351 ], [ -3.170786251470147, 40.047355707921596 ], [ -3.161789765589559, 40.06512760717132 ], [ -3.119056457656766, 40.061896352762275 ], [ -3.094316121485148, 40.068358861580364 ], [ -3.053831935022503, 40.099055778466251 ], [ -3.078572271194119, 40.13621520417022 ], [ -3.096565242955295, 40.142677712988302 ], [ -3.089817878544855, 40.16368086664707 ], [ -3.067326663843385, 40.157218357828981 ], [ -3.06282842090309, 40.16852774826063 ], [ -3.015596870030002, 40.152371476215421 ], [ -3.013347748559855, 40.173374629874189 ], [ -3.020095112970298, 40.192762156328435 ], [ -2.997603898268826, 40.208918428373636 ], [ -2.945874104455445, 40.170143375465145 ], [ -2.918884646813682, 40.158833985033503 ], [ -2.887396946231624, 40.165296493851585 ], [ -2.862656610060005, 40.200840292351039 ], [ -2.826670666537654, 40.202455919555561 ], [ -2.806428573306331, 40.252540362895694 ], [ -2.808677694776478, 40.326859214303632 ], [ -2.815425059186918, 40.331706095917191 ], [ -2.817674180657066, 40.3640186400076 ], [ -2.806428573306331, 40.404409320120614 ], [ -2.777189994194419, 40.446415627438142 ], [ -2.759197022433243, 40.441568745824583 ], [ -2.770442629783979, 40.422181219370337 ], [ -2.723211078910891, 40.39633118409801 ], [ -2.714214593030302, 40.410871828938696 ], [ -2.705218107149715, 40.415718710552255 ], [ -2.691723378328833, 40.394715556893487 ], [ -2.680477770978097, 40.402793692916092 ] ] ] ] } },
{ "type": "Feature", "properties": { "name": "Huelva", "id": 21 }, "geometry": { "type": "MultiPolygon", "coordinates": [ [ [ [ -6.535471970810081, 37.651380563617764 ], [ -6.537721092280229, 37.627146155549958 ], [ -6.52872460639964, 37.615836765118317 ], [ -6.515229877578758, 37.625530528345436 ], [ -6.494987784347435, 37.619068019527354 ], [ -6.427514140243025, 37.620683646731877 ], [ -6.396026439660966, 37.61098988350475 ], [ -6.402773804071407, 37.580292966618863 ], [ -6.389279075250526, 37.551211676937498 ], [ -6.375784346429644, 37.546364795323939 ], [ -6.355542253198321, 37.496280351983799 ], [ -6.339798402907292, 37.484970961552158 ], [ -6.321805431146116, 37.454274044666271 ], [ -6.306061580855086, 37.43650214541654 ], [ -6.312808945265527, 37.418730246166817 ], [ -6.330801917026703, 37.415498991757779 ], [ -6.355542253198321, 37.412267737348735 ], [ -6.362289617608761, 37.375108311644766 ], [ -6.348794888787879, 37.368645802826684 ], [ -6.346545767317732, 37.365414548417647 ], [ -6.369036982019201, 37.349258276372439 ], [ -6.384780832310231, 37.337948885940797 ], [ -6.344296645847585, 37.31209885066847 ], [ -6.333051038496849, 37.299173833032306 ], [ -6.337549281437145, 37.274939424964501 ], [ -6.348794888787879, 37.265245661737374 ], [ -6.360040496138614, 37.23616437205601 ], [ -6.344296645847585, 37.218392472806286 ], [ -6.351044010258025, 37.18123304710231 ], [ -6.335300159966996, 37.169923656670669 ], [ -6.360040496138614, 37.139226739784782 ], [ -6.344296645847585, 37.119839213330536 ], [ -6.382531710840084, 37.090757923649164 ], [ -6.387029953780379, 37.074601651603963 ], [ -6.380282589369937, 37.048751616331636 ], [ -6.357791374668468, 37.00189842740054 ], [ -6.353293131728172, 36.985742155355339 ], [ -6.364538739078908, 36.945351475242326 ], [ -6.37803346789979, 36.934042084810685 ], [ -6.330801917026703, 36.898498286311231 ], [ -6.346545767317732, 36.888804523084112 ], [ -6.351044010258025, 36.861338860607262 ], [ -6.346545767317732, 36.796713772426443 ], [ -6.364538739078908, 36.790251263608361 ], [ -6.396026439660966, 36.80640753565357 ], [ -6.443257990534054, 36.900113913515753 ], [ -6.459001840825083, 36.919501439969999 ], [ -6.506233391698171, 36.966354628901094 ], [ -6.582703521683168, 37.014823445036704 ], [ -6.728896417242725, 37.089142296444649 ], [ -6.791871818406841, 37.118223586126014 ], [ -6.83010688339934, 37.12791734935314 ], [ -6.839103369279929, 37.137611112580259 ], [ -6.875089312802281, 37.148920503011901 ], [ -6.917822620735073, 37.173154911079706 ], [ -6.915573499264926, 37.163461147852587 ], [ -6.888584041623163, 37.145689248602864 ], [ -6.935815592496249, 37.165076775057109 ], [ -6.951559442787278, 37.176386165488751 ], [ -6.953808564257425, 37.169923656670669 ], [ -7.014534843951395, 37.199004946352034 ], [ -7.052769908943894, 37.20869870957916 ], [ -7.06401551629463, 37.20869870957916 ], [ -7.073012002175219, 37.205467455170123 ], [ -7.144983889219922, 37.20869870957916 ], [ -7.230450505085509, 37.2038518279656 ], [ -7.270934691548154, 37.202236200761078 ], [ -7.331660971242124, 37.18607992871587 ], [ -7.372145157704772, 37.169923656670669 ], [ -7.408131101227124, 37.182848674306832 ], [ -7.419376708577857, 37.23616437205601 ], [ -7.43287143739874, 37.247473762487651 ], [ -7.421625830048004, 37.273323797759979 ], [ -7.441867923279329, 37.30725196905491 ], [ -7.444117044749476, 37.347642649167916 ], [ -7.439618801809182, 37.379955193258326 ], [ -7.450864409159916, 37.402573974121616 ], [ -7.462110016510652, 37.407420855735175 ], [ -7.446366166219622, 37.420345873371339 ], [ -7.457611773570358, 37.428424009393943 ], [ -7.457611773570358, 37.454274044666271 ], [ -7.468857380921092, 37.472045943915994 ], [ -7.466608259450945, 37.489817843165717 ], [ -7.482352109741974, 37.496280351983799 ], [ -7.49359771709271, 37.523746014460649 ], [ -7.509341567383739, 37.523746014460649 ], [ -7.522836296204622, 37.552827304142014 ], [ -7.507092445913592, 37.55767418575558 ], [ -7.516088931794179, 37.568983576187222 ], [ -7.50034508150315, 37.578677339414341 ], [ -7.50034508150315, 37.583524221027901 ], [ -7.491348595622563, 37.602911747482153 ], [ -7.455362652100211, 37.646533682004204 ], [ -7.453113530630063, 37.677230598890091 ], [ -7.439618801809182, 37.701465006957896 ], [ -7.419376708577857, 37.743471314275432 ], [ -7.423874951518153, 37.754780704707073 ], [ -7.396885493876388, 37.764474467934193 ], [ -7.378892522115212, 37.782246367183923 ], [ -7.320415363891389, 37.819405792887892 ], [ -7.300173270660066, 37.843640200955697 ], [ -7.286678541839184, 37.866258981818987 ], [ -7.28218029889889, 37.896955898704874 ], [ -7.255190841257127, 37.922805933977202 ], [ -7.248443476846685, 37.955118478067611 ], [ -7.261938205667567, 37.977737258930894 ], [ -7.246194355376538, 37.99227790377158 ], [ -7.225952262145215, 37.98743102215802 ], [ -7.201211925973597, 38.003587294203221 ], [ -7.174222468331834, 37.99227790377158 ], [ -7.120243553048304, 38.005202921407744 ], [ -7.129240038928893, 38.029437329475549 ], [ -7.093254095406541, 38.04074671990719 ], [ -7.066264637764776, 38.034284211089108 ], [ -7.06401551629463, 38.01974356624843 ], [ -7.043773423063307, 38.013281057430348 ], [ -7.023531329831984, 38.024590447861989 ], [ -7.001040115130513, 38.022974820657467 ], [ -7.001040115130513, 38.048824855929794 ], [ -6.989794507779779, 38.053671737543354 ], [ -6.989794507779779, 38.092446790451845 ], [ -6.97405065748875, 38.105371808088009 ], [ -6.958306807197721, 38.150609369814582 ], [ -6.969552414548454, 38.160303133041708 ], [ -6.953808564257425, 38.186153168314036 ], [ -6.931317349555956, 38.208771949177319 ], [ -6.924569985145515, 38.205540694768281 ], [ -6.902078770444044, 38.202309440359237 ], [ -6.857096341041105, 38.179690659495954 ], [ -6.8233595189889, 38.173228150677872 ], [ -6.794120939876988, 38.178075032291432 ], [ -6.798619182817282, 38.1441468609965 ], [ -6.816612154578458, 38.119912452928695 ], [ -6.809864790168017, 38.111834316906091 ], [ -6.76938060370537, 38.111834316906091 ], [ -6.76938060370537, 38.098909299269927 ], [ -6.746889389003901, 38.09083116324733 ], [ -6.728896417242725, 38.100524926474449 ], [ -6.710903445481549, 38.09567804486089 ], [ -6.681664866369637, 38.097293672065405 ], [ -6.650177165787579, 38.089215536042808 ], [ -6.636682436966696, 38.09567804486089 ], [ -6.623187708145815, 38.097293672065405 ], [ -6.580454400213021, 38.052056110338839 ], [ -6.587201764623462, 38.026206075066511 ], [ -6.569208792862286, 38.022974820657467 ], [ -6.546717578160816, 38.027821702271027 ], [ -6.494987784347435, 38.01974356624843 ], [ -6.479243934056406, 38.008434175816788 ], [ -6.474745691116112, 38.024590447861989 ], [ -6.443257990534054, 38.047209228725272 ], [ -6.443257990534054, 38.058518619156914 ], [ -6.414019411422142, 38.058518619156914 ], [ -6.389279075250526, 38.048824855929794 ], [ -6.366787860549055, 38.048824855929794 ], [ -6.362289617608761, 38.037515465498153 ], [ -6.360040496138614, 38.016512311839385 ], [ -6.339798402907292, 38.000356039794184 ], [ -6.308310702325233, 37.985815394953498 ], [ -6.30381245938494, 37.977737258930894 ], [ -6.252082665571557, 37.971274750112812 ], [ -6.234089693810381, 37.958349732476648 ], [ -6.195854628817882, 37.956734105272133 ], [ -6.180110778526853, 37.940577833226925 ], [ -6.184609021467146, 37.927652815590761 ], [ -6.16661604970597, 37.908265289136516 ], [ -6.144124835004501, 37.919574679568157 ], [ -6.126131863243325, 37.903418407522956 ], [ -6.15986868529553, 37.872721490637062 ], [ -6.162117806765677, 37.856565218591861 ], [ -6.144124835004501, 37.856565218591861 ], [ -6.130630106183618, 37.832330810524056 ], [ -6.123882741773178, 37.804865148047206 ], [ -6.135128349123912, 37.787093248797483 ], [ -6.177861657056706, 37.798402639229124 ], [ -6.184609021467146, 37.809712029660766 ], [ -6.216096722049205, 37.791940130411042 ], [ -6.204851114698471, 37.766090095138715 ], [ -6.216096722049205, 37.745086941479954 ], [ -6.234089693810381, 37.738624432661865 ], [ -6.245335301161116, 37.740240059866387 ], [ -6.252082665571557, 37.762858840729677 ], [ -6.279072123213322, 37.758011959116118 ], [ -6.31055982379538, 37.764474467934193 ], [ -6.389279075250526, 37.748318195888992 ], [ -6.450005354944494, 37.719236906207627 ], [ -6.483742176996699, 37.720852533412142 ], [ -6.485991298466846, 37.698233752548859 ], [ -6.501735148757875, 37.669152462867487 ], [ -6.526475484929493, 37.664305581253927 ], [ -6.535471970810081, 37.651380563617764 ] ] ] ] } },
{ "type": "Feature", "properties": { "name": "Jaén", "id": 23 }, "geometry": { "type": "MultiPolygon", "coordinates": [ [ [ [ -3.505905350522053, 37.617452392322832 ], [ -3.539642172574258, 37.594833611459549 ], [ -3.535143929633964, 37.581908593823385 ], [ -3.58237548050705, 37.554442931346536 ], [ -3.627357909909991, 37.528592896074208 ], [ -3.672340339312932, 37.518899132847089 ], [ -3.683585946663667, 37.517283505642567 ], [ -3.728568376066606, 37.488202215961195 ], [ -3.775799926939694, 37.476892825529553 ], [ -3.778049048409841, 37.489817843165717 ], [ -3.791543777230723, 37.465583435097912 ], [ -3.807287627521752, 37.457505299075308 ], [ -3.809536748991899, 37.438117772621062 ], [ -3.825280599282928, 37.405805228530653 ], [ -3.843273571044104, 37.384802074871885 ], [ -3.856768299864987, 37.38803332928093 ], [ -3.881508636036603, 37.38803332928093 ], [ -3.924241943969397, 37.37833956605381 ], [ -3.951231401611162, 37.37833956605381 ], [ -3.980469980723072, 37.38803332928093 ], [ -4.000712073954396, 37.402573974121616 ], [ -4.016455924245424, 37.417114618962302 ], [ -4.047943624827482, 37.467199062302434 ], [ -4.0726839609991, 37.473661571120516 ], [ -4.08842781129013, 37.48658658875668 ], [ -4.059189232178218, 37.505974115210925 ], [ -4.09517517570057, 37.509205369619963 ], [ -4.099673418640863, 37.530208523278731 ], [ -4.122164633342335, 37.554442931346536 ], [ -4.160399698334833, 37.573830457800781 ], [ -4.16264881980498, 37.599680493073109 ], [ -4.182890913036303, 37.615836765118317 ], [ -4.203133006267628, 37.615836765118317 ], [ -4.218876856558657, 37.627146155549958 ], [ -4.227873342439244, 37.640071173186122 ], [ -4.187389155976598, 37.670768090072009 ], [ -4.164897941275127, 37.682077480503651 ], [ -4.182890913036303, 37.706311888571463 ], [ -4.239118949789979, 37.719236906207627 ], [ -4.236869828319833, 37.738624432661865 ], [ -4.225624220969097, 37.761243213525155 ], [ -4.207631249207921, 37.777399485570356 ], [ -4.212129492148215, 37.782246367183923 ], [ -4.279603136252625, 37.793555757615565 ], [ -4.284101379192919, 37.81779016568337 ], [ -4.277354014782478, 37.856565218591861 ], [ -4.279603136252625, 37.875952745046106 ], [ -4.266108407431743, 37.911496543545553 ], [ -4.259361043021302, 37.934115324408843 ], [ -4.259361043021302, 37.958349732476648 ], [ -4.284101379192919, 38.003587294203221 ], [ -4.281852257722772, 38.022974820657467 ], [ -4.259361043021302, 38.022974820657467 ], [ -4.268357528901891, 38.04074671990719 ], [ -4.250364557140713, 38.039131092702675 ], [ -4.248115435670567, 38.069828009588562 ], [ -4.236869828319833, 38.061749873565958 ], [ -4.232371585379537, 38.082753027224726 ], [ -4.212129492148215, 38.09567804486089 ], [ -4.194136520387039, 38.127990588951299 ], [ -4.176143548625863, 38.131221843360336 ], [ -4.160399698334833, 38.145762488201022 ], [ -4.167147062745274, 38.173228150677872 ], [ -4.198634763327332, 38.212003203586363 ], [ -4.194136520387039, 38.231390730040609 ], [ -4.216627735088508, 38.245931374881295 ], [ -4.209880370678068, 38.300862699834987 ], [ -4.227873342439244, 38.300862699834987 ], [ -4.239118949789979, 38.320250226289232 ], [ -4.236869828319833, 38.341253379948 ], [ -4.268357528901891, 38.347715888766075 ], [ -4.275104893312331, 38.391337823288133 ], [ -4.254862800081009, 38.401031586515252 ], [ -4.22337509949895, 38.397800332106215 ], [ -4.15590145539454, 38.380028432856491 ], [ -4.144655848043804, 38.386490941674566 ], [ -4.126662876282628, 38.378412805651969 ], [ -4.047943624827482, 38.378412805651969 ], [ -3.957978766021602, 38.365487788015805 ], [ -3.912996336618662, 38.367103415220328 ], [ -3.87701039309631, 38.376797178447447 ], [ -3.859017421335134, 38.373565924038402 ], [ -3.829778842223222, 38.392953450492655 ], [ -3.825280599282928, 38.415572231355938 ], [ -3.784796412820283, 38.425265994583057 ], [ -3.739813983417342, 38.413956604151416 ], [ -3.730817497536753, 38.423650367378542 ], [ -3.699329796954695, 38.412340976946894 ], [ -3.652098246081609, 38.404262840924297 ], [ -3.620610545499551, 38.39456907769717 ], [ -3.598119330798079, 38.397800332106215 ], [ -3.586873723447345, 38.405878468128819 ], [ -3.58237548050705, 38.451116029855385 ], [ -3.541891294044405, 38.44465352103731 ], [ -3.528396565223522, 38.409109722537856 ], [ -3.505905350522053, 38.407494095333334 ], [ -3.472168528469847, 38.397800332106215 ], [ -3.454175556708671, 38.39941595931073 ], [ -3.42493697759676, 38.407494095333334 ], [ -3.377705426723672, 38.439806639423743 ], [ -3.379954548193819, 38.451116029855385 ], [ -3.375456305253525, 38.475350437923197 ], [ -3.33497211879088, 38.480197319536757 ], [ -3.305733539678968, 38.478581692332234 ], [ -3.28099320350735, 38.460809793082511 ], [ -3.231512531164116, 38.454347284264429 ], [ -3.220266923813382, 38.452731657059907 ], [ -3.179782737350735, 38.44950040265087 ], [ -3.1303020650075, 38.438191012219221 ], [ -3.065077542373237, 38.478581692332234 ], [ -3.004351262679268, 38.415572231355938 ], [ -3.002102141209122, 38.407494095333334 ], [ -2.990856533858386, 38.428497248992102 ], [ -2.995354776798679, 38.44465352103731 ], [ -2.961617954746474, 38.470503556309637 ], [ -2.939126740045005, 38.475350437923197 ], [ -2.9053899179928, 38.470503556309637 ], [ -2.880649581821181, 38.452731657059907 ], [ -2.878400460351035, 38.462425420287033 ], [ -2.855909245649565, 38.473734810718675 ], [ -2.808677694776478, 38.49796921878648 ], [ -2.781688237134713, 38.509278609218121 ], [ -2.779439115664566, 38.509278609218121 ], [ -2.763695265373537, 38.531897390081411 ], [ -2.729958443321332, 38.510894236422644 ], [ -2.698470742739273, 38.501200473195524 ], [ -2.673730406567657, 38.496353591581958 ], [ -2.639993584515452, 38.507662982013599 ], [ -2.601758519522953, 38.514125490831688 ], [ -2.565772576000601, 38.489891082763876 ], [ -2.577018183351335, 38.475350437923197 ], [ -2.568021697470748, 38.460809793082511 ], [ -2.572519940411041, 38.438191012219221 ], [ -2.572519940411041, 38.413956604151416 ], [ -2.550028725709572, 38.402647213719774 ], [ -2.516291903657367, 38.401031586515252 ], [ -2.491551567485748, 38.39941595931073 ], [ -2.482555081605161, 38.392953450492655 ], [ -2.493800688955895, 38.371950296833887 ], [ -2.480305960135013, 38.349331515970597 ], [ -2.484804203075308, 38.315403344675673 ], [ -2.480305960135013, 38.294400191016905 ], [ -2.442070895142514, 38.284706427789779 ], [ -2.435323530732074, 38.265318901335533 ], [ -2.444320016612661, 38.250778256494854 ], [ -2.444320016612661, 38.231390730040609 ], [ -2.45331650249325, 38.218465712404445 ], [ -2.446569138082808, 38.184537541109513 ], [ -2.466811231314132, 38.17161252347335 ], [ -2.496049810426042, 38.134453097769381 ], [ -2.511793660717071, 38.127990588951299 ], [ -2.516291903657367, 38.111834316906091 ], [ -2.552277847179719, 38.084368654429241 ], [ -2.565772576000601, 38.082753027224726 ], [ -2.599509398052806, 38.058518619156914 ], [ -2.597260276582658, 38.005202921407744 ], [ -2.651239191866187, 37.971274750112812 ], [ -2.67148128509751, 37.961580986885693 ], [ -2.689474256858686, 37.974506004521857 ], [ -2.691723378328833, 37.972890377317334 ], [ -2.723211078910891, 37.963196614090208 ], [ -2.743453172142214, 37.934115324408843 ], [ -2.768193508313832, 37.919574679568157 ], [ -2.774940872724272, 37.926037188386239 ], [ -2.795182965955595, 37.903418407522956 ], [ -2.806428573306331, 37.880799626659666 ], [ -2.819923302127213, 37.875952745046106 ], [ -2.819923302127213, 37.853333964182823 ], [ -2.846912759768976, 37.814558911274332 ], [ -2.871653095940594, 37.791940130411042 ], [ -2.880649581821181, 37.759627586320633 ], [ -2.88964606770177, 37.761243213525155 ], [ -2.9053899179928, 37.748318195888992 ], [ -2.907639039462946, 37.727315042230224 ], [ -2.898642553582357, 37.685308734912695 ], [ -2.885147824761477, 37.682077480503651 ], [ -2.887396946231624, 37.677230598890091 ], [ -2.975112683567357, 37.631993037163518 ], [ -2.984109169447946, 37.614221137913795 ], [ -2.977361805037503, 37.602911747482153 ], [ -3.008849505619562, 37.607758629095713 ], [ -3.051582813552356, 37.617452392322832 ], [ -3.058330177962796, 37.606143001891191 ], [ -3.092067000015001, 37.596449238664064 ], [ -3.11680733618662, 37.607758629095713 ], [ -3.139298550888089, 37.619068019527354 ], [ -3.139298550888089, 37.620683646731877 ], [ -3.143796793828383, 37.620683646731877 ], [ -3.148295036768676, 37.625530528345436 ], [ -3.173035372940294, 37.64330242759516 ], [ -3.215768680873087, 37.644918054799682 ], [ -3.263000231746174, 37.6384555459816 ], [ -3.263000231746174, 37.631993037163518 ], [ -3.296737053798379, 37.588371102641467 ], [ -3.357463333492349, 37.577061712209826 ], [ -3.366459819372938, 37.567367948982699 ], [ -3.400196641425143, 37.564136694573662 ], [ -3.436182584947495, 37.573830457800781 ], [ -3.460922921119112, 37.598064865868587 ], [ -3.478915892880288, 37.601296120277631 ], [ -3.505905350522053, 37.617452392322832 ] ] ] ] } },
{ "type": "Feature", "properties": { "name": "Sevilla", "id": 41 }, "geometry": { "type": "MultiPolygon", "coordinates": [ [ [ [ -6.37803346789979, 36.934042084810685 ], [ -6.364538739078908, 36.945351475242326 ], [ -6.353293131728172, 36.985742155355339 ], [ -6.357791374668468, 37.00189842740054 ], [ -6.380282589369937, 37.048751616331636 ], [ -6.387029953780379, 37.074601651603963 ], [ -6.382531710840084, 37.090757923649164 ], [ -6.344296645847585, 37.119839213330536 ], [ -6.360040496138614, 37.139226739784782 ], [ -6.335300159966996, 37.169923656670669 ], [ -6.351044010258025, 37.18123304710231 ], [ -6.344296645847585, 37.218392472806286 ], [ -6.360040496138614, 37.23616437205601 ], [ -6.348794888787879, 37.265245661737374 ], [ -6.337549281437145, 37.274939424964501 ], [ -6.333051038496849, 37.299173833032306 ], [ -6.344296645847585, 37.31209885066847 ], [ -6.384780832310231, 37.337948885940797 ], [ -6.369036982019201, 37.349258276372439 ], [ -6.346545767317732, 37.365414548417647 ], [ -6.348794888787879, 37.368645802826684 ], [ -6.362289617608761, 37.375108311644766 ], [ -6.355542253198321, 37.412267737348735 ], [ -6.330801917026703, 37.415498991757779 ], [ -6.312808945265527, 37.418730246166817 ], [ -6.306061580855086, 37.43650214541654 ], [ -6.321805431146116, 37.454274044666271 ], [ -6.339798402907292, 37.484970961552158 ], [ -6.355542253198321, 37.496280351983799 ], [ -6.375784346429644, 37.546364795323939 ], [ -6.389279075250526, 37.551211676937498 ], [ -6.402773804071407, 37.580292966618863 ], [ -6.396026439660966, 37.61098988350475 ], [ -6.427514140243025, 37.620683646731877 ], [ -6.494987784347435, 37.619068019527354 ], [ -6.515229877578758, 37.625530528345436 ], [ -6.52872460639964, 37.615836765118317 ], [ -6.537721092280229, 37.627146155549958 ], [ -6.535471970810081, 37.651380563617764 ], [ -6.526475484929493, 37.664305581253927 ], [ -6.501735148757875, 37.669152462867487 ], [ -6.485991298466846, 37.698233752548859 ], [ -6.483742176996699, 37.720852533412142 ], [ -6.450005354944494, 37.719236906207627 ], [ -6.389279075250526, 37.748318195888992 ], [ -6.31055982379538, 37.764474467934193 ], [ -6.279072123213322, 37.758011959116118 ], [ -6.252082665571557, 37.762858840729677 ], [ -6.245335301161116, 37.740240059866387 ], [ -6.234089693810381, 37.738624432661865 ], [ -6.216096722049205, 37.745086941479954 ], [ -6.204851114698471, 37.766090095138715 ], [ -6.216096722049205, 37.791940130411042 ], [ -6.184609021467146, 37.809712029660766 ], [ -6.177861657056706, 37.798402639229124 ], [ -6.135128349123912, 37.787093248797483 ], [ -6.123882741773178, 37.804865148047206 ], [ -6.130630106183618, 37.832330810524056 ], [ -6.144124835004501, 37.856565218591861 ], [ -6.162117806765677, 37.856565218591861 ], [ -6.15986868529553, 37.872721490637062 ], [ -6.126131863243325, 37.903418407522956 ], [ -6.144124835004501, 37.919574679568157 ], [ -6.16661604970597, 37.908265289136516 ], [ -6.184609021467146, 37.927652815590761 ], [ -6.180110778526853, 37.940577833226925 ], [ -6.135128349123912, 37.972890377317334 ], [ -6.03166876149715, 37.997124785385139 ], [ -6.006928425325533, 37.990662276567058 ], [ -5.993433696504651, 37.998740412589662 ], [ -5.952949510042004, 37.995509158180624 ], [ -5.937205659750976, 38.024590447861989 ], [ -5.934956538280828, 38.047209228725272 ], [ -5.919212687989798, 38.050440483134317 ], [ -5.907967080639065, 38.06821238238404 ], [ -5.928209173870387, 38.087599908838286 ], [ -5.912465323579358, 38.123143707337732 ], [ -5.8809776229973, 38.132837470564859 ], [ -5.876479380057006, 38.155456251428149 ], [ -5.851739043885388, 38.17161252347335 ], [ -5.838244315064507, 38.174843777882387 ], [ -5.824749586243625, 38.169996896268827 ], [ -5.782016278310831, 38.186153168314036 ], [ -5.755026820669068, 38.181306286700476 ], [ -5.746030334788479, 38.189384422723073 ], [ -5.728037363027303, 38.197462558745677 ], [ -5.687553176564657, 38.181306286700476 ], [ -5.685304055094509, 38.157071878632664 ], [ -5.694300540975098, 38.17161252347335 ], [ -5.705546148325833, 38.163534387450746 ], [ -5.694300540975098, 38.150609369814582 ], [ -5.714542634206421, 38.134453097769381 ], [ -5.741532091848185, 38.126374961746777 ], [ -5.734784727437743, 38.085984281633763 ], [ -5.710044391266127, 38.081137400020204 ], [ -5.694300540975098, 38.084368654429241 ], [ -5.633574261281128, 38.137684352178418 ], [ -5.584093588937893, 38.131221843360336 ], [ -5.581844467467747, 38.115065571315135 ], [ -5.55710413129613, 38.108603062497053 ], [ -5.539111159534954, 38.094062417656367 ], [ -5.539111159534954, 38.082753027224726 ], [ -5.49637785160216, 38.042362347111712 ], [ -5.48963048719172, 38.029437329475549 ], [ -5.494128730132013, 38.000356039794184 ], [ -5.469388393960397, 37.971274750112812 ], [ -5.451395422199219, 37.966427868499252 ], [ -5.415409478676867, 37.942193460431447 ], [ -5.424405964557456, 37.927652815590761 ], [ -5.413160357206721, 37.898571525909389 ], [ -5.419907721617163, 37.89372464429583 ], [ -5.408662114266427, 37.866258981818987 ], [ -5.381672656624662, 37.851718336978301 ], [ -5.350184956042604, 37.843640200955697 ], [ -5.33893934869187, 37.833946437728571 ], [ -5.350184956042604, 37.79517138482008 ], [ -5.329942862811281, 37.782246367183923 ], [ -5.309700769579958, 37.774168231161319 ], [ -5.318697255460545, 37.758011959116118 ], [ -5.307451648109812, 37.73700880545735 ], [ -5.311949891050105, 37.698233752548859 ], [ -5.325444619870987, 37.691771243730777 ], [ -5.336690227221723, 37.706311888571463 ], [ -5.361430563393339, 37.698233752548859 ], [ -5.374925292214222, 37.678846226094613 ], [ -5.390669142505251, 37.698233752548859 ], [ -5.410911235736574, 37.683693107708173 ], [ -5.408662114266427, 37.659458699640368 ], [ -5.392918263975398, 37.656227445231323 ], [ -5.413160357206721, 37.648149309208719 ], [ -5.390669142505251, 37.623914901140914 ], [ -5.381672656624662, 37.61098988350475 ], [ -5.359181441923193, 37.606143001891191 ], [ -5.356932320453046, 37.585139848232423 ], [ -5.347935834572457, 37.585139848232423 ], [ -5.323195498400841, 37.61098988350475 ], [ -5.300704283699369, 37.622299273936392 ], [ -5.273714826057606, 37.625530528345436 ], [ -5.246725368415841, 37.641686800390644 ], [ -5.177002602841284, 37.680461853299136 ], [ -5.150013145199519, 37.661074326844883 ], [ -5.136518416378639, 37.667536835662972 ], [ -5.107279837266727, 37.662689954049405 ], [ -5.111778080207021, 37.680461853299136 ], [ -5.129771051968197, 37.698233752548859 ], [ -5.114027201677168, 37.701465006957896 ], [ -5.093785108445845, 37.675614971685569 ], [ -5.089286865505551, 37.695002498139814 ], [ -5.048802679042904, 37.717621279003104 ], [ -5.017314978460846, 37.711158770185023 ], [ -4.99932200669967, 37.706311888571463 ], [ -4.98357815640864, 37.678846226094613 ], [ -4.95433957729673, 37.652996190822286 ], [ -4.965585184647464, 37.61098988350475 ], [ -4.940844848475848, 37.620683646731877 ], [ -4.931848362595259, 37.615836765118317 ], [ -4.934097484065406, 37.601296120277631 ], [ -4.931848362595259, 37.546364795323939 ], [ -4.947592212886288, 37.520514760051611 ], [ -4.934097484065406, 37.520514760051611 ], [ -4.902609783483349, 37.467199062302434 ], [ -4.875620325841584, 37.451042790257226 ], [ -4.884616811722172, 37.438117772621062 ], [ -4.839634382319232, 37.434886518212025 ], [ -4.837385260849086, 37.421961500575861 ], [ -4.850879989669966, 37.410652110144213 ], [ -4.82613965349835, 37.37833956605381 ], [ -4.817143167617761, 37.354105157985998 ], [ -4.781157224095409, 37.328255122713671 ], [ -4.76541337380438, 37.337948885940797 ], [ -4.729427430282028, 37.33471763153176 ], [ -4.715932701461146, 37.358952039599558 ], [ -4.702437972640265, 37.347642649167916 ], [ -4.66870115058806, 37.323408241100111 ], [ -4.68219587940894, 37.323408241100111 ], [ -4.679946757938794, 37.28948006980518 ], [ -4.661953786177618, 37.283017560987105 ], [ -4.652957300297031, 37.255551898510255 ], [ -4.691192365289529, 37.252320644101211 ], [ -4.720430944401441, 37.260398780123815 ], [ -4.733925673222322, 37.250705016896688 ], [ -4.718181822931294, 37.239395626465047 ], [ -4.731676551752175, 37.226470608828883 ], [ -4.727178308811881, 37.210314336783682 ], [ -4.709185337050705, 37.197389319147518 ], [ -4.731676551752175, 37.18607992871587 ], [ -4.760915130864086, 37.176386165488751 ], [ -4.785655467035705, 37.155383011829983 ], [ -4.828388774968497, 37.18607992871587 ], [ -4.823890532028203, 37.200620573556556 ], [ -4.853129111140115, 37.199004946352034 ], [ -4.857627354080408, 37.173154911079706 ], [ -4.875620325841584, 37.158614266239027 ], [ -4.898111540543054, 37.155383011829983 ], [ -4.904858904953496, 37.174770538284228 ], [ -4.938595727005701, 37.176386165488751 ], [ -4.943093969945995, 37.156998639034505 ], [ -4.902609783483349, 37.137611112580259 ], [ -4.90935714789379, 37.114992331716977 ], [ -4.929599241125112, 37.100451686876291 ], [ -4.95433957729673, 37.092373550853686 ], [ -4.988076399348936, 37.064907888376837 ], [ -5.026311464341434, 37.051982870740673 ], [ -5.053300921983199, 37.030979717081912 ], [ -5.082539501095109, 37.030979717081912 ], [ -5.111778080207021, 37.019670326650271 ], [ -5.123023687557756, 37.027748462672868 ], [ -5.143265780789079, 37.003514054605063 ], [ -5.159009631080108, 36.988973409764377 ], [ -5.163507874020402, 36.98089527374178 ], [ -5.206241181953196, 36.961507747287527 ], [ -5.235479761065108, 36.940504593628766 ], [ -5.273714826057606, 36.990589036968899 ], [ -5.302953405169518, 37.019670326650271 ], [ -5.302953405169518, 37.037442225899994 ], [ -5.33893934869187, 37.005129681809585 ], [ -5.392918263975398, 36.972817137719176 ], [ -5.410911235736574, 36.956660865673967 ], [ -5.413160357206721, 36.940504593628766 ], [ -5.437900693378339, 36.9356577120152 ], [ -5.453644543669368, 36.961507747287527 ], [ -5.451395422199219, 36.982510900946295 ], [ -5.43565157190819, 36.990589036968899 ], [ -5.422156843087309, 37.011592190627667 ], [ -5.433402450438043, 37.051982870740673 ], [ -5.460391908079808, 37.042289107513554 ], [ -5.509872580423043, 37.03421097149095 ], [ -5.494128730132013, 37.011592190627667 ], [ -5.469388393960397, 36.992204664173421 ], [ -5.480634001311131, 36.972817137719176 ], [ -5.512121701893189, 36.95827649287849 ], [ -5.525616430714072, 36.937273339219722 ], [ -5.550356766885688, 36.922732694379036 ], [ -5.534612916594659, 36.893651404697671 ], [ -5.584093588937893, 36.914654558356439 ], [ -5.588591831878189, 36.946967102446848 ], [ -5.606584803639365, 36.950198356855886 ], [ -5.617830410990098, 36.940504593628766 ], [ -5.626826896870687, 36.955045238469452 ], [ -5.649318111572157, 36.955045238469452 ], [ -5.665061961863186, 36.976048392128213 ], [ -5.694300540975098, 36.956660865673967 ], [ -5.696549662445245, 36.9356577120152 ], [ -5.716791755676567, 36.919501439969999 ], [ -5.737033848907892, 36.917885812765476 ], [ -5.764023306549655, 36.92596394878808 ], [ -5.806756614482449, 36.924348321583558 ], [ -5.831496950654065, 36.916270185560961 ], [ -5.844991679474948, 36.914654558356439 ], [ -5.869732015646566, 36.893651404697671 ], [ -5.876479380057006, 36.895267031902193 ], [ -5.894472351818182, 36.851645097380143 ], [ -5.887724987407742, 36.846798215766583 ], [ -5.889974108877889, 36.841951334153016 ], [ -5.92596005240024, 36.853260724584658 ], [ -5.94170390269127, 36.851645097380143 ], [ -5.973191603273328, 36.843566961357539 ], [ -6.081149433840384, 36.85487635178918 ], [ -6.121633620303031, 36.864570115016306 ], [ -6.157619563825383, 36.885573268675067 ], [ -6.231840572340234, 36.898498286311231 ], [ -6.258830029981999, 36.895267031902193 ], [ -6.279072123213322, 36.911423303947394 ], [ -6.299314216444644, 36.906576422333835 ], [ -6.330801917026703, 36.898498286311231 ], [ -6.37803346789979, 36.934042084810685 ] ], [ [ -5.019564099930994, 37.591602357050505 ], [ -5.033058828751875, 37.623914901140914 ], [ -5.030809707281728, 37.641686800390644 ], [ -5.046553557572757, 37.631993037163518 ], [ -5.053300921983199, 37.641686800390644 ], [ -5.084788622565256, 37.64330242759516 ], [ -5.039806193162317, 37.625530528345436 ], [ -5.048802679042904, 37.607758629095713 ], [ -5.030809707281728, 37.61098988350475 ], [ -5.019564099930994, 37.591602357050505 ] ] ] ] } },
{ "type": "Feature", "properties": { "name": "Alacant/Alicante", "id": 3 }, "geometry": { "type": "MultiPolygon", "coordinates": [ [ [ [ -0.042258286495649, 38.856638458190019 ], [ -0.024265314734475, 38.872794730235228 ], [ -0.037760043555355, 38.887335375075907 ], [ -0.022016193264328, 38.876025984644265 ], [ 0.034211843489349, 38.859869712599064 ], [ 0.052204815250526, 38.863100967008101 ], [ 0.094938123183319, 38.853407203780982 ], [ 0.12417670229523, 38.834019677326737 ], [ 0.146667916996698, 38.832404050122214 ], [ 0.166910010228023, 38.817863405281528 ], [ 0.198397710810081, 38.801707133236327 ], [ 0.1849029819892, 38.785550861191119 ], [ 0.209643318160815, 38.759700825918792 ], [ 0.220888925511552, 38.759700825918792 ], [ 0.232134532862286, 38.732235163441942 ], [ 0.207394196690668, 38.732235163441942 ], [ 0.180404739048907, 38.716078891396741 ], [ 0.155664402877289, 38.698306992147018 ], [ 0.108432852004199, 38.674072584079212 ], [ 0.083692515832585, 38.659531939238526 ], [ 0.070197787011701, 38.638528785579759 ], [ 0.04995569378038, 38.641760039988803 ], [ 0.029713600549055, 38.625603767943595 ], [ 0.00947150731773, 38.632066276761677 ], [ -0.031012679144915, 38.615910004716476 ], [ -0.06474950119712, 38.577134951807984 ], [ -0.049005650906089, 38.564209934171821 ], [ -0.066998622667267, 38.54643803492209 ], [ -0.096237201779179, 38.523819254058807 ], [ -0.109731930600059, 38.533513017285927 ], [ -0.150216117062705, 38.535128644490449 ], [ -0.163710845883589, 38.523819254058807 ], [ -0.168209088823883, 38.523819254058807 ], [ -0.233433611458146, 38.501200473195524 ], [ -0.267170433510351, 38.494737964377435 ], [ -0.300907255562556, 38.481812946741272 ], [ -0.343640563495349, 38.455962911468951 ], [ -0.375128264077407, 38.443037893832788 ], [ -0.399868600249025, 38.412340976946894 ], [ -0.408865086129612, 38.381644060061006 ], [ -0.402117721719172, 38.352562770379642 ], [ -0.447100151122111, 38.362256533606761 ], [ -0.510075552286228, 38.325097107902792 ], [ -0.519072038166815, 38.297631445425942 ], [ -0.519072038166815, 38.275012664562659 ], [ -0.510075552286228, 38.224928221222527 ], [ -0.510075552286228, 38.202309440359237 ], [ -0.537065009927993, 38.187768795518551 ], [ -0.566303589039904, 38.191000049927595 ], [ -0.597791289621963, 38.186153168314036 ], [ -0.627029868733874, 38.153840624223626 ], [ -0.638275476084608, 38.127990588951299 ], [ -0.649521083435342, 38.055287364747876 ], [ -0.649521083435342, 38.029437329475549 ], [ -0.647271961965195, 38.003587294203221 ], [ -0.654019326375636, 37.985815394953498 ], [ -0.696752634308432, 37.969659122908297 ], [ -0.705749120189019, 37.940577833226925 ], [ -0.716994727539753, 37.937346578817881 ], [ -0.719243849009899, 37.911496543545553 ], [ -0.741735063711371, 37.909880916341038 ], [ -0.752980671062105, 37.88887776268227 ], [ -0.761977156942695, 37.846871455364735 ], [ -0.78896661458446, 37.848487082569257 ], [ -0.804710464875487, 37.859796473000898 ], [ -0.840696408397839, 37.872721490637062 ], [ -0.851942015748573, 37.880799626659666 ], [ -0.899173566621663, 37.922805933977202 ], [ -0.921664781323134, 37.947040342045007 ], [ -0.966647210726073, 38.013281057430348 ], [ -0.998134911308131, 38.052056110338839 ], [ -1.009380518658865, 38.060134246361436 ], [ -1.02287524747975, 38.076290518406644 ], [ -1.02962261189019, 38.115065571315135 ], [ -1.03636997630063, 38.137684352178418 ], [ -1.009380518658865, 38.16676564185979 ], [ -1.004882275718572, 38.17161252347335 ], [ -0.989138425427544, 38.199078185950199 ], [ -0.96889633219622, 38.255625138108414 ], [ -0.971145453666367, 38.289553309403345 ], [ -0.989138425427544, 38.320250226289232 ], [ -1.027373490420043, 38.338022125538956 ], [ -1.058861191002102, 38.34610026156156 ], [ -1.083601527173716, 38.34610026156156 ], [ -1.08809977011401, 38.367103415220328 ], [ -1.085850648643863, 38.428497248992102 ], [ -1.094847134524453, 38.438191012219221 ], [ -1.081352405703569, 38.441422266628265 ], [ -1.034120854830483, 38.473734810718675 ], [ -1.013878761599159, 38.496353591581958 ], [ -1.025124368949896, 38.522203626854285 ], [ -1.002633154248425, 38.572288070194418 ], [ -1.016127883069306, 38.635297531170721 ], [ -1.025124368949896, 38.656300684829489 ], [ -0.96214896778578, 38.656300684829489 ], [ -0.91491741691269, 38.696691364942495 ], [ -0.928412145733574, 38.706385128169615 ], [ -0.96214896778578, 38.774241470759478 ], [ -0.928412145733574, 38.783935233986597 ], [ -0.912668295442543, 38.769394589145918 ], [ -0.860938501629164, 38.769394589145918 ], [ -0.838447286927693, 38.737082045055509 ], [ -0.800212221935194, 38.737082045055509 ], [ -0.78671749311431, 38.746775808282628 ], [ -0.743984185181517, 38.754853944305232 ], [ -0.732738577830784, 38.756469571509754 ], [ -0.716994727539753, 38.750007062691672 ], [ -0.705749120189019, 38.733850790646464 ], [ -0.687756148427844, 38.741928926669068 ], [ -0.676510541077107, 38.729003909032905 ], [ -0.642773719024902, 38.727388281828382 ], [ -0.642773719024902, 38.704769500965099 ], [ -0.618033382853284, 38.686997601715376 ], [ -0.584296560801079, 38.708000755374137 ], [ -0.55280886021902, 38.716078891396741 ], [ -0.534815888457846, 38.732235163441942 ], [ -0.507826430816081, 38.743544553873591 ], [ -0.507826430816081, 38.754853944305232 ], [ -0.532566766987699, 38.767778961941396 ], [ -0.566303589039904, 38.754853944305232 ], [ -0.584296560801079, 38.767778961941396 ], [ -0.595542168151816, 38.795244624418245 ], [ -0.559556224629464, 38.803322760440849 ], [ -0.548310617278727, 38.804938387645365 ], [ -0.534815888457846, 38.809785269258924 ], [ -0.525819402577259, 38.809785269258924 ], [ -0.47858785170417, 38.804938387645365 ], [ -0.462844001413142, 38.808169642054409 ], [ -0.460594879942995, 38.809785269258924 ], [ -0.453847515532551, 38.817863405281528 ], [ -0.447100151122111, 38.819479032486051 ], [ -0.444851029651964, 38.821094659690573 ], [ -0.431356300831084, 38.825941541304132 ], [ -0.431356300831084, 38.825941541304132 ], [ -0.404366843189319, 38.832404050122214 ], [ -0.402117721719172, 38.840482186144818 ], [ -0.381875628487848, 38.834019677326737 ], [ -0.354886170846086, 38.850175949371938 ], [ -0.350387927905789, 38.856638458190019 ], [ -0.343640563495349, 38.861485339803579 ], [ -0.323398470264028, 38.863100967008101 ], [ -0.31215286291329, 38.874410357439743 ], [ -0.309903741443144, 38.880872866257832 ], [ -0.29865813409241, 38.882488493462347 ], [ -0.260423069099911, 38.859869712599064 ], [ -0.231184489987999, 38.853407203780982 ], [ -0.195198546465647, 38.859869712599064 ], [ -0.197447667935794, 38.866332221417146 ], [ -0.161461724413442, 38.887335375075907 ], [ -0.147966995592558, 38.858254085394542 ], [ -0.069247744137414, 38.885719747871391 ], [ -0.042258286495649, 38.856638458190019 ] ] ] ] } },
{ "type": "Feature", "properties": { "name": "Asturias", "id": 33 }, "geometry": { "type": "MultiPolygon", "coordinates": [ [ [ [ -6.472496569645966, 42.968409693694568 ], [ -6.434261504653465, 42.963562812081008 ], [ -6.441008869063907, 42.949022167240329 ], [ -6.432012383183318, 42.939328404013203 ], [ -6.476994812586259, 42.934481522399643 ], [ -6.490489541407142, 42.919940877558957 ], [ -6.519728120519051, 42.926403386377039 ], [ -6.542219335220523, 42.911862741536353 ], [ -6.569208792862286, 42.915093995945398 ], [ -6.607443857854786, 42.916709623149913 ], [ -6.61194210079508, 42.924787759172517 ], [ -6.638931558436845, 42.924787759172517 ], [ -6.722149052832284, 42.916709623149913 ], [ -6.755885874884489, 42.882781451854989 ], [ -6.773878846645665, 42.882781451854989 ], [ -6.771629725175519, 42.89893772390019 ], [ -6.8233595189889, 42.915093995945398 ], [ -6.841352490750076, 42.928019013581562 ], [ -6.83685424780978, 42.957100303262926 ], [ -6.881836677212721, 42.991028474557858 ], [ -6.908826134854486, 42.989412847353336 ], [ -6.940313835436545, 43.012031628216626 ], [ -6.947061199846985, 43.033034781875386 ], [ -6.965054171608161, 43.026572273057312 ], [ -6.962805050138014, 42.991028474557858 ], [ -6.996541872190219, 43.020109764239223 ], [ -6.983047143369337, 43.041112917897991 ], [ -6.971801536018603, 43.029803527466349 ], [ -6.967303293078308, 43.060500444352236 ], [ -6.949310321317132, 43.06857858037484 ], [ -6.938064713966398, 43.086350479624564 ], [ -6.915573499264926, 43.0734254619884 ], [ -6.895331406033604, 43.091197361238123 ], [ -6.870591069861986, 43.091197361238123 ], [ -6.841352490750076, 43.115431769305928 ], [ -6.827857761929193, 43.123509905328532 ], [ -6.821110397518753, 43.142897431782778 ], [ -6.839103369279929, 43.165516212646068 ], [ -6.875089312802281, 43.186519366304836 ], [ -6.886334920153015, 43.157438076623464 ], [ -6.902078770444044, 43.155822449418942 ], [ -6.938064713966398, 43.133203668555659 ], [ -6.958306807197721, 43.136434922964696 ], [ -6.98079802189919, 43.167131839850583 ], [ -6.965054171608161, 43.189750620713873 ], [ -6.971801536018603, 43.204291265554559 ], [ -6.992043629249926, 43.209138147168119 ], [ -7.010036601011102, 43.223678792008805 ], [ -7.019033086891689, 43.213985028781678 ], [ -7.061766394824483, 43.244681945667566 ], [ -7.07076288070507, 43.267300726530856 ], [ -7.059517273354336, 43.306075779439347 ], [ -7.086506730996099, 43.299613270621265 ], [ -7.097752338346835, 43.30122889782578 ], [ -7.115745310108011, 43.327078933098107 ], [ -7.13148916039904, 43.330310187507152 ], [ -7.126990917458746, 43.372316494824688 ], [ -7.133738281869187, 43.377163376438247 ], [ -7.158478618040805, 43.373932122029203 ], [ -7.180969832742274, 43.396550902892493 ], [ -7.169724225391539, 43.407860293324134 ], [ -7.171973346861687, 43.430479074187417 ], [ -7.142734767749776, 43.430479074187417 ], [ -7.126990917458746, 43.424016565369342 ], [ -7.104499702757275, 43.42724781977838 ], [ -7.079759366585659, 43.461175991073311 ], [ -7.057268151884189, 43.472485381504953 ], [ -7.046022544533454, 43.477332263118512 ], [ -7.046022544533454, 43.508029180004399 ], [ -7.032527815712571, 43.545188605708375 ], [ -7.030278694242424, 43.556497996140017 ], [ -6.996541872190219, 43.554882368935495 ], [ -6.962805050138014, 43.561344877753577 ], [ -6.949310321317132, 43.572654268185218 ], [ -6.91332437779478, 43.572654268185218 ], [ -6.877338434272428, 43.562960504958099 ], [ -6.827857761929193, 43.566191759367136 ], [ -6.800868304287429, 43.556497996140017 ], [ -6.785124453996399, 43.556497996140017 ], [ -6.767131482235223, 43.569423013776181 ], [ -6.758134996354636, 43.561344877753577 ], [ -6.733394660183018, 43.564576132162614 ], [ -6.724398174302431, 43.556497996140017 ], [ -6.708654324011402, 43.564576132162614 ], [ -6.683913987839784, 43.558113623344539 ], [ -6.659173651668167, 43.567807386571658 ], [ -6.620938586675669, 43.569423013776181 ], [ -6.616440343735373, 43.562960504958099 ], [ -6.602945614914491, 43.556497996140017 ], [ -6.524226363459347, 43.550035487321935 ], [ -6.472496569645966, 43.55165111452645 ], [ -6.470247448175817, 43.571038640980703 ], [ -6.429763261713171, 43.553266741730972 ], [ -6.396026439660966, 43.559729250549054 ], [ -6.37128610348935, 43.55165111452645 ], [ -6.344296645847585, 43.554882368935495 ], [ -6.306061580855086, 43.562960504958099 ], [ -6.24308617969097, 43.590426167434941 ], [ -6.204851114698471, 43.57426989538974 ], [ -6.189107264407442, 43.5791167770033 ], [ -6.191356385877588, 43.566191759367136 ], [ -6.171114292646266, 43.569423013776181 ], [ -6.135128349123912, 43.564576132162614 ], [ -6.121633620303031, 43.556497996140017 ], [ -6.07665119090009, 43.564576132162614 ], [ -6.054159976198621, 43.571038640980703 ], [ -6.022672275616562, 43.585579285821382 ], [ -6.011426668265827, 43.580732404207822 ], [ -5.959696874452446, 43.5791167770033 ], [ -5.930458295340534, 43.588810540230426 ], [ -5.939454781221123, 43.593657421843986 ], [ -5.914714445049505, 43.609813693889194 ], [ -5.914714445049505, 43.624354338729873 ], [ -5.887724987407742, 43.622738711525358 ], [ -5.85848640829583, 43.640510610775081 ], [ -5.85848640829583, 43.656666882820282 ], [ -5.842742558004801, 43.656666882820282 ], [ -5.826998707713772, 43.638894983570559 ], [ -5.784265399780978, 43.630816847547955 ], [ -5.79101276419142, 43.614660575502754 ], [ -5.770770670960097, 43.600119930662068 ], [ -5.755026820669068, 43.582348031412344 ], [ -5.712293512736274, 43.567807386571658 ], [ -5.70779526979598, 43.572654268185218 ], [ -5.694300540975098, 43.546804232912891 ], [ -5.64706899010201, 43.541957351299331 ], [ -5.617830410990098, 43.558113623344539 ], [ -5.590840953348335, 43.548419860117413 ], [ -5.568349738646864, 43.550035487321935 ], [ -5.527865552184219, 43.545188605708375 ], [ -5.51886906630363, 43.55165111452645 ], [ -5.49637785160216, 43.545188605708375 ], [ -5.469388393960397, 43.55165111452645 ], [ -5.413160357206721, 43.554882368935495 ], [ -5.386170899564958, 43.535494842481249 ], [ -5.352434077512752, 43.53064796086769 ], [ -5.311949891050105, 43.533879215276727 ], [ -5.300704283699369, 43.535494842481249 ], [ -5.266967461647164, 43.519338570436048 ], [ -5.269216583117313, 43.509644807208922 ], [ -5.226483275184519, 43.487026026345639 ], [ -5.215237667833783, 43.474101008709475 ], [ -5.168006116960695, 43.477332263118512 ], [ -5.129771051968197, 43.483794771936594 ], [ -5.116276323147314, 43.477332263118512 ], [ -5.087037744035404, 43.475716635913997 ], [ -5.071293893744375, 43.466022872686871 ], [ -4.98357815640864, 43.454713482255229 ], [ -4.974581670528053, 43.462791618277834 ], [ -4.936346605535554, 43.459560363868789 ], [ -4.884616811722172, 43.448250973437148 ], [ -4.871122082901291, 43.441788464619066 ], [ -4.841883503789379, 43.445019719028103 ], [ -4.823890532028203, 43.435325955800984 ], [ -4.76541337380438, 43.428863446982902 ], [ -4.74292215910291, 43.417554056551253 ], [ -4.679946757938794, 43.409475920528656 ], [ -4.652957300297031, 43.401397784506052 ], [ -4.576487170312031, 43.396550902892493 ], [ -4.544999469729973, 43.39978215730153 ], [ -4.513511769147915, 43.393319648483448 ], [ -4.511262647677768, 43.382010258051807 ], [ -4.533753862379237, 43.367469613211121 ], [ -4.538252105319533, 43.343235205143316 ], [ -4.522508255028503, 43.335157069120712 ], [ -4.522508255028503, 43.280225744167019 ], [ -4.54724859120012, 43.268916353735378 ], [ -4.549497712670266, 43.285072625780579 ], [ -4.60797487089409, 43.29638201621222 ], [ -4.637213450006001, 43.273763235348937 ], [ -4.630466085595559, 43.267300726530856 ], [ -4.657455543237324, 43.264069472121818 ], [ -4.706936215580559, 43.267300726530856 ], [ -4.731676551752175, 43.257606963303729 ], [ -4.722680065871588, 43.239835064054006 ], [ -4.733925673222322, 43.194597502327433 ], [ -4.754167766453646, 43.183288111895791 ], [ -4.778908102625262, 43.191366247918396 ], [ -4.823890532028203, 43.178441230282232 ], [ -4.841883503789379, 43.180056857486747 ], [ -4.839634382319232, 43.189750620713873 ], [ -4.859876475550555, 43.205906892759074 ], [ -4.871122082901291, 43.228525673622364 ], [ -4.90935714789379, 43.238219436849491 ], [ -4.920602755244525, 43.226910046417842 ], [ -4.943093969945995, 43.225294419213327 ], [ -4.97008342758776, 43.202675638350037 ], [ -4.997072885229523, 43.184903739100314 ], [ -4.997072885229523, 43.170363094259628 ], [ -5.021813221401141, 43.183288111895791 ], [ -5.053300921983199, 43.181672484691269 ], [ -5.075792136684669, 43.178441230282232 ], [ -5.075792136684669, 43.167131839850583 ], [ -5.093785108445845, 43.1445130589873 ], [ -5.091535986975698, 43.131588041351137 ], [ -5.10503071579658, 43.102506751669765 ], [ -5.141016659318932, 43.102506751669765 ], [ -5.147764023729373, 43.115431769305928 ], [ -5.201742939012901, 43.089581734033601 ], [ -5.206241181953196, 43.092812988442645 ], [ -5.235479761065108, 43.086350479624564 ], [ -5.269216583117313, 43.087966106829086 ], [ -5.282711311938193, 43.076656716397437 ], [ -5.311949891050105, 43.084734852420041 ], [ -5.341188470162017, 43.083119225215526 ], [ -5.343437591632163, 43.094428615647168 ], [ -5.383921778094809, 43.087966106829086 ], [ -5.390669142505251, 43.049191053920595 ], [ -5.449146300729073, 43.055653562738676 ], [ -5.480634001311131, 43.054037935534154 ], [ -5.494128730132013, 43.021725391443745 ], [ -5.505374337482749, 43.028187900261827 ], [ -5.539111159534954, 43.018494137034708 ], [ -5.566100617176717, 43.021725391443745 ], [ -5.575097103057306, 43.031419154670871 ], [ -5.642570747161717, 43.037881663488953 ], [ -5.687553176564657, 43.057269189943199 ], [ -5.728037363027303, 43.042728545102513 ], [ -5.734784727437743, 43.021725391443745 ], [ -5.766272428019802, 42.986181592944298 ], [ -5.759525063609361, 42.973256575308135 ], [ -5.804507493012302, 42.961947184876493 ], [ -5.842742558004801, 42.963562812081008 ], [ -5.860735529765977, 42.981334711330732 ], [ -5.887724987407742, 42.979719084126216 ], [ -5.887724987407742, 42.994259728966895 ], [ -5.905717959168918, 42.991028474557858 ], [ -5.932707416810681, 43.010416001012103 ], [ -5.955198631512152, 43.016878509830185 ], [ -5.959696874452446, 43.029803527466349 ], [ -5.968693360333033, 43.041112917897991 ], [ -5.961945995922592, 43.052422308329632 ], [ -5.988935453564357, 43.066962953170318 ], [ -6.004679303855387, 43.057269189943199 ], [ -6.01592491120612, 43.054037935534154 ], [ -6.081149433840384, 43.076656716397437 ], [ -6.09239504119112, 43.066962953170318 ], [ -6.096893284131413, 43.031419154670871 ], [ -6.119384498832883, 43.024956645852789 ], [ -6.13737747059406, 43.021725391443745 ], [ -6.150872199414941, 43.034650409079909 ], [ -6.189107264407442, 43.049191053920595 ], [ -6.216096722049205, 43.047575426716072 ], [ -6.229591450870087, 43.021725391443745 ], [ -6.22734232939994, 43.008800373807581 ], [ -6.258830029981999, 43.015262882625663 ], [ -6.283570366153615, 43.034650409079909 ], [ -6.294815973504351, 43.026572273057312 ], [ -6.328552795556556, 43.031419154670871 ], [ -6.330801917026703, 43.042728545102513 ], [ -6.360040496138614, 43.058884817147714 ], [ -6.373535224959497, 43.041112917897991 ], [ -6.396026439660966, 43.037881663488953 ], [ -6.39377731819082, 43.016878509830185 ], [ -6.411770289951995, 43.015262882625663 ], [ -6.407272047011702, 42.999106610580462 ], [ -6.445507112004201, 42.982950338535254 ], [ -6.476994812586259, 42.99264410176238 ], [ -6.472496569645966, 42.968409693694568 ] ] ] ] } },
{ "type": "Feature", "properties": { "name": "València/Valencia", "id": 46 }, "geometry": { "type": "MultiPolygon", "coordinates": [ [ [ [ -0.314401984383437, 39.525508120861488 ], [ -0.318900227323731, 39.514198730429847 ], [ -0.323398470264028, 39.483501813543953 ], [ -0.318900227323731, 39.46088303268067 ], [ -0.303156377032703, 39.46088303268067 ], [ -0.31215286291329, 39.443111133430946 ], [ -0.323398470264028, 39.457651778271625 ], [ -0.316651105853584, 39.423723606976701 ], [ -0.330145834674468, 39.42857048859026 ], [ -0.332394956144615, 39.409182962136015 ], [ -0.30540549850285, 39.334864110728077 ], [ -0.273917797920792, 39.278317158569862 ], [ -0.24467921880888, 39.225001460820685 ], [ -0.219938882637262, 39.186226407912194 ], [ -0.240180975868586, 39.166838881457949 ], [ -0.23793185439844, 39.142604473390143 ], [ -0.222188004107412, 39.105445047686175 ], [ -0.199696789405941, 39.058591858755079 ], [ -0.181703817644763, 39.03112619627823 ], [ -0.147966995592558, 38.982657380142612 ], [ -0.136721388241824, 38.971347989710971 ], [ -0.132223145301531, 38.968116735301933 ], [ -0.127724902361237, 38.963269853688374 ], [ -0.118728416480646, 38.953576090461247 ], [ -0.107482809129912, 38.943882327234121 ], [ -0.037760043555355, 38.887335375075907 ], [ -0.024265314734475, 38.872794730235228 ], [ -0.042258286495649, 38.856638458190019 ], [ -0.069247744137414, 38.885719747871391 ], [ -0.147966995592558, 38.858254085394542 ], [ -0.161461724413442, 38.887335375075907 ], [ -0.197447667935794, 38.866332221417146 ], [ -0.195198546465647, 38.859869712599064 ], [ -0.231184489987999, 38.853407203780982 ], [ -0.260423069099911, 38.859869712599064 ], [ -0.29865813409241, 38.882488493462347 ], [ -0.309903741443144, 38.880872866257832 ], [ -0.31215286291329, 38.874410357439743 ], [ -0.323398470264028, 38.863100967008101 ], [ -0.343640563495349, 38.861485339803579 ], [ -0.350387927905789, 38.856638458190019 ], [ -0.354886170846086, 38.850175949371938 ], [ -0.381875628487848, 38.834019677326737 ], [ -0.402117721719172, 38.840482186144818 ], [ -0.404366843189319, 38.832404050122214 ], [ -0.431356300831084, 38.825941541304132 ], [ -0.431356300831084, 38.825941541304132 ], [ -0.444851029651964, 38.821094659690573 ], [ -0.447100151122111, 38.819479032486051 ], [ -0.453847515532551, 38.817863405281528 ], [ -0.460594879942995, 38.809785269258924 ], [ -0.462844001413142, 38.808169642054409 ], [ -0.47858785170417, 38.804938387645365 ], [ -0.525819402577259, 38.809785269258924 ], [ -0.534815888457846, 38.809785269258924 ], [ -0.548310617278727, 38.804938387645365 ], [ -0.559556224629464, 38.803322760440849 ], [ -0.595542168151816, 38.795244624418245 ], [ -0.584296560801079, 38.767778961941396 ], [ -0.566303589039904, 38.754853944305232 ], [ -0.532566766987699, 38.767778961941396 ], [ -0.507826430816081, 38.754853944305232 ], [ -0.507826430816081, 38.743544553873591 ], [ -0.534815888457846, 38.732235163441942 ], [ -0.55280886021902, 38.716078891396741 ], [ -0.584296560801079, 38.708000755374137 ], [ -0.618033382853284, 38.686997601715376 ], [ -0.642773719024902, 38.704769500965099 ], [ -0.642773719024902, 38.727388281828382 ], [ -0.676510541077107, 38.729003909032905 ], [ -0.687756148427844, 38.741928926669068 ], [ -0.705749120189019, 38.733850790646464 ], [ -0.716994727539753, 38.750007062691672 ], [ -0.732738577830784, 38.756469571509754 ], [ -0.743984185181517, 38.754853944305232 ], [ -0.78671749311431, 38.746775808282628 ], [ -0.800212221935194, 38.737082045055509 ], [ -0.838447286927693, 38.737082045055509 ], [ -0.860938501629164, 38.769394589145918 ], [ -0.912668295442543, 38.769394589145918 ], [ -0.928412145733574, 38.783935233986597 ], [ -0.932910388673868, 38.811400896463446 ], [ -0.923913902793281, 38.82432591409961 ], [ -0.935159510144015, 38.855022830985504 ], [ -0.923913902793281, 38.892182256689473 ], [ -0.941906874554455, 38.90026039271207 ], [ -0.957650724845486, 38.921263546370838 ], [ -0.959899846315633, 38.943882327234121 ], [ -1.000384032778278, 38.95034483605221 ], [ -1.016127883069306, 38.937419818416046 ], [ -1.108341863345334, 38.929341682393442 ], [ -1.146576928337833, 38.929341682393442 ], [ -1.160071657158717, 38.95519171766577 ], [ -1.227545301263127, 39.024663687460148 ], [ -1.265780366255626, 39.050513722732475 ], [ -1.265780366255626, 39.07474813080028 ], [ -1.256783880375039, 39.084441894027407 ], [ -1.256783880375039, 39.105445047686175 ], [ -1.241040030084008, 39.113523183708772 ], [ -1.232043544203421, 39.132910710163017 ], [ -1.227545301263127, 39.152298236617263 ], [ -1.196057600681069, 39.176532644685068 ], [ -1.189310236270629, 39.20076705275288 ], [ -1.180313750390038, 39.212076443184522 ], [ -1.175815507449745, 39.246004614479446 ], [ -1.175815507449745, 39.265392140933699 ], [ -1.162320778628864, 39.305782821046705 ], [ -1.169068143039304, 39.313860957069309 ], [ -1.21629969391239, 39.318707838682869 ], [ -1.250036515964595, 39.323554720296428 ], [ -1.274776852136213, 39.333248483523555 ], [ -1.299517188307831, 39.330017229114517 ], [ -1.319759281539152, 39.342942246750681 ], [ -1.335503131830183, 39.333248483523555 ], [ -1.362492589471948, 39.349404755568756 ], [ -1.384983804173416, 39.354251637182323 ], [ -1.382734682703269, 39.365561027613964 ], [ -1.3984785329943, 39.363945400409442 ], [ -1.411973261815181, 39.38010167245465 ], [ -1.454706569747973, 39.360714146000404 ], [ -1.452457448277826, 39.397873571704373 ], [ -1.474948662979298, 39.409182962136015 ], [ -1.486194270330031, 39.401104826113411 ], [ -1.483945148859885, 39.423723606976701 ], [ -1.504187242091209, 39.417261098158619 ], [ -1.528927578262827, 39.452804896658066 ], [ -1.513183727971796, 39.457651778271625 ], [ -1.513183727971796, 39.483501813543953 ], [ -1.499688999150916, 39.502889339998205 ], [ -1.501938120621062, 39.514198730429847 ], [ -1.504187242091209, 39.548126901724771 ], [ -1.522180213852387, 39.548126901724771 ], [ -1.504187242091209, 39.551358156133816 ], [ -1.504187242091209, 39.564283173769979 ], [ -1.470450420039004, 39.572361309792583 ], [ -1.452457448277826, 39.591748836246829 ], [ -1.436713597986799, 39.628908261950798 ], [ -1.418720626225621, 39.654758297223125 ], [ -1.369239953882389, 39.690302095722572 ], [ -1.313011917128712, 39.670914569268326 ], [ -1.279275095076507, 39.677377078086408 ], [ -1.261282123315333, 39.698380231745176 ], [ -1.274776852136213, 39.73877091185819 ], [ -1.261282123315333, 39.756542811107913 ], [ -1.234292665673568, 39.78239284638024 ], [ -1.214050572442243, 39.808242881652568 ], [ -1.211801450972096, 39.832477289720373 ], [ -1.207303208031803, 39.845402307356537 ], [ -1.198306722151216, 39.872867969833386 ], [ -1.196057600681069, 39.9132586499464 ], [ -1.20955232950195, 39.927799294787079 ], [ -1.205054086561656, 39.948802448445846 ], [ -1.153324292748273, 39.963343093286532 ], [ -1.142078685397539, 39.971421229309129 ], [ -1.126334835106512, 39.963343093286532 ], [ -1.106092741875187, 39.974652483718174 ], [ -1.08809977011401, 39.969805602104614 ], [ -1.056612069531955, 39.981114992536256 ], [ -1.025124368949896, 39.974652483718174 ], [ -1.002633154248425, 39.981114992536256 ], [ -0.97564369660666, 39.976268110922696 ], [ -0.932910388673868, 39.95688058446845 ], [ -0.919415659852984, 39.964958720491055 ], [ -0.905920931032103, 39.940724312423242 ], [ -0.91491741691269, 39.918105531559959 ], [ -0.899173566621663, 39.892255496287632 ], [ -0.910419173972397, 39.86802108821982 ], [ -0.894675323681369, 39.856711697788178 ], [ -0.867685866039604, 39.847017934561059 ], [ -0.827201679576959, 39.871252342628864 ], [ -0.797963100465047, 39.880946105855983 ], [ -0.773222764293429, 39.869636715424342 ], [ -0.737236820771077, 39.821167899288731 ], [ -0.712496484599459, 39.816321017675172 ], [ -0.690005269897991, 39.851864816174619 ], [ -0.656268447845786, 39.835708544129417 ], [ -0.645022840495049, 39.792086609607367 ], [ -0.651770204905489, 39.753311556698876 ], [ -0.631528111674168, 39.746849047880787 ], [ -0.588794803741376, 39.742002166267227 ], [ -0.582047439330932, 39.756542811107913 ], [ -0.577549196390638, 39.772699083153114 ], [ -0.548310617278727, 39.795317864016404 ], [ -0.530317645517552, 39.796933491220926 ], [ -0.514573795226521, 39.779161591971203 ], [ -0.498829944935494, 39.746849047880787 ], [ -0.471840487293729, 39.725845894222026 ], [ -0.460594879942995, 39.716152130994899 ], [ -0.444851029651964, 39.719383385403944 ], [ -0.440352786711671, 39.730692775835585 ], [ -0.408865086129612, 39.745233420676271 ], [ -0.388622992898291, 39.769467828744077 ], [ -0.386373871428141, 39.769467828744077 ], [ -0.390872114368438, 39.779161591971203 ], [ -0.377377385547554, 39.800164745629964 ], [ -0.327896713204321, 39.801780372834486 ], [ -0.316651105853584, 39.800164745629964 ], [ -0.307654619972997, 39.796933491220926 ], [ -0.276166919390938, 39.771083455948599 ], [ -0.273917797920792, 39.754927183903391 ], [ -0.271668676450645, 39.750080302289831 ], [ -0.260423069099911, 39.743617793471749 ], [ -0.233433611458146, 39.740386539062712 ], [ -0.195198546465647, 39.724230267017504 ], [ -0.188451182055207, 39.722614639812981 ], [ -0.199696789405941, 39.685455214109012 ], [ -0.204195032346234, 39.672530196472849 ], [ -0.210942396756675, 39.653142670018603 ], [ -0.23793185439844, 39.636986397973402 ], [ -0.258173947629764, 39.615983244314634 ], [ -0.267170433510351, 39.598211345064911 ], [ -0.280665162331232, 39.565898800974502 ], [ -0.285163405271526, 39.55943629215642 ], [ -0.287412526741676, 39.556205037747375 ], [ -0.296409012622263, 39.549742528929293 ], [ -0.29865813409241, 39.544895647315734 ], [ -0.31215286291329, 39.530355002475048 ], [ -0.31215286291329, 39.528739375270533 ], [ -0.314401984383437, 39.525508120861488 ] ] ], [ [ [ -1.447959205337533, 40.145908967397339 ], [ -1.39173116858386, 40.134599576965698 ], [ -1.384983804173416, 40.137830831374743 ], [ -1.353496103591358, 40.129752695352138 ], [ -1.319759281539152, 40.145908967397339 ], [ -1.322008403009303, 40.184684020305831 ], [ -1.297268066837685, 40.21214968278268 ], [ -1.2837733380168, 40.171759002669667 ], [ -1.252285637434742, 40.142677712988302 ], [ -1.243289151554155, 40.145908967397339 ], [ -1.250036515964595, 40.123290186534057 ], [ -1.245538273024302, 40.116827677715975 ], [ -1.200555843621363, 40.110365168897893 ], [ -1.14882604980798, 40.115212050511452 ], [ -1.133082199516952, 40.097440151261729 ], [ -1.106092741875187, 40.087746388034603 ], [ -1.083601527173716, 40.071590115989402 ], [ -1.072355919822982, 40.052202589535156 ], [ -1.083601527173716, 40.036046317489948 ], [ -1.135331320987099, 40.015043163831187 ], [ -1.164569900099011, 40.01019628221762 ], [ -1.191559357740775, 40.002118146195023 ], [ -1.207303208031803, 40.002118146195023 ], [ -1.247787394494448, 39.995655637376942 ], [ -1.274776852136213, 40.003733773399546 ], [ -1.308513674188418, 40.01019628221762 ], [ -1.335503131830183, 40.016658791035709 ], [ -1.357994346531655, 40.011811909422143 ], [ -1.375987318292829, 40.016658791035709 ], [ -1.382734682703269, 40.039277571898992 ], [ -1.400727654464447, 40.066743234375842 ], [ -1.414222383285328, 40.086130760830088 ], [ -1.407475018874887, 40.100671405670766 ], [ -1.443460962397239, 40.11844330492049 ], [ -1.456955691218123, 40.134599576965698 ], [ -1.447959205337533, 40.145908967397339 ] ] ] ] } },
{ "type": "Feature", "properties": { "name": "Gipuzkoa", "id": 20 }, "geometry": { "type": "MultiPolygon", "coordinates": [ [ [ [ -2.354355157806781, 42.949022167240329 ], [ -2.385842858388839, 42.950637794444845 ], [ -2.406084951620162, 42.958715930467449 ], [ -2.444320016612661, 42.958715930467449 ], [ -2.480305960135013, 42.96517843928553 ], [ -2.482555081605161, 42.96517843928553 ], [ -2.500548053366337, 42.958715930467449 ], [ -2.534284875418543, 42.973256575308135 ], [ -2.547779604239423, 42.953869048853889 ], [ -2.550028725709572, 42.958715930467449 ], [ -2.581516426291628, 42.963562812081008 ], [ -2.597260276582658, 42.976487829717172 ], [ -2.601758519522953, 42.982950338535254 ], [ -2.592762033642364, 42.986181592944298 ], [ -2.595011155112511, 43.008800373807581 ], [ -2.579267304821482, 43.008800373807581 ], [ -2.541032239828983, 43.024956645852789 ], [ -2.525288389537954, 43.04595979951155 ], [ -2.5275375110081, 43.052422308329632 ], [ -2.547779604239423, 43.075041089192922 ], [ -2.545530482769276, 43.087966106829086 ], [ -2.502797174836484, 43.094428615647168 ], [ -2.496049810426042, 43.123509905328532 ], [ -2.505046296306631, 43.155822449418942 ], [ -2.507295417776778, 43.165516212646068 ], [ -2.484804203075308, 43.17197872146415 ], [ -2.491551567485748, 43.181672484691269 ], [ -2.487053324545455, 43.201060011145515 ], [ -2.496049810426042, 43.207522519963597 ], [ -2.498298931896189, 43.212369401577163 ], [ -2.496049810426042, 43.225294419213327 ], [ -2.462312988373837, 43.223678792008805 ], [ -2.46006386690369, 43.226910046417842 ], [ -2.437572652202221, 43.24306631846305 ], [ -2.439821773672367, 43.251144454485654 ], [ -2.417330558970898, 43.267300726530856 ], [ -2.437572652202221, 43.286688252985101 ], [ -2.437572652202221, 43.299613270621265 ], [ -2.412832316030602, 43.320616424280033 ], [ -2.412832316030602, 43.320616424280033 ], [ -2.399337587209722, 43.322232051484548 ], [ -2.354355157806781, 43.30122889782578 ], [ -2.284632392232224, 43.294766389007705 ], [ -2.246397327239723, 43.302844525030302 ], [ -2.228404355478547, 43.310922661052906 ], [ -2.190169290486049, 43.293150761803183 ], [ -2.140688618142814, 43.293150761803183 ], [ -2.12944301079208, 43.288303880189616 ], [ -2.082211459918991, 43.307691406643869 ], [ -2.00799045140414, 43.32384767868907 ], [ -1.989997479642966, 43.317385169870988 ], [ -1.987748358172816, 43.327078933098107 ], [ -1.963008022001201, 43.338388323529756 ], [ -1.931520321419143, 43.333541441916196 ], [ -1.897783499366938, 43.343235205143316 ], [ -1.870794041725173, 43.367469613211121 ], [ -1.848302827023701, 43.380394630847285 ], [ -1.792074790270028, 43.393319648483448 ], [ -1.796573033210322, 43.382010258051807 ], [ -1.778580061449144, 43.364238358802083 ], [ -1.789825668799882, 43.352928968370435 ], [ -1.758337968217823, 43.343235205143316 ], [ -1.738095874986499, 43.330310187507152 ], [ -1.742594117926792, 43.317385169870988 ], [ -1.729099389105912, 43.294766389007705 ], [ -1.729099389105912, 43.293150761803183 ], [ -1.783078304389438, 43.286688252985101 ], [ -1.794323911740175, 43.276994489757975 ], [ -1.794323911740175, 43.246297572872088 ], [ -1.850551948493848, 43.225294419213327 ], [ -1.859548434374439, 43.212369401577163 ], [ -1.875292284665466, 43.231756928031402 ], [ -1.87979052760576, 43.210753774372641 ], [ -1.902281742307231, 43.210753774372641 ], [ -1.909029106717671, 43.223678792008805 ], [ -1.911278228187818, 43.226910046417842 ], [ -1.911278228187818, 43.204291265554559 ], [ -1.920274714068405, 43.17197872146415 ], [ -1.915776471128112, 43.168747467055105 ], [ -1.918025592598259, 43.159053703827986 ], [ -1.902281742307231, 43.141281804578256 ], [ -1.924772957008702, 43.115431769305928 ], [ -1.94726417171017, 43.097659870056205 ], [ -1.974253629351935, 43.091197361238123 ], [ -1.974253629351935, 43.084734852420041 ], [ -1.978751872292229, 43.081503598011004 ], [ -1.983250115232522, 43.079887970806482 ], [ -1.987748358172816, 43.078272343601959 ], [ -1.989997479642966, 43.079887970806482 ], [ -2.010239572874287, 43.0734254619884 ], [ -2.012488694344434, 43.0734254619884 ], [ -2.023734301695171, 43.065347325965796 ], [ -2.016986937284727, 43.054037935534154 ], [ -2.041727273456345, 43.029803527466349 ], [ -2.028232544635465, 42.999106610580462 ], [ -2.037229030516052, 42.981334711330732 ], [ -2.052972880807079, 42.976487829717172 ], [ -2.095706188739875, 42.971640948103612 ], [ -2.102453553150315, 42.949022167240329 ], [ -2.118197403441343, 42.94255965842224 ], [ -2.133941253732374, 42.940944031217725 ], [ -2.151934225493548, 42.94255965842224 ], [ -2.174425440195019, 42.934481522399643 ], [ -2.190169290486049, 42.947406540035807 ], [ -2.210411383717371, 42.950637794444845 ], [ -2.235151719888989, 42.928019013581562 ], [ -2.235151719888989, 42.926403386377039 ], [ -2.237400841359136, 42.895706469491152 ], [ -2.250895570180019, 42.895706469491152 ], [ -2.291379756642664, 42.902168978309234 ], [ -2.300376242523253, 42.923172131968002 ], [ -2.322867457224723, 42.931250267990599 ], [ -2.338611307515752, 42.936097149604166 ], [ -2.352106036336634, 42.94255965842224 ], [ -2.354355157806781, 42.949022167240329 ] ] ] ] } },
{ "type": "Feature", "properties": { "name": "Guadalajara", "id": 19 }, "geometry": { "type": "MultiPolygon", "coordinates": [ [ [ [ -3.197775709111911, 40.441568745824583 ], [ -3.195526587641764, 40.478728171528559 ], [ -3.202273952052206, 40.498115697982797 ], [ -3.200024830582059, 40.514271970028005 ], [ -3.222516045283529, 40.525581360459647 ], [ -3.231512531164116, 40.540122005300333 ], [ -3.25175462439544, 40.541737632504848 ], [ -3.289989689387939, 40.532043869277729 ], [ -3.283242324977499, 40.551431395731974 ], [ -3.287740567917792, 40.572434549390742 ], [ -3.316979147029704, 40.583743939822384 ], [ -3.330473875850585, 40.601515839072107 ], [ -3.321477389969997, 40.611209602299233 ], [ -3.337221240261027, 40.625750247139919 ], [ -3.323726511440144, 40.628981501548957 ], [ -3.316979147029704, 40.654831536821284 ], [ -3.328224754380438, 40.640290891980598 ], [ -3.366459819372938, 40.651600282412247 ], [ -3.375456305253525, 40.680681572093611 ], [ -3.382203669663966, 40.683912826502649 ], [ -3.400196641425143, 40.691990962525253 ], [ -3.404694884365437, 40.66937218166197 ], [ -3.42493697759676, 40.682297199298134 ], [ -3.427186099066907, 40.672603436071007 ], [ -3.467670285529554, 40.690375335320738 ], [ -3.436182584947495, 40.72268787941114 ], [ -3.438431706417642, 40.735612897047304 ], [ -3.449677313768376, 40.732381642638266 ], [ -3.451926435238525, 40.738844151456348 ], [ -3.447428192298229, 40.764694186728676 ], [ -3.467670285529554, 40.784081713182921 ], [ -3.49915798611161, 40.788928594796481 ], [ -3.512652714932493, 40.788928594796481 ], [ -3.501407107581759, 40.797006730819085 ], [ -3.476666771410141, 40.82608802050045 ], [ -3.469919406999701, 40.851938055772777 ], [ -3.472168528469847, 40.864863073408941 ], [ -3.440680827887789, 40.881019345454149 ], [ -3.458673799648965, 40.89717561749935 ], [ -3.451926435238525, 40.913331889544558 ], [ -3.422687856126613, 40.966647587293735 ], [ -3.418189613186319, 40.974725723316332 ], [ -3.418189613186319, 40.987650740952496 ], [ -3.393449277014701, 41.00057575858866 ], [ -3.406944005835584, 41.015116403429346 ], [ -3.438431706417642, 41.042582065906188 ], [ -3.427186099066907, 41.065200846769478 ], [ -3.427186099066907, 41.082972746019202 ], [ -3.447428192298229, 41.08135711881468 ], [ -3.474417649939994, 41.095897763655366 ], [ -3.487912378760877, 41.10397589967797 ], [ -3.510403593462346, 41.137904070972901 ], [ -3.541891294044405, 41.149213461404543 ], [ -3.539642172574258, 41.165369733449751 ], [ -3.517150957872788, 41.162138479040706 ], [ -3.49915798611161, 41.178294751085915 ], [ -3.465421164059405, 41.183141632699474 ], [ -3.454175556708671, 41.20252915915372 ], [ -3.442929949357936, 41.215454176789876 ], [ -3.40244576289529, 41.213838549585361 ], [ -3.406944005835584, 41.233226076039607 ], [ -3.400196641425143, 41.254229229698367 ], [ -3.411442248775877, 41.260691738516456 ], [ -3.415940491716171, 41.27361675615262 ], [ -3.393449277014701, 41.257460484107412 ], [ -3.368708940843085, 41.260691738516456 ], [ -3.337221240261027, 41.252613602493852 ], [ -3.325975632910291, 41.262307365720972 ], [ -3.292238810858086, 41.257460484107412 ], [ -3.276494960567057, 41.275232383357135 ], [ -3.27424583909691, 41.260691738516456 ], [ -3.254003745865587, 41.259076111311934 ], [ -3.238259895574558, 41.288157400993299 ], [ -3.206772194992499, 41.304313673038507 ], [ -3.177533615880588, 41.299466791424948 ], [ -3.164038887059705, 41.294619909811381 ], [ -3.107810850306031, 41.288157400993299 ], [ -3.098814364425442, 41.280079264970695 ], [ -3.06282842090309, 41.27361675615262 ], [ -3.017845991500151, 41.289773028197821 ], [ -3.006600384149415, 41.284926146584262 ], [ -2.95037234739574, 41.293004282606859 ], [ -2.934628497104711, 41.314007436265626 ], [ -2.907639039462946, 41.32693245390179 ], [ -2.887396946231624, 41.325316826697275 ], [ -2.88289870329133, 41.322085572288231 ], [ -2.867154853000301, 41.312391809061111 ], [ -2.873902217410741, 41.297851164220425 ], [ -2.867154853000301, 41.275232383357135 ], [ -2.819923302127213, 41.257460484107412 ], [ -2.781688237134713, 41.254229229698367 ], [ -2.774940872724272, 41.249382348084808 ], [ -2.76144614390339, 41.27361675615262 ], [ -2.716463714500451, 41.275232383357135 ], [ -2.709716350090009, 41.252613602493852 ], [ -2.696221621269126, 41.24615109367577 ], [ -2.669232163627363, 41.236457330448644 ], [ -2.646740948925892, 41.239688584857689 ], [ -2.635495341575158, 41.22353231281248 ], [ -2.624249734224422, 41.22353231281248 ], [ -2.590512912172217, 41.225147940017003 ], [ -2.58826379070207, 41.22353231281248 ], [ -2.601758519522953, 41.194451023131116 ], [ -2.619751491284129, 41.196066650335638 ], [ -2.619751491284129, 41.183141632699474 ], [ -2.601758519522953, 41.187988514313034 ], [ -2.577018183351335, 41.178294751085915 ], [ -2.595011155112511, 41.149213461404543 ], [ -2.574769061881188, 41.139519698177423 ], [ -2.538783118358836, 41.154060343018102 ], [ -2.536533996888689, 41.162138479040706 ], [ -2.516291903657367, 41.145982206995498 ], [ -2.509544539246924, 41.118516544518656 ], [ -2.482555081605161, 41.116900917314133 ], [ -2.469060352784279, 41.078125864405642 ], [ -2.430825287791778, 41.07166335558756 ], [ -2.419579680441045, 41.057122710746874 ], [ -2.401586708679869, 41.061969592360441 ], [ -2.354355157806781, 41.086204000428246 ], [ -2.322867457224723, 41.057122710746874 ], [ -2.293628878112811, 41.07166335558756 ], [ -2.264390299000899, 41.066816473974001 ], [ -2.232902598418843, 41.097513390859888 ], [ -2.174425440195019, 41.082972746019202 ], [ -2.167678075784579, 41.095897763655366 ], [ -2.142937739612961, 41.102360272473447 ], [ -2.12944301079208, 41.116900917314133 ], [ -2.118197403441343, 41.102360272473447 ], [ -2.057471123747376, 41.070047728383038 ], [ -2.048474637866786, 41.078125864405642 ], [ -2.066467609627963, 41.095897763655366 ], [ -2.050723759336933, 41.129825934950297 ], [ -2.050723759336933, 41.14759783420002 ], [ -2.048474637866786, 41.152444715813587 ], [ -1.987748358172816, 41.160522851836184 ], [ -1.963008022001201, 41.171832242267826 ], [ -1.94726417171017, 41.166985360654266 ], [ -1.931520321419143, 41.137904070972901 ], [ -1.922523835538552, 41.134672816563857 ], [ -1.891036134956497, 41.133057189359334 ], [ -1.873043163195319, 41.110438408496051 ], [ -1.825811612322234, 41.095897763655366 ], [ -1.816815126441643, 41.095897763655366 ], [ -1.762836211158117, 41.058738337951397 ], [ -1.758337968217823, 41.055507083542352 ], [ -1.744843239396939, 41.032888302679069 ], [ -1.729099389105912, 41.024810166656465 ], [ -1.715604660285027, 41.011885149020301 ], [ -1.661625745001501, 40.977956977725377 ], [ -1.654878380591057, 40.968263214498251 ], [ -1.616643315598559, 40.944028806430445 ], [ -1.607646829717972, 40.927872534385244 ], [ -1.625639801479149, 40.898791244703872 ], [ -1.621141558538852, 40.879403718249627 ], [ -1.594152100897091, 40.853553682977299 ], [ -1.591902979426944, 40.850322428568262 ], [ -1.569411764725473, 40.829319274909494 ], [ -1.555917035904592, 40.829319274909494 ], [ -1.553667914434442, 40.822856766091412 ], [ -1.540173185613561, 40.792159849205518 ], [ -1.540173185613561, 40.763078559524153 ], [ -1.555917035904592, 40.75015354188799 ], [ -1.562664400315033, 40.74045977866087 ], [ -1.553667914434442, 40.709762861774976 ], [ -1.537924064143414, 40.688759708116216 ], [ -1.537924064143414, 40.658062791230321 ], [ -1.564913521785179, 40.614440856708271 ], [ -1.544671428553855, 40.595053330254025 ], [ -1.598650343837384, 40.562740786163616 ], [ -1.634636287359736, 40.580512685413339 ], [ -1.666123987941795, 40.582128312617861 ], [ -1.675120473822382, 40.591822075844988 ], [ -1.69311344558356, 40.577281431004302 ], [ -1.688615202643263, 40.56597204057266 ], [ -1.702109931464147, 40.541737632504848 ], [ -1.695362567053706, 40.511040715618961 ], [ -1.69311344558356, 40.486806307551156 ], [ -1.735846753516352, 40.47226566271047 ], [ -1.758337968217823, 40.451262509051709 ], [ -1.785327425859585, 40.412487456143218 ], [ -1.801071276150616, 40.41410308334774 ], [ -1.805569519090909, 40.397946811302532 ], [ -1.832558976732674, 40.4189499649613 ], [ -1.857299312904292, 40.425412473779382 ], [ -1.888787013486347, 40.506193834005401 ], [ -1.888787013486347, 40.528812614868691 ], [ -1.900032620837084, 40.535275123686773 ], [ -1.927022078478849, 40.593437703049503 ], [ -1.967506264941495, 40.607978347890189 ], [ -1.974253629351935, 40.590206448640465 ], [ -1.985499236702669, 40.585359567026906 ], [ -2.021485180225021, 40.59828458466307 ], [ -2.030481666105612, 40.599900211867592 ], [ -2.057471123747376, 40.624134619935397 ], [ -2.070965852568257, 40.628981501548957 ], [ -2.091207945799582, 40.643522146389643 ], [ -2.111450039030903, 40.649984655207724 ], [ -2.156432468433845, 40.658062791230321 ], [ -2.169927197254726, 40.630597128753479 ], [ -2.190169290486049, 40.630597128753479 ], [ -2.214909626657667, 40.61928773832183 ], [ -2.232902598418843, 40.624134619935397 ], [ -2.275635906351635, 40.645137773594158 ], [ -2.293628878112811, 40.624134619935397 ], [ -2.286881513702371, 40.588590821435943 ], [ -2.298127121053104, 40.572434549390742 ], [ -2.331863943105311, 40.567587667777175 ], [ -2.352106036336634, 40.575665803799779 ], [ -2.354355157806781, 40.593437703049503 ], [ -2.372348129567957, 40.606362720685667 ], [ -2.399337587209722, 40.614440856708271 ], [ -2.417330558970898, 40.588590821435943 ], [ -2.415081437500751, 40.580512685413339 ], [ -2.381344615448544, 40.548200141322937 ], [ -2.379095493978397, 40.54335325970937 ], [ -2.412832316030602, 40.525581360459647 ], [ -2.426327044851485, 40.540122005300333 ], [ -2.435323530732074, 40.535275123686773 ], [ -2.496049810426042, 40.509425088414446 ], [ -2.514042782187218, 40.515887597232528 ], [ -2.5275375110081, 40.544968886913892 ], [ -2.545530482769276, 40.519118851641565 ], [ -2.529786632478247, 40.498115697982797 ], [ -2.545530482769276, 40.473881289914992 ], [ -2.516291903657367, 40.459340645074306 ], [ -2.505046296306631, 40.448031254642665 ], [ -2.52079014659766, 40.423796846574859 ], [ -2.556776090120012, 40.435106237006501 ], [ -2.590512912172217, 40.449646881847187 ], [ -2.61075500540354, 40.446415627438142 ], [ -2.639993584515452, 40.448031254642665 ], [ -2.651239191866187, 40.439953118620068 ], [ -2.700719864209422, 40.430259355392941 ], [ -2.702968985679568, 40.422181219370337 ], [ -2.680477770978097, 40.402793692916092 ], [ -2.691723378328833, 40.394715556893487 ], [ -2.705218107149715, 40.415718710552255 ], [ -2.714214593030302, 40.410871828938696 ], [ -2.723211078910891, 40.39633118409801 ], [ -2.770442629783979, 40.422181219370337 ], [ -2.759197022433243, 40.441568745824583 ], [ -2.777189994194419, 40.446415627438142 ], [ -2.806428573306331, 40.404409320120614 ], [ -2.817674180657066, 40.3640186400076 ], [ -2.815425059186918, 40.331706095917191 ], [ -2.808677694776478, 40.326859214303632 ], [ -2.806428573306331, 40.252540362895694 ], [ -2.826670666537654, 40.202455919555561 ], [ -2.862656610060005, 40.200840292351039 ], [ -2.887396946231624, 40.165296493851585 ], [ -2.918884646813682, 40.158833985033503 ], [ -2.945874104455445, 40.170143375465145 ], [ -2.997603898268826, 40.208918428373636 ], [ -3.020095112970298, 40.192762156328435 ], [ -3.013347748559855, 40.173374629874189 ], [ -3.015596870030002, 40.152371476215421 ], [ -3.06282842090309, 40.16852774826063 ], [ -3.067326663843385, 40.157218357828981 ], [ -3.078572271194119, 40.166912121056107 ], [ -3.087568757074708, 40.200840292351039 ], [ -3.078572271194119, 40.208918428373636 ], [ -3.087568757074708, 40.246077854077612 ], [ -3.110059971776177, 40.284852906986103 ], [ -3.112309093246324, 40.284852906986103 ], [ -3.152793279708971, 40.263849753327335 ], [ -3.173035372940294, 40.234768463645963 ], [ -3.195526587641764, 40.247693481282127 ], [ -3.197775709111911, 40.257387244509253 ], [ -3.18428098029103, 40.270312262145417 ], [ -3.179782737350735, 40.301009179031304 ], [ -3.182031858820881, 40.304240433440341 ], [ -3.179782737350735, 40.313934196667468 ], [ -3.150544158238825, 40.334937350326236 ], [ -3.143796793828383, 40.357556131189519 ], [ -3.150544158238825, 40.373712403234727 ], [ -3.1303020650075, 40.404409320120614 ], [ -3.141547672358236, 40.412487456143218 ], [ -3.155042401179118, 40.439953118620068 ], [ -3.197775709111911, 40.441568745824583 ] ] ], [ [ [ -3.379954548193819, 40.632212755957994 ], [ -3.370958062313232, 40.625750247139919 ], [ -3.382203669663966, 40.630597128753479 ], [ -3.379954548193819, 40.632212755957994 ] ] ] ] } },
{ "type": "Feature", "properties": { "name": "Albacete", "id": 2 }, "geometry": { "type": "MultiPolygon", "coordinates": [ [ [ [ -1.265780366255626, 39.050513722732475 ], [ -1.227545301263127, 39.024663687460148 ], [ -1.160071657158717, 38.95519171766577 ], [ -1.146576928337833, 38.929341682393442 ], [ -1.108341863345334, 38.929341682393442 ], [ -1.016127883069306, 38.937419818416046 ], [ -1.000384032778278, 38.95034483605221 ], [ -0.959899846315633, 38.943882327234121 ], [ -0.957650724845486, 38.921263546370838 ], [ -0.941906874554455, 38.90026039271207 ], [ -0.923913902793281, 38.892182256689473 ], [ -0.935159510144015, 38.855022830985504 ], [ -0.923913902793281, 38.82432591409961 ], [ -0.932910388673868, 38.811400896463446 ], [ -0.928412145733574, 38.783935233986597 ], [ -0.96214896778578, 38.774241470759478 ], [ -0.928412145733574, 38.706385128169615 ], [ -0.91491741691269, 38.696691364942495 ], [ -0.96214896778578, 38.656300684829489 ], [ -1.025124368949896, 38.656300684829489 ], [ -1.043117340711071, 38.661147566443049 ], [ -1.115089227755774, 38.711232009783181 ], [ -1.119587470696068, 38.737082045055509 ], [ -1.184811993330332, 38.754853944305232 ], [ -1.250036515964595, 38.738697672260031 ], [ -1.2837733380168, 38.706385128169615 ], [ -1.342250496240624, 38.67730383848825 ], [ -1.366990832412242, 38.704769500965099 ], [ -1.402976775934594, 38.690228856124413 ], [ -1.447959205337533, 38.6498381760114 ], [ -1.443460962397239, 38.636913158375236 ], [ -1.452457448277826, 38.581981833421544 ], [ -1.468201298568857, 38.575519324603462 ], [ -1.492941634740475, 38.551284916535657 ], [ -1.499688999150916, 38.531897390081411 ], [ -1.479446905919591, 38.480197319536757 ], [ -1.474948662979298, 38.409109722537856 ], [ -1.479446905919591, 38.376797178447447 ], [ -1.542422307083708, 38.342869007152515 ], [ -1.558166157374739, 38.325097107902792 ], [ -1.589653857956797, 38.310556463062106 ], [ -1.670622230882088, 38.312172090266628 ], [ -1.69311344558356, 38.344484634357038 ], [ -1.681867838232822, 38.359025279197724 ], [ -1.704359052934294, 38.375181551242925 ], [ -1.717853781755174, 38.367103415220328 ], [ -1.744843239396939, 38.380028432856491 ], [ -1.771832697038704, 38.378412805651969 ], [ -1.769583575568557, 38.363872160811283 ], [ -1.794323911740175, 38.368719042424843 ], [ -1.783078304389438, 38.355794024788679 ], [ -1.812316883501349, 38.350947143175119 ], [ -1.825811612322234, 38.333175243925396 ], [ -1.850551948493848, 38.333175243925396 ], [ -1.895534377896791, 38.302478327039509 ], [ -1.983250115232522, 38.281475173380741 ], [ -2.0012430869937, 38.284706427789779 ], [ -2.021485180225021, 38.300862699834987 ], [ -2.048474637866786, 38.305709581448546 ], [ -2.075464095508551, 38.283090800585256 ], [ -2.082211459918991, 38.265318901335533 ], [ -2.113699160501049, 38.23785323885869 ], [ -2.174425440195019, 38.223312594018005 ], [ -2.212660505187518, 38.202309440359237 ], [ -2.230653476948694, 38.161918760246223 ], [ -2.246397327239723, 38.14899374261006 ], [ -2.266639420471048, 38.108603062497053 ], [ -2.325116578694869, 38.069828009588562 ], [ -2.338611307515752, 38.048824855929794 ], [ -2.340860428985899, 38.026206075066511 ], [ -2.372348129567957, 38.022974820657467 ], [ -2.424077923381338, 38.032668583884586 ], [ -2.433074409261927, 38.042362347111712 ], [ -2.482555081605161, 38.055287364747876 ], [ -2.505046296306631, 38.06821238238404 ], [ -2.525288389537954, 38.069828009588562 ], [ -2.552277847179719, 38.084368654429241 ], [ -2.516291903657367, 38.111834316906091 ], [ -2.511793660717071, 38.127990588951299 ], [ -2.496049810426042, 38.134453097769381 ], [ -2.466811231314132, 38.17161252347335 ], [ -2.446569138082808, 38.184537541109513 ], [ -2.45331650249325, 38.218465712404445 ], [ -2.444320016612661, 38.231390730040609 ], [ -2.444320016612661, 38.250778256494854 ], [ -2.435323530732074, 38.265318901335533 ], [ -2.442070895142514, 38.284706427789779 ], [ -2.480305960135013, 38.294400191016905 ], [ -2.484804203075308, 38.315403344675673 ], [ -2.480305960135013, 38.349331515970597 ], [ -2.493800688955895, 38.371950296833887 ], [ -2.482555081605161, 38.392953450492655 ], [ -2.491551567485748, 38.39941595931073 ], [ -2.516291903657367, 38.401031586515252 ], [ -2.550028725709572, 38.402647213719774 ], [ -2.572519940411041, 38.413956604151416 ], [ -2.572519940411041, 38.438191012219221 ], [ -2.568021697470748, 38.460809793082511 ], [ -2.577018183351335, 38.475350437923197 ], [ -2.565772576000601, 38.489891082763876 ], [ -2.601758519522953, 38.514125490831688 ], [ -2.639993584515452, 38.507662982013599 ], [ -2.673730406567657, 38.496353591581958 ], [ -2.698470742739273, 38.501200473195524 ], [ -2.729958443321332, 38.510894236422644 ], [ -2.763695265373537, 38.531897390081411 ], [ -2.76144614390339, 38.535128644490449 ], [ -2.745702293612361, 38.54643803492209 ], [ -2.756947900963096, 38.559363052558254 ], [ -2.765944386843685, 38.57390369739894 ], [ -2.750200536552656, 38.615910004716476 ], [ -2.763695265373537, 38.627219395148117 ], [ -2.725460200381038, 38.617525631920998 ], [ -2.702968985679568, 38.623988140739073 ], [ -2.669232163627363, 38.6498381760114 ], [ -2.655737434806481, 38.670841329670168 ], [ -2.646740948925892, 38.716078891396741 ], [ -2.637744463045305, 38.733850790646464 ], [ -2.666983042157216, 38.758085198714269 ], [ -2.698470742739273, 38.783935233986597 ], [ -2.723211078910891, 38.783935233986597 ], [ -2.73220756479148, 38.782319606782082 ], [ -2.750200536552656, 38.806554014849887 ], [ -2.750200536552656, 38.830788422917692 ], [ -2.756947900963096, 38.867947848621668 ], [ -2.76144614390339, 38.880872866257832 ], [ -2.790684723015302, 38.892182256689473 ], [ -2.79968120889589, 38.908338528734674 ], [ -2.835667152418242, 38.906722901530159 ], [ -2.858158367119712, 38.92772605518892 ], [ -2.876151338880888, 38.926110427984398 ], [ -2.878400460351035, 38.956807344870285 ], [ -2.871653095940594, 38.960038599279329 ], [ -2.846912759768976, 38.984273007347134 ], [ -2.831168909477947, 39.023048060255626 ], [ -2.810926816246624, 39.023048060255626 ], [ -2.806428573306331, 39.044051213914393 ], [ -2.806428573306331, 39.079595012413847 ], [ -2.82217242359736, 39.092520030050011 ], [ -2.842414516828683, 39.134526337367539 ], [ -2.806428573306331, 39.17814827188959 ], [ -2.781688237134713, 39.195920171139313 ], [ -2.759197022433243, 39.229848342434245 ], [ -2.723211078910891, 39.267007768138214 ], [ -2.743453172142214, 39.318707838682869 ], [ -2.662484799216921, 39.321939093091913 ], [ -2.635495341575158, 39.328401601909995 ], [ -2.619751491284129, 39.339710992341637 ], [ -2.599509398052806, 39.339710992341637 ], [ -2.547779604239423, 39.323554720296428 ], [ -2.511793660717071, 39.342942246750681 ], [ -2.484804203075308, 39.315476584273831 ], [ -2.442070895142514, 39.283164040183422 ], [ -2.374597251038104, 39.233079596843282 ], [ -2.361102522217221, 39.246004614479446 ], [ -2.349856914866487, 39.278317158569862 ], [ -2.320618335754576, 39.283164040183422 ], [ -2.3026253639934, 39.263776513729177 ], [ -2.289130635172517, 39.226617088025208 ], [ -2.246397327239723, 39.244388987274931 ], [ -2.21940786959796, 39.262160886524654 ], [ -2.18117280460546, 39.270239022547258 ], [ -2.178923683135313, 39.278317158569862 ], [ -2.151934225493548, 39.27670153136534 ], [ -2.095706188739875, 39.270239022547258 ], [ -2.050723759336933, 39.267007768138214 ], [ -2.057471123747376, 39.278317158569862 ], [ -2.077713216978697, 39.307398448251227 ], [ -2.073214974038404, 39.317092211478354 ], [ -2.095706188739875, 39.359098518795882 ], [ -2.082211459918991, 39.359098518795882 ], [ -2.043976394926492, 39.359098518795882 ], [ -2.019236058754874, 39.351020382773278 ], [ -2.028232544635465, 39.338095365137114 ], [ -2.005741329933993, 39.317092211478354 ], [ -1.989997479642966, 39.294473430615064 ], [ -1.936018564359436, 39.30416719384219 ], [ -1.8865378920162, 39.30416719384219 ], [ -1.846053705553555, 39.286395294592459 ], [ -1.769583575568557, 39.279932785774378 ], [ -1.762836211158117, 39.300935939433145 ], [ -1.740344996456646, 39.321939093091913 ], [ -1.715604660285027, 39.325170347500951 ], [ -1.675120473822382, 39.346173501159718 ], [ -1.648131016180617, 39.3526360099778 ], [ -1.612145072658265, 39.368792282023009 ], [ -1.560415278844886, 39.399489198908896 ], [ -1.504187242091209, 39.417261098158619 ], [ -1.483945148859885, 39.423723606976701 ], [ -1.486194270330031, 39.401104826113411 ], [ -1.474948662979298, 39.409182962136015 ], [ -1.452457448277826, 39.397873571704373 ], [ -1.454706569747973, 39.360714146000404 ], [ -1.411973261815181, 39.38010167245465 ], [ -1.3984785329943, 39.363945400409442 ], [ -1.382734682703269, 39.365561027613964 ], [ -1.384983804173416, 39.354251637182323 ], [ -1.362492589471948, 39.349404755568756 ], [ -1.335503131830183, 39.333248483523555 ], [ -1.319759281539152, 39.342942246750681 ], [ -1.299517188307831, 39.330017229114517 ], [ -1.274776852136213, 39.333248483523555 ], [ -1.250036515964595, 39.323554720296428 ], [ -1.21629969391239, 39.318707838682869 ], [ -1.169068143039304, 39.313860957069309 ], [ -1.162320778628864, 39.305782821046705 ], [ -1.175815507449745, 39.265392140933699 ], [ -1.175815507449745, 39.246004614479446 ], [ -1.180313750390038, 39.212076443184522 ], [ -1.189310236270629, 39.20076705275288 ], [ -1.196057600681069, 39.176532644685068 ], [ -1.227545301263127, 39.152298236617263 ], [ -1.232043544203421, 39.132910710163017 ], [ -1.241040030084008, 39.113523183708772 ], [ -1.256783880375039, 39.105445047686175 ], [ -1.256783880375039, 39.084441894027407 ], [ -1.265780366255626, 39.07474813080028 ], [ -1.265780366255626, 39.050513722732475 ] ] ] ] } },
{ "type": "Feature", "properties": { "name": "Cáceres", "id": 10 }, "geometry": { "type": "MultiPolygon", "coordinates": [ [ [ [ -6.677166623429343, 40.257387244509253 ], [ -6.587201764623462, 40.270312262145417 ], [ -6.571457914332434, 40.280006025372543 ], [ -6.555714064041405, 40.291315415804185 ], [ -6.564710549921992, 40.313934196667468 ], [ -6.560212306981699, 40.328474841508154 ], [ -6.535471970810081, 40.347862367962399 ], [ -6.517478999048905, 40.354324876780481 ], [ -6.474745691116112, 40.370481148825682 ], [ -6.450005354944494, 40.370481148825682 ], [ -6.43875974759376, 40.372096776030205 ], [ -6.418517654362436, 40.399562438507054 ], [ -6.375784346429644, 40.399562438507054 ], [ -6.362289617608761, 40.407640574529651 ], [ -6.362289617608761, 40.415718710552255 ], [ -6.364538739078908, 40.422181219370337 ], [ -6.333051038496849, 40.448031254642665 ], [ -6.274573880273028, 40.457725017869791 ], [ -6.265577394392439, 40.470650035505955 ], [ -6.240837058220823, 40.485190680346633 ], [ -6.198103750288029, 40.481959425937596 ], [ -6.177861657056706, 40.462571899483351 ], [ -6.155370442355236, 40.457725017869791 ], [ -6.148623077944794, 40.436721864211023 ], [ -6.114886255892589, 40.441568745824583 ], [ -6.128380984713472, 40.420565592165815 ], [ -6.117135377362736, 40.415718710552255 ], [ -6.074402069429944, 40.402793692916092 ], [ -6.067654705019502, 40.397946811302532 ], [ -6.087896798250826, 40.376943657643764 ], [ -6.085647676780678, 40.360787385598563 ], [ -6.105889770012002, 40.357556131189519 ], [ -6.054159976198621, 40.341399859144317 ], [ -6.01592491120612, 40.339784231939795 ], [ -6.01592491120612, 40.317165451076505 ], [ -6.004679303855387, 40.305856060644864 ], [ -5.968693360333033, 40.289699788599663 ], [ -5.964195117392739, 40.291315415804185 ], [ -5.916963566519652, 40.278390398168021 ], [ -5.883226744467446, 40.326859214303632 ], [ -5.849489922415241, 40.338168604735273 ], [ -5.847240800945094, 40.328474841508154 ], [ -5.815753100363036, 40.351093622371437 ], [ -5.79776012860186, 40.352709249575959 ], [ -5.782016278310831, 40.312318569462946 ], [ -5.802258371542154, 40.297777924622267 ], [ -5.793261885661567, 40.286468534190618 ], [ -5.764023306549655, 40.280006025372543 ], [ -5.743781213318332, 40.28808416139514 ], [ -5.737033848907892, 40.294546670213222 ], [ -5.692051419504951, 40.291315415804185 ], [ -5.656065475982599, 40.270312262145417 ], [ -5.649318111572157, 40.249309108486649 ], [ -5.624577775400541, 40.247693481282127 ], [ -5.611083046579658, 40.215380937191725 ], [ -5.597588317758776, 40.21699656439624 ], [ -5.530114673654365, 40.194377783532957 ], [ -5.51886906630363, 40.197609037941994 ], [ -5.49637785160216, 40.199224665146517 ], [ -5.487381365721573, 40.204071546760076 ], [ -5.471637515430544, 40.207302801169121 ], [ -5.467139272490249, 40.223459073214322 ], [ -5.440149814848485, 40.233152836441448 ], [ -5.42890420749775, 40.252540362895694 ], [ -5.395167385445545, 40.250924735691171 ], [ -5.343437591632163, 40.263849753327335 ], [ -5.359181441923193, 40.225074700418844 ], [ -5.370427049273928, 40.215380937191725 ], [ -5.363679684863486, 40.178221511487749 ], [ -5.36817792780378, 40.16368086664707 ], [ -5.336690227221723, 40.115212050511452 ], [ -5.359181441923193, 40.108749541693371 ], [ -5.36817792780378, 40.100671405670766 ], [ -5.374925292214222, 40.058665098353238 ], [ -5.365928806333633, 40.036046317489948 ], [ -5.363679684863486, 40.026352554262829 ], [ -5.365928806333633, 39.984346246945293 ], [ -5.395167385445545, 39.918105531559959 ], [ -5.401914749855985, 39.88579298746955 ], [ -5.40641299279628, 39.877714851446946 ], [ -5.370427049273928, 39.889024241878587 ], [ -5.33893934869187, 39.89063986908311 ], [ -5.316448133990399, 39.89063986908311 ], [ -5.289458676348636, 39.864789833810782 ], [ -5.28496043340834, 39.86317420660626 ], [ -5.311949891050105, 39.822783526493254 ], [ -5.314199012520252, 39.788855355198322 ], [ -5.309700769579958, 39.75977406551695 ], [ -5.253472732826284, 39.753311556698876 ], [ -5.215237667833783, 39.790470982402844 ], [ -5.206241181953196, 39.796933491220926 ], [ -5.181500845781578, 39.798549118425441 ], [ -5.168006116960695, 39.800164745629964 ], [ -5.168006116960695, 39.800164745629964 ], [ -5.159009631080108, 39.75977406551695 ], [ -5.174753481371138, 39.750080302289831 ], [ -5.138767537848786, 39.714536503790384 ], [ -5.152262266669668, 39.696764604540654 ], [ -5.147764023729373, 39.667683314859289 ], [ -5.161258752550255, 39.646680161200521 ], [ -5.172504359900991, 39.63537077076888 ], [ -5.183749967251725, 39.617598871519156 ], [ -5.206241181953196, 39.599826972269426 ], [ -5.201742939012901, 39.591748836246829 ], [ -5.145514902259226, 39.549742528929293 ], [ -5.123023687557756, 39.522276866452444 ], [ -5.082539501095109, 39.489964322362042 ], [ -5.057799164923493, 39.489964322362042 ], [ -5.039806193162317, 39.470576795907789 ], [ -5.008318492580258, 39.435032997408342 ], [ -4.952090455826584, 39.394642317295329 ], [ -4.972332549057906, 39.394642317295329 ], [ -4.97008342758776, 39.383332926863687 ], [ -4.992574642289229, 39.370407909227524 ], [ -5.015065856990699, 39.375254790841083 ], [ -5.019564099930994, 39.368792282023009 ], [ -5.055550043453346, 39.363945400409442 ], [ -5.089286865505551, 39.389795435681769 ], [ -5.114027201677168, 39.388179808477247 ], [ -5.111778080207021, 39.368792282023009 ], [ -5.118525444617461, 39.342942246750681 ], [ -5.150013145199519, 39.320323465887391 ], [ -5.165756995490549, 39.317092211478354 ], [ -5.246725368415841, 39.302551566637668 ], [ -5.282711311938193, 39.320323465887391 ], [ -5.302953405169518, 39.320323465887391 ], [ -5.33893934869187, 39.333248483523555 ], [ -5.354683198982899, 39.271854649751774 ], [ -5.350184956042604, 39.231463969638767 ], [ -5.36817792780378, 39.213692070389044 ], [ -5.383921778094809, 39.174917017480553 ], [ -5.413160357206721, 39.157145118230829 ], [ -5.42890420749775, 39.161991999844389 ], [ -5.464890151020102, 39.160376372639867 ], [ -5.494128730132013, 39.18299515350315 ], [ -5.514370823363336, 39.210460815979999 ], [ -5.527865552184219, 39.191073289525754 ], [ -5.550356766885688, 39.215307697593559 ], [ -5.577346224527453, 39.202382679957395 ], [ -5.613332168049805, 39.187842035116716 ], [ -5.577346224527453, 39.15068260941274 ], [ -5.5795953459976, 39.142604473390143 ], [ -5.602086560699069, 39.128063828549458 ], [ -5.584093588937893, 39.118370065322338 ], [ -5.604335682169218, 39.100598166072608 ], [ -5.64706899010201, 39.10221379327713 ], [ -5.671809326273628, 39.079595012413847 ], [ -5.701047905385538, 39.089288775640966 ], [ -5.725788241557156, 39.111907556504249 ], [ -5.73028648449745, 39.113523183708772 ], [ -5.755026820669068, 39.132910710163017 ], [ -5.811254857422743, 39.144220100594666 ], [ -5.818002221833183, 39.119985692526853 ], [ -5.833746072124212, 39.110291929299734 ], [ -5.871981137116713, 39.103829420481652 ], [ -5.896721473288329, 39.095751284459048 ], [ -5.923710930930094, 39.082826266822885 ], [ -5.937205659750976, 39.084441894027407 ], [ -5.92596005240024, 39.105445047686175 ], [ -5.94170390269127, 39.108676302095212 ], [ -5.982188089153915, 39.069901249186721 ], [ -6.006928425325533, 39.056976231550557 ], [ -6.01592491120612, 39.10221379327713 ], [ -6.01592491120612, 39.12967945575398 ], [ -6.063156462079208, 39.10221379327713 ], [ -6.090145919720973, 39.084441894027407 ], [ -6.126131863243325, 39.050513722732475 ], [ -6.141875713534354, 39.03112619627823 ], [ -6.153121320885088, 39.052129349936997 ], [ -6.168865171176117, 39.058591858755079 ], [ -6.202601993228322, 39.056976231550557 ], [ -6.231840572340234, 39.089288775640966 ], [ -6.294815973504351, 39.09736691166357 ], [ -6.312808945265527, 39.110291929299734 ], [ -6.312808945265527, 39.132910710163017 ], [ -6.31055982379538, 39.155529491026307 ], [ -6.319556309675967, 39.184610780707672 ], [ -6.342047524377438, 39.184610780707672 ], [ -6.375784346429644, 39.163607627048904 ], [ -6.398275561131113, 39.165223254253426 ], [ -6.407272047011702, 39.165223254253426 ], [ -6.43875974759376, 39.176532644685068 ], [ -6.456752719354936, 39.173301390276031 ], [ -6.490489541407142, 39.168454508662464 ], [ -6.539970213750376, 39.181379526298628 ], [ -6.537721092280229, 39.155529491026307 ], [ -6.573707035802581, 39.158760745435345 ], [ -6.578205278742875, 39.179763899094112 ], [ -6.634433315496549, 39.197535798343836 ], [ -6.659173651668167, 39.199151425548358 ], [ -6.681664866369637, 39.176532644685068 ], [ -6.751387631944194, 39.194304543934791 ], [ -6.767131482235223, 39.187842035116716 ], [ -6.798619182817282, 39.220154579207119 ], [ -6.800868304287429, 39.239542105661371 ], [ -6.778377089585959, 39.265392140933699 ], [ -6.760384117824783, 39.27670153136534 ], [ -6.749138510474047, 39.325170347500951 ], [ -6.771629725175519, 39.328401601909995 ], [ -6.796370061347135, 39.344557873955196 ], [ -6.791871818406841, 39.367176654818486 ], [ -6.803117425757575, 39.389795435681769 ], [ -6.857096341041105, 39.388179808477247 ], [ -6.884085798682868, 39.383332926863687 ], [ -6.935815592496249, 39.396257944499851 ], [ -6.996541872190219, 39.420492352567656 ], [ -6.994292750720073, 39.425339234181223 ], [ -7.0482716660036, 39.436648624612864 ], [ -7.066264637764776, 39.414029843749574 ], [ -7.039275180123013, 39.396257944499851 ], [ -7.010036601011102, 39.388179808477247 ], [ -7.032527815712571, 39.367176654818486 ], [ -7.030278694242424, 39.351020382773278 ], [ -7.043773423063307, 39.326785974705473 ], [ -7.077510245115512, 39.310629702660265 ], [ -7.082008488055806, 39.334864110728077 ], [ -7.102250581287128, 39.346173501159718 ], [ -7.097752338346835, 39.359098518795882 ], [ -7.079759366585659, 39.351020382773278 ], [ -7.06401551629463, 39.372023536432046 ], [ -7.073012002175219, 39.381717299659172 ], [ -7.104499702757275, 39.386564181272732 ], [ -7.1247417959886, 39.381717299659172 ], [ -7.160727739510952, 39.360714146000404 ], [ -7.178720711272128, 39.331632856319032 ], [ -7.151731253630363, 39.321939093091913 ], [ -7.203461047443744, 39.265392140933699 ], [ -7.230450505085509, 39.278317158569862 ], [ -7.270934691548154, 39.30416719384219 ], [ -7.268685570078008, 39.30901407545575 ], [ -7.311418878010802, 39.341326619546159 ], [ -7.311418878010802, 39.368792282023009 ], [ -7.322664485361537, 39.38494855406821 ], [ -7.300173270660066, 39.417261098158619 ], [ -7.309169756540655, 39.430186115794783 ], [ -7.293425906249626, 39.45603615106711 ], [ -7.320415363891389, 39.473808050316833 ], [ -7.34290657859286, 39.478654931930393 ], [ -7.3496539430033, 39.488348695157519 ], [ -7.381141643585359, 39.491579949566557 ], [ -7.390138129465948, 39.502889339998205 ], [ -7.390138129465948, 39.530355002475048 ], [ -7.4261240729883, 39.53197062967957 ], [ -7.446366166219622, 39.548126901724771 ], [ -7.466608259450945, 39.575592564201621 ], [ -7.50034508150315, 39.590133209042307 ], [ -7.509341567383739, 39.619214498723672 ], [ -7.527334539144915, 39.63537077076888 ], [ -7.534081903555355, 39.667683314859289 ], [ -7.455362652100211, 39.662836433245729 ], [ -7.4261240729883, 39.651527042814081 ], [ -7.399134615346535, 39.646680161200521 ], [ -7.374394279174918, 39.651527042814081 ], [ -7.336159214182418, 39.641833279586962 ], [ -7.324913606831684, 39.645064533995999 ], [ -7.286678541839184, 39.659605178836685 ], [ -7.250692598316832, 39.667683314859289 ], [ -7.19221544009301, 39.659605178836685 ], [ -7.147233010690069, 39.653142670018603 ], [ -7.126990917458746, 39.662836433245729 ], [ -7.088755852466248, 39.662836433245729 ], [ -7.06401551629463, 39.657989551632163 ], [ -7.014534843951395, 39.670914569268326 ], [ -7.005538358070808, 39.701611486154221 ], [ -6.98754538630963, 39.727461521426548 ], [ -6.994292750720073, 39.740386539062712 ], [ -6.976299778958897, 39.772699083153114 ], [ -6.98754538630963, 39.80985850885709 ], [ -6.969552414548454, 39.824399153697769 ], [ -6.958306807197721, 39.824399153697769 ], [ -6.915573499264926, 39.8583273249927 ], [ -6.904327891914191, 39.871252342628864 ], [ -6.899829648973897, 39.901949259514751 ], [ -6.906577013384339, 39.919721158764474 ], [ -6.886334920153015, 39.940724312423242 ], [ -6.886334920153015, 39.981114992536256 ], [ -6.866092826921692, 40.01019628221762 ], [ -6.875089312802281, 40.016658791035709 ], [ -6.893082284563457, 40.06028072555776 ], [ -6.917822620735073, 40.066743234375842 ], [ -6.92007174220522, 40.084515133625565 ], [ -6.940313835436545, 40.111980796102415 ], [ -7.001040115130513, 40.120058932125012 ], [ -7.021282208361837, 40.144293340192817 ], [ -7.016783965421542, 40.176605884283234 ], [ -7.030278694242424, 40.184684020305831 ], [ -7.012285722481248, 40.225074700418844 ], [ -6.978548900429043, 40.241230972464052 ], [ -6.962805050138014, 40.237999718055008 ], [ -6.951559442787278, 40.257387244509253 ], [ -6.906577013384339, 40.254155990100216 ], [ -6.868341948391839, 40.263849753327335 ], [ -6.863843705451545, 40.270312262145417 ], [ -6.845850733690369, 40.254155990100216 ], [ -6.800868304287429, 40.242846599668567 ], [ -6.780626211056106, 40.249309108486649 ], [ -6.778377089585959, 40.246077854077612 ], [ -6.755885874884489, 40.23961534525953 ], [ -6.755885874884489, 40.246077854077612 ], [ -6.717650809891989, 40.268696634940895 ], [ -6.690661352250226, 40.242846599668567 ], [ -6.677166623429343, 40.257387244509253 ] ] ] ] } },
{ "type": "Feature", "properties": { "name": "Lleida", "id": 25 }, "geometry": { "type": "MultiPolygon", "coordinates": [ [ [ [ 1.581607414950494, 42.449793361043504 ], [ 1.599600386711671, 42.467565260293227 ], [ 1.63108808729373, 42.462718378679668 ], [ 1.658077544935495, 42.467565260293227 ], [ 1.662575787875788, 42.493415295565555 ], [ 1.703059974338434, 42.490184041156517 ], [ 1.725551189039905, 42.504724685997203 ], [ 1.730049431980198, 42.49179966836104 ], [ 1.730049431980198, 42.477259023520354 ], [ 1.732298553450345, 42.440099597816385 ], [ 1.770533618442844, 42.428790207384736 ], [ 1.795273954614462, 42.430405834589259 ], [ 1.806519561965196, 42.417480816953095 ], [ 1.806519561965196, 42.390015154476245 ], [ 1.799772197554756, 42.378705764044604 ], [ 1.817765169315933, 42.373858882431044 ], [ 1.831259898136814, 42.378705764044604 ], [ 1.856000234308432, 42.369012000817484 ], [ 1.847003748427841, 42.359318237590358 ], [ 1.835758141077108, 42.354471355976798 ], [ 1.833509019606961, 42.327005693499956 ], [ 1.842505505487548, 42.306002539841188 ], [ 1.804270440495049, 42.301155658227628 ], [ 1.797523076084609, 42.29469314940954 ], [ 1.779530104323431, 42.291461895000502 ], [ 1.741295039330932, 42.28984626779598 ], [ 1.734547674920492, 42.283383758977898 ], [ 1.718803824629465, 42.283383758977898 ], [ 1.669323152286228, 42.281768131773376 ], [ 1.689565245517553, 42.276921250159816 ], [ 1.685067002577259, 42.255918096501048 ], [ 1.70530909580858, 42.238146197251325 ], [ 1.685067002577259, 42.221989925206124 ], [ 1.680568759636962, 42.205833653160916 ], [ 1.707558217278727, 42.189677381115715 ], [ 1.739045917860786, 42.189677381115715 ], [ 1.736796796390639, 42.183214872297633 ], [ 1.734547674920492, 42.158980464229828 ], [ 1.721052946099611, 42.152517955411739 ], [ 1.69856173139814, 42.134746056162015 ], [ 1.712056460219021, 42.115358529707777 ], [ 1.70530909580858, 42.10566476648065 ], [ 1.723302067569758, 42.100817884867091 ], [ 1.716554703159318, 42.084661612821883 ], [ 1.6918143669877, 42.086277240026405 ], [ 1.689565245517553, 42.073352222390241 ], [ 1.673821395226522, 42.052349068731473 ], [ 1.685067002577259, 42.049117814322436 ], [ 1.696312609927993, 42.036192796686272 ], [ 1.700810852868287, 42.028114660663668 ], [ 1.664824909345935, 42.010342761413945 ], [ 1.651330180525054, 42.013574015822982 ], [ 1.651330180525054, 41.992570862164214 ], [ 1.685067002577259, 41.995802116573259 ], [ 1.69856173139814, 42.013574015822982 ], [ 1.716554703159318, 42.000648998186819 ], [ 1.716554703159318, 41.982877098937095 ], [ 1.682817881107113, 41.968336454096409 ], [ 1.673821395226522, 41.982877098937095 ], [ 1.653579301995201, 41.981261471732573 ], [ 1.649081059054907, 41.957027063664768 ], [ 1.649081059054907, 41.948948927642164 ], [ 1.642333694644464, 41.929561401187918 ], [ 1.615344237002699, 41.905326993120113 ], [ 1.581607414950494, 41.892401975483949 ], [ 1.568112686129613, 41.879476957847785 ], [ 1.583856536420644, 41.873014449029704 ], [ 1.601849508181818, 41.884323839461345 ], [ 1.626589844353436, 41.869783194620666 ], [ 1.63108808729373, 41.843933159348339 ], [ 1.610845994062405, 41.835855023325735 ], [ 1.610845994062405, 41.818083124076011 ], [ 1.592853022301231, 41.81162061525793 ], [ 1.599600386711671, 41.789001834394639 ], [ 1.581607414950494, 41.776076816758476 ], [ 1.574860050540053, 41.782539325576558 ], [ 1.547870592898288, 41.771229935144916 ], [ 1.529877621137114, 41.751842408690671 ], [ 1.532126742607261, 41.763151799122312 ], [ 1.507386406435643, 41.774461189553961 ], [ 1.505137284965496, 41.789001834394639 ], [ 1.482646070264028, 41.790617461599162 ], [ 1.487144313204322, 41.77930807116752 ], [ 1.460154855562557, 41.776076816758476 ], [ 1.473649584383438, 41.782539325576558 ], [ 1.471400462913291, 41.800311224826288 ], [ 1.426418033510352, 41.801926852030803 ], [ 1.412923304689468, 41.776076816758476 ], [ 1.40392681880888, 41.745379899872589 ], [ 1.424168912040205, 41.732454882236425 ], [ 1.38368472557756, 41.706604846964098 ], [ 1.399428575868587, 41.704989219759575 ], [ 1.40392681880888, 41.68560169330533 ], [ 1.419670669099911, 41.67590793007821 ], [ 1.430916276450645, 41.654904776419443 ], [ 1.45115836968197, 41.646826640396839 ], [ 1.448909248211823, 41.637132877169719 ], [ 1.430916276450645, 41.629054741147115 ], [ 1.388182968517853, 41.630670368351637 ], [ 1.370189996756675, 41.620976605124511 ], [ 1.361193510876088, 41.612898469101914 ], [ 1.385933847047706, 41.603204705874788 ], [ 1.408425061749174, 41.59997345146575 ], [ 1.392681211458147, 41.575739043397945 ], [ 1.40392681880888, 41.557967144148215 ], [ 1.392681211458147, 41.556351516943693 ], [ 1.372439118226822, 41.566045280170819 ], [ 1.304965474122412, 41.570892161784379 ], [ 1.257733923249326, 41.567660907375341 ], [ 1.219498858256827, 41.569276534579856 ], [ 1.210502372376236, 41.548273380921096 ], [ 1.181263793264325, 41.543426499307529 ], [ 1.170018185913591, 41.517576464035201 ], [ 1.165519942973297, 41.517576464035201 ], [ 1.179014671794178, 41.488495174353837 ], [ 1.154274335622564, 41.480417038331233 ], [ 1.129533999450945, 41.473954529513151 ], [ 1.107042784749474, 41.467492020695069 ], [ 1.100295420339034, 41.475570156717673 ], [ 1.037320019174917, 41.498188937580963 ], [ 1.048565626525654, 41.486879547149314 ], [ 1.037320019174917, 41.480417038331233 ], [ 1.075555084167416, 41.459413884672472 ], [ 1.055312990936095, 41.441641985422748 ], [ 1.046316505055504, 41.440026358218226 ], [ 1.02832353329433, 41.409329441332332 ], [ 1.003583197122712, 41.404482559718772 ], [ 0.994586711242125, 41.391557542082609 ], [ 0.981091982421241, 41.391557542082609 ], [ 0.965348132130213, 41.359244997992199 ], [ 0.951853403309332, 41.351166861969602 ], [ 0.904621852436243, 41.347935607560558 ], [ 0.864137665973598, 41.338241844333439 ], [ 0.843895572742273, 41.362476252401244 ], [ 0.830400843921392, 41.359244997992199 ], [ 0.812407872160215, 41.32693245390179 ], [ 0.767425442757276, 41.333394962719872 ], [ 0.751681592466248, 41.317238690674671 ], [ 0.695453555712572, 41.314007436265626 ], [ 0.690955312772278, 41.312391809061111 ], [ 0.614485182787281, 41.291388655402343 ], [ 0.587495725145516, 41.307544927447545 ], [ 0.580748360735075, 41.320469945083708 ], [ 0.553758903093311, 41.32693245390179 ], [ 0.526769445451546, 41.289773028197821 ], [ 0.502029109279928, 41.289773028197821 ], [ 0.479537894578456, 41.322085572288231 ], [ 0.461544922817282, 41.335010589924394 ], [ 0.434555465175517, 41.320469945083708 ], [ 0.43230634370537, 41.276848010561658 ], [ 0.385074792832285, 41.27846363776618 ], [ 0.36483269960096, 41.304313673038507 ], [ 0.369330942541254, 41.315623063470149 ], [ 0.349088849309933, 41.328548081106312 ], [ 0.373829185481547, 41.34955123476508 ], [ 0.360334456660667, 41.370554388423841 ], [ 0.319850270198021, 41.394788796491653 ], [ 0.335594120489048, 41.407713814127817 ], [ 0.349088849309933, 41.427101340582063 ], [ 0.355836213720373, 41.452951375854383 ], [ 0.344590606369636, 41.461029511876987 ], [ 0.346839727839782, 41.488495174353837 ], [ 0.367081821071107, 41.485263919944799 ], [ 0.394071278712872, 41.490110801558359 ], [ 0.43230634370537, 41.532117108875887 ], [ 0.445801072526251, 41.541810872103014 ], [ 0.430057222235224, 41.564429652966297 ], [ 0.436804586645664, 41.585432806625064 ], [ 0.434555465175517, 41.593510942647669 ], [ 0.427808100765077, 41.601589078670273 ], [ 0.403067764593459, 41.593510942647669 ], [ 0.349088849309933, 41.59997345146575 ], [ 0.346839727839782, 41.622592232329033 ], [ 0.35808533519052, 41.63228599555616 ], [ 0.326597634608461, 41.662982912442047 ], [ 0.333344999018902, 41.688832947714374 ], [ 0.351337970780079, 41.701757965350538 ], [ 0.36483269960096, 41.711451728577657 ], [ 0.385074792832285, 41.740533018259029 ], [ 0.396320400183019, 41.732454882236425 ], [ 0.398569521653165, 41.755073663099708 ], [ 0.448050193996401, 41.764767426326834 ], [ 0.463794044287429, 41.763151799122312 ], [ 0.488534380459047, 41.805158106439848 ], [ 0.511025595160515, 41.821314378485049 ], [ 0.542513295742573, 41.819698751280526 ], [ 0.551509781623164, 41.848780040961898 ], [ 0.580748360735075, 41.850395668166421 ], [ 0.580748360735075, 41.863320685802584 ], [ 0.607737818376837, 41.871398821825181 ], [ 0.596492211026103, 41.892401975483949 ], [ 0.600990453966396, 41.908558247529157 ], [ 0.603239575436543, 41.923098892369836 ], [ 0.562755388973898, 41.932792655596963 ], [ 0.576250117794778, 41.955411436460246 ], [ 0.591993968085809, 41.969952081300931 ], [ 0.60548869690669, 41.960258318073812 ], [ 0.616734304257427, 41.987723980550655 ], [ 0.639225518958895, 41.994186489368737 ], [ 0.641474640429042, 41.982877098937095 ], [ 0.663965855130513, 42.015189643027504 ], [ 0.652720247779779, 42.026499033459146 ], [ 0.66621497660066, 42.041039678299832 ], [ 0.679709705421541, 42.074967849594763 ], [ 0.699951798652865, 42.10566476648065 ], [ 0.697702677182718, 42.126667920139418 ], [ 0.695453555712572, 42.150902328207223 ], [ 0.713446527473746, 42.162211718638865 ], [ 0.697702677182718, 42.171905481865991 ], [ 0.708948284533452, 42.204218025956393 ], [ 0.713446527473746, 42.223605552410646 ], [ 0.735937742175217, 42.254302469296533 ], [ 0.738186863645364, 42.281768131773376 ], [ 0.744934228055804, 42.301155658227628 ], [ 0.765176321287129, 42.322158811886389 ], [ 0.742685106585657, 42.327005693499956 ], [ 0.740435985115511, 42.336699456727075 ], [ 0.762927199816982, 42.348008847158717 ], [ 0.767425442757276, 42.349624474363239 ], [ 0.760678078346835, 42.357702610385843 ], [ 0.722443013354336, 42.36578074640844 ], [ 0.735937742175217, 42.375474509635566 ], [ 0.747183349525951, 42.385168272862686 ], [ 0.72694125629463, 42.404555799316931 ], [ 0.735937742175217, 42.414249562544057 ], [ 0.72019389188419, 42.428790207384736 ], [ 0.706699163063305, 42.449793361043504 ], [ 0.708948284533452, 42.45948712427063 ], [ 0.690955312772278, 42.48695278674748 ], [ 0.713446527473746, 42.48695278674748 ], [ 0.73368862070507, 42.504724685997203 ], [ 0.72019389188419, 42.512802822019808 ], [ 0.73368862070507, 42.54026848449665 ], [ 0.756179835406542, 42.564502892564462 ], [ 0.767425442757276, 42.611356081495551 ], [ 0.738186863645364, 42.612971708700073 ], [ 0.697702677182718, 42.629127980745274 ], [ 0.695453555712572, 42.658209270426646 ], [ 0.679709705421541, 42.666287406449243 ], [ 0.65946761219022, 42.690521814517055 ], [ 0.675211462481247, 42.690521814517055 ], [ 0.679709705421541, 42.722834358607464 ], [ 0.670713219540954, 42.730912494630061 ], [ 0.66621497660066, 42.738990630652665 ], [ 0.663965855130513, 42.750300021084314 ], [ 0.648222004839486, 42.751915648288829 ], [ 0.66621497660066, 42.776150056356641 ], [ 0.652720247779779, 42.777765683561157 ], [ 0.670713219540954, 42.802000091628969 ], [ 0.668464098070807, 42.826234499696767 ], [ 0.65946761219022, 42.837543890128416 ], [ 0.677460583951394, 42.855315789378139 ], [ 0.708948284533452, 42.861778298196221 ], [ 0.735937742175217, 42.848853280560057 ], [ 0.780920171578156, 42.835928262923893 ], [ 0.801162264809481, 42.840775144537453 ], [ 0.843895572742273, 42.829465754105811 ], [ 0.877632394794478, 42.814925109265126 ], [ 0.931611310078008, 42.789075073992805 ], [ 0.96084988918992, 42.805231346038006 ], [ 0.983341103891391, 42.787459446788283 ], [ 1.005832318592859, 42.79069070119732 ], [ 1.037320019174917, 42.785843819583761 ], [ 1.073305962697269, 42.782612565174716 ], [ 1.109291906219621, 42.771303174743075 ], [ 1.131783120921092, 42.750300021084314 ], [ 1.134032242391239, 42.727681240221024 ], [ 1.170018185913591, 42.708293713766778 ], [ 1.21724973678668, 42.71960310419842 ], [ 1.228495344137414, 42.727681240221024 ], [ 1.253235680309032, 42.71475622258486 ], [ 1.316211081473149, 42.71960310419842 ], [ 1.334204053234323, 42.724449985811987 ], [ 1.356695267935795, 42.71960310419842 ], [ 1.349947903525354, 42.703446832153219 ], [ 1.390432089988, 42.685674932903495 ], [ 1.388182968517853, 42.667903033653765 ], [ 1.412923304689468, 42.654978016017601 ], [ 1.419670669099911, 42.624281099131714 ], [ 1.439912762331232, 42.595199809450349 ], [ 1.426418033510352, 42.582274791814186 ], [ 1.444411005271526, 42.572581028587059 ], [ 1.426418033510352, 42.558040383746373 ], [ 1.412923304689468, 42.53542160288309 ], [ 1.439912762331232, 42.543499738905695 ], [ 1.453407491152117, 42.538652857292135 ], [ 1.469151341443144, 42.509571567610763 ], [ 1.419670669099911, 42.482105905133913 ], [ 1.442161883801379, 42.475643396315832 ], [ 1.444411005271526, 42.4417152250209 ], [ 1.453407491152117, 42.43686834340734 ], [ 1.516382892316233, 42.428790207384736 ], [ 1.552368835838585, 42.432021461793781 ], [ 1.556867078778879, 42.454640242657064 ], [ 1.581607414950494, 42.449793361043504 ] ], [ [ 1.64458281611461, 42.112127275298732 ], [ 1.6918143669877, 42.104049139276128 ], [ 1.682817881107113, 42.113742902503255 ], [ 1.64458281611461, 42.112127275298732 ] ] ] ] } },
{ "type": "Feature", "properties": { "name": "Girona", "id": 17 }, "geometry": { "type": "MultiPolygon", "coordinates": [ [ [ [ 3.111010014650464, 42.204218025956393 ], [ 3.117757379060908, 42.146055446593664 ], [ 3.137999472292229, 42.115358529707777 ], [ 3.151494201113113, 42.120205411321336 ], [ 3.169487172874287, 42.108896020889688 ], [ 3.182981901695168, 42.104049139276128 ], [ 3.207722237866786, 42.070120967981197 ], [ 3.198725751986199, 42.049117814322436 ], [ 3.196476630516052, 42.008727134209423 ], [ 3.207722237866786, 41.981261471732573 ], [ 3.230213452568258, 41.969952081300931 ], [ 3.232462574038404, 41.950564554846686 ], [ 3.216718723747373, 41.942486418824082 ], [ 3.218967845217524, 41.927945773983396 ], [ 3.203223994926493, 41.890786348279434 ], [ 3.182981901695168, 41.88755509387039 ], [ 3.178483658754875, 41.874630076234226 ], [ 3.178483658754875, 41.868167567416144 ], [ 3.151494201113113, 41.861705058598062 ], [ 3.144746836702669, 41.850395668166421 ], [ 3.117757379060908, 41.848780040961898 ], [ 3.104262650240024, 41.845548786552854 ], [ 3.081771435538553, 41.824545632894093 ], [ 3.054781977896791, 41.790617461599162 ], [ 3.043536370546054, 41.77930807116752 ], [ 2.982810090852084, 41.759920544713275 ], [ 2.97156448350135, 41.753458035895193 ], [ 2.935578539978998, 41.716298610191217 ], [ 2.897343474986499, 41.704989219759575 ], [ 2.854610167053707, 41.700142338146016 ], [ 2.816375102061205, 41.68560169330533 ], [ 2.793883887359737, 41.672676675669166 ], [ 2.778140037068706, 41.650057894805883 ], [ 2.764645308247825, 41.666214166851091 ], [ 2.757897943837385, 41.679139184487248 ], [ 2.773641794128412, 41.700142338146016 ], [ 2.766894429717972, 41.724376746213821 ], [ 2.778140037068706, 41.730839255031903 ], [ 2.775890915598559, 41.735686136645469 ], [ 2.744403215016501, 41.735686136645469 ], [ 2.72416112178518, 41.743764272668066 ], [ 2.679178692382237, 41.740533018259029 ], [ 2.67018220650165, 41.745379899872589 ], [ 2.647690991800179, 41.743764272668066 ], [ 2.620701534158417, 41.730839255031903 ], [ 2.598210319456946, 41.727608000622865 ], [ 2.571220861815181, 41.725992373418343 ], [ 2.55097876858386, 41.719529864600261 ], [ 2.530736675352536, 41.730839255031903 ], [ 2.514992825061505, 41.748611154281633 ], [ 2.514992825061505, 41.761536171917797 ], [ 2.4812560030093, 41.771229935144916 ], [ 2.472259517128713, 41.789001834394639 ], [ 2.443020938016801, 41.789001834394639 ], [ 2.436273573606361, 41.803542479235325 ], [ 2.418280601845186, 41.805158106439848 ], [ 2.382294658322831, 41.808389360848885 ], [ 2.35530520068107, 41.806773733644363 ], [ 2.346308714800479, 41.827776887303131 ], [ 2.326066621569158, 41.85524254977998 ], [ 2.323817500099011, 41.874630076234226 ], [ 2.337312228919892, 41.889170721074912 ], [ 2.382294658322831, 41.871398821825181 ], [ 2.389042022733275, 41.87786133064327 ], [ 2.407034994494449, 41.895633229892994 ], [ 2.427277087725773, 41.895633229892994 ], [ 2.443020938016801, 41.88755509387039 ], [ 2.470010395658566, 41.905326993120113 ], [ 2.479006881539153, 41.93117702839244 ], [ 2.461013909777979, 41.944102046028604 ], [ 2.443020938016801, 41.94087079161956 ], [ 2.438522695076507, 41.96348957248285 ], [ 2.449768302427241, 41.969952081300931 ], [ 2.474508638598859, 41.969952081300931 ], [ 2.4812560030093, 41.978030217323536 ], [ 2.467761274188419, 41.994186489368737 ], [ 2.499248974770477, 42.002264625391341 ], [ 2.494750731830184, 42.020036524641064 ], [ 2.505996339180918, 42.032961542277228 ], [ 2.4812560030093, 42.050733441526958 ], [ 2.496999853300331, 42.058811577549555 ], [ 2.494750731830184, 42.0620428319586 ], [ 2.467761274188419, 42.073352222390241 ], [ 2.458764788307832, 42.079814731208323 ], [ 2.42952620919592, 42.063658459163122 ], [ 2.409284115964596, 42.070120967981197 ], [ 2.393540265673568, 42.086277240026405 ], [ 2.400287630084009, 42.102433512071613 ], [ 2.380045536852684, 42.104049139276128 ], [ 2.373298172442244, 42.116974156912292 ], [ 2.346308714800479, 42.121821038525852 ], [ 2.319319257158718, 42.116974156912292 ], [ 2.294578920987099, 42.102433512071613 ], [ 2.303575406867687, 42.112127275298732 ], [ 2.299077163927393, 42.1331304289575 ], [ 2.281084192166215, 42.141208564980097 ], [ 2.209112305121511, 42.139592937775575 ], [ 2.213610548061805, 42.128283547343933 ], [ 2.191119333360337, 42.123436665730374 ], [ 2.186621090420044, 42.134746056162015 ], [ 2.143887782487248, 42.131514801752978 ], [ 2.125894810726074, 42.112127275298732 ], [ 2.101154474554455, 42.123436665730374 ], [ 2.092157988673868, 42.144439819389142 ], [ 2.06067028809181, 42.134746056162015 ], [ 2.024684344569458, 42.152517955411739 ], [ 2.004442251338133, 42.149286701002701 ], [ 1.990947522517253, 42.171905481865991 ], [ 1.990947522517253, 42.183214872297633 ], [ 1.966207186345635, 42.178367990684066 ], [ 1.963958064875488, 42.199371144342834 ], [ 2.00669137280828, 42.192908635524752 ], [ 1.995445765457546, 42.171905481865991 ], [ 2.004442251338133, 42.162211718638865 ], [ 2.026933466039605, 42.167058600252425 ], [ 2.038179073390339, 42.178367990684066 ], [ 2.058421166621663, 42.175136736275029 ], [ 2.05392292368137, 42.218758670797079 ], [ 2.029182587509752, 42.215527416388042 ], [ 2.029182587509752, 42.251071214887489 ], [ 2.069666773972397, 42.291461895000502 ], [ 2.017936980159018, 42.310849421454748 ], [ 1.984200158106812, 42.297924403818584 ], [ 1.954961578994901, 42.31246504865927 ], [ 1.943715971644163, 42.307618167045703 ], [ 1.93247036429343, 42.318927557477352 ], [ 1.891986177830784, 42.320543184681867 ], [ 1.873993206069606, 42.314080675863792 ], [ 1.842505505487548, 42.306002539841188 ], [ 1.833509019606961, 42.327005693499956 ], [ 1.835758141077108, 42.354471355976798 ], [ 1.847003748427841, 42.359318237590358 ], [ 1.856000234308432, 42.369012000817484 ], [ 1.831259898136814, 42.378705764044604 ], [ 1.817765169315933, 42.373858882431044 ], [ 1.799772197554756, 42.378705764044604 ], [ 1.806519561965196, 42.390015154476245 ], [ 1.806519561965196, 42.417480816953095 ], [ 1.795273954614462, 42.430405834589259 ], [ 1.770533618442844, 42.428790207384736 ], [ 1.732298553450345, 42.440099597816385 ], [ 1.730049431980198, 42.477259023520354 ], [ 1.730049431980198, 42.49179966836104 ], [ 1.763786254032404, 42.48695278674748 ], [ 1.804270440495049, 42.490184041156517 ], [ 1.842505505487548, 42.477259023520354 ], [ 1.847003748427841, 42.467565260293227 ], [ 1.880740570480047, 42.45948712427063 ], [ 1.882989691950197, 42.451408988248026 ], [ 1.909979149591958, 42.446562106634467 ], [ 1.936968607233723, 42.454640242657064 ], [ 1.943715971644163, 42.428790207384736 ], [ 1.970705429285928, 42.373858882431044 ], [ 1.986449279576959, 42.362549491999403 ], [ 2.015687858688867, 42.346393219954194 ], [ 2.024684344569458, 42.356086983181321 ], [ 2.085410624263428, 42.362549491999403 ], [ 2.087659745733575, 42.364165119203918 ], [ 2.089908867203722, 42.373858882431044 ], [ 2.116898324845486, 42.38355264565817 ], [ 2.12814393219622, 42.412633935339535 ], [ 2.168628118658866, 42.425558952975699 ], [ 2.206863183651365, 42.417480816953095 ], [ 2.233852641293129, 42.425558952975699 ], [ 2.256343855994601, 42.438483970611863 ], [ 2.299077163927393, 42.423943325771177 ], [ 2.305824528337833, 42.428790207384736 ], [ 2.346308714800479, 42.409402680930498 ], [ 2.413782358904889, 42.391630781680767 ], [ 2.431775330666067, 42.394862036089812 ], [ 2.434024452136214, 42.377090136840081 ], [ 2.456515666837685, 42.364165119203918 ], [ 2.48350512447945, 42.33993071113612 ], [ 2.499248974770477, 42.343161965545157 ], [ 2.526238432412242, 42.333468202318031 ], [ 2.54198228270327, 42.333468202318031 ], [ 2.562224375934594, 42.357702610385843 ], [ 2.586964712106212, 42.357702610385843 ], [ 2.60945592680768, 42.346393219954194 ], [ 2.674680449441944, 42.341546338340635 ], [ 2.674680449441944, 42.359318237590358 ], [ 2.658936599150916, 42.380321391249126 ], [ 2.679178692382237, 42.406171426521453 ], [ 2.692673421203121, 42.406171426521453 ], [ 2.717413757374739, 42.420712071362139 ], [ 2.755648822367238, 42.425558952975699 ], [ 2.771392672658266, 42.412633935339535 ], [ 2.793883887359737, 42.417480816953095 ], [ 2.818624223531355, 42.440099597816385 ], [ 2.838866316762676, 42.45948712427063 ], [ 2.861357531464147, 42.454640242657064 ], [ 2.870354017344734, 42.467565260293227 ], [ 2.881599624695468, 42.461102751475153 ], [ 2.917585568217824, 42.456255869861586 ], [ 2.946824147329732, 42.482105905133913 ], [ 2.967066240561056, 42.465949633088712 ], [ 2.980560969381937, 42.467565260293227 ], [ 2.989557455262528, 42.474027769111316 ], [ 3.014297791434142, 42.465949633088712 ], [ 3.041287249075907, 42.474027769111316 ], [ 3.045785492016201, 42.461102751475153 ], [ 3.08626967847885, 42.425558952975699 ], [ 3.102013528769877, 42.427174580180221 ], [ 3.120006500531055, 42.438483970611863 ], [ 3.173985415814581, 42.433637088998303 ], [ 3.169487172874287, 42.420712071362139 ], [ 3.15374332258326, 42.394862036089812 ], [ 3.167238051404141, 42.390015154476245 ], [ 3.155992444053407, 42.378705764044604 ], [ 3.173985415814581, 42.354471355976798 ], [ 3.196476630516052, 42.335083829522553 ], [ 3.203223994926493, 42.346393219954194 ], [ 3.227964331098111, 42.351240101567761 ], [ 3.250455545799579, 42.330236947908993 ], [ 3.261701153150316, 42.33993071113612 ], [ 3.281943246381637, 42.331852575113516 ], [ 3.306683582553255, 42.327005693499956 ], [ 3.311181825493549, 42.31731193027283 ], [ 3.277445003441343, 42.280152504568861 ], [ 3.288690610792081, 42.267227486932697 ], [ 3.27969412491149, 42.252686842092011 ], [ 3.254953788739876, 42.252686842092011 ], [ 3.230213452568258, 42.251071214887489 ], [ 3.216718723747373, 42.233299315637765 ], [ 3.194227509045906, 42.247839960478451 ], [ 3.180732780225021, 42.246224333273929 ], [ 3.169487172874287, 42.263996232523652 ], [ 3.151494201113113, 42.257533723705571 ], [ 3.120006500531055, 42.226836806819684 ], [ 3.111010014650464, 42.204218025956393 ] ] ], [ [ [ 1.972954550756075, 42.483721532338436 ], [ 1.977452793696369, 42.495030922770077 ], [ 1.997694886927693, 42.485337159542958 ], [ 1.986449279576959, 42.475643396315832 ], [ 2.013438737218721, 42.448177733838989 ], [ 1.984200158106812, 42.446562106634467 ], [ 1.957210700465048, 42.457871497066108 ], [ 1.972954550756075, 42.483721532338436 ] ] ], [ [ [ 2.017936980159018, 42.108896020889688 ], [ 2.002193129867987, 42.125052292934896 ], [ 2.031431708979898, 42.126667920139418 ], [ 2.017936980159018, 42.108896020889688 ] ] ] ] } },
{ "type": "Feature", "properties": { "name": "Ciudad Real", "id": 13 }, "geometry": { "type": "MultiPolygon", "coordinates": [ [ [ [ -4.868872961431144, 38.680535092897294 ], [ -4.877869447311731, 38.685381974510854 ], [ -4.943093969945995, 38.682150720101816 ], [ -5.003820249639965, 38.69507573773798 ], [ -5.001571128169816, 38.708000755374137 ], [ -5.024062342871288, 38.725772654623867 ], [ -5.046553557572757, 38.729003909032905 ], [ -4.990325520819082, 38.740313299464546 ], [ -4.967834306117611, 38.775857097964 ], [ -4.95433957729673, 38.829172795713177 ], [ -4.943093969945995, 38.855022830985504 ], [ -4.913855390834083, 38.887335375075907 ], [ -4.866623839960996, 38.887335375075907 ], [ -4.853129111140115, 38.882488493462347 ], [ -4.837385260849086, 38.930957309597964 ], [ -4.844132625259526, 38.945497954438643 ], [ -4.877869447311731, 38.948729208847688 ], [ -4.907108026423643, 38.963269853688374 ], [ -4.918353633774377, 38.956807344870285 ], [ -4.934097484065406, 38.976194871324537 ], [ -4.963336063177318, 39.058591858755079 ], [ -4.940844848475848, 39.056976231550557 ], [ -4.884616811722172, 39.034357450687267 ], [ -4.859876475550555, 39.03112619627823 ], [ -4.84863086819982, 39.045666841118916 ], [ -4.83288701790879, 39.045666841118916 ], [ -4.82613965349835, 39.061823113164117 ], [ -4.859876475550555, 39.077979385209325 ], [ -4.873371204371438, 39.095751284459048 ], [ -4.857627354080408, 39.123216946935898 ], [ -4.853129111140115, 39.152298236617263 ], [ -4.830637896438644, 39.166838881457949 ], [ -4.830637896438644, 39.176532644685068 ], [ -4.810395803207321, 39.199151425548358 ], [ -4.774409859684969, 39.189457662321232 ], [ -4.74292215910291, 39.194304543934791 ], [ -4.713683579990999, 39.187842035116716 ], [ -4.6754485149985, 39.170070135866986 ], [ -4.648459057356735, 39.165223254253426 ], [ -4.664202907647764, 39.184610780707672 ], [ -4.688943243819383, 39.202382679957395 ], [ -4.709185337050705, 39.210460815979999 ], [ -4.713683579990999, 39.244388987274931 ], [ -4.731676551752175, 39.255698377706572 ], [ -4.760915130864086, 39.320323465887391 ], [ -4.706936215580559, 39.328401601909995 ], [ -4.711434458520852, 39.346173501159718 ], [ -4.66870115058806, 39.423723606976701 ], [ -4.686694122349236, 39.449573642249028 ], [ -4.619220478244825, 39.454420523862588 ], [ -4.619220478244825, 39.485117440748475 ], [ -4.589981899132914, 39.499658085589161 ], [ -4.567490684431442, 39.498042458384639 ], [ -4.553995955610562, 39.510967476020802 ], [ -4.560743320021002, 39.533586256884092 ], [ -4.531504740909091, 39.556205037747375 ], [ -4.482024068565856, 39.538433138497652 ], [ -4.502266161797181, 39.535201884088607 ], [ -4.500017040327032, 39.519045612043406 ], [ -4.484273190036003, 39.488348695157519 ], [ -4.461781975334533, 39.478654931930393 ], [ -4.452785489453946, 39.517429984838884 ], [ -4.432543396222622, 39.519045612043406 ], [ -4.421297788871888, 39.507736221611765 ], [ -4.365069752118211, 39.496426831180116 ], [ -4.320087322715272, 39.483501813543953 ], [ -4.236869828319833, 39.478654931930393 ], [ -4.205382127737774, 39.488348695157519 ], [ -4.191887398916892, 39.498042458384639 ], [ -4.167147062745274, 39.567514428179024 ], [ -4.158150576864687, 39.577208191406143 ], [ -4.124413754812482, 39.564283173769979 ], [ -4.041196260417042, 39.575592564201621 ], [ -4.029950653066306, 39.522276866452444 ], [ -4.059189232178218, 39.522276866452444 ], [ -4.068185718058807, 39.502889339998205 ], [ -4.059189232178218, 39.472192423112311 ], [ -4.079431325409541, 39.45118926945355 ], [ -4.117666390402041, 39.45603615106711 ], [ -4.126662876282628, 39.407567334931493 ], [ -4.149154090984098, 39.36232977320492 ], [ -4.128911997752775, 39.365561027613964 ], [ -4.099673418640863, 39.342942246750681 ], [ -4.0726839609991, 39.365561027613964 ], [ -4.00521031689469, 39.3526360099778 ], [ -3.971473494842485, 39.3526360099778 ], [ -3.969224373372338, 39.323554720296428 ], [ -3.957978766021602, 39.310629702660265 ], [ -3.964726130432043, 39.297704685024101 ], [ -3.928740186909691, 39.284779667387937 ], [ -3.901750729267928, 39.279932785774378 ], [ -3.87701039309631, 39.262160886524654 ], [ -3.841024449573958, 39.25892963211561 ], [ -3.809536748991899, 39.288010921796982 ], [ -3.79379289870087, 39.292857803410541 ], [ -3.766803441059107, 39.292857803410541 ], [ -3.744312226357636, 39.283164040183422 ], [ -3.721821011656166, 39.270239022547258 ], [ -3.697080675484548, 39.279932785774378 ], [ -3.674589460783078, 39.296089057819586 ], [ -3.656596489021902, 39.299320312228623 ], [ -3.611614059618962, 39.30416719384219 ], [ -3.586873723447345, 39.307398448251227 ], [ -3.566631630216023, 39.299320312228623 ], [ -3.532894808163816, 39.30416719384219 ], [ -3.530645686693669, 39.30901407545575 ], [ -3.476666771410141, 39.342942246750681 ], [ -3.469919406999701, 39.372023536432046 ], [ -3.409193127305731, 39.404336080522455 ], [ -3.343968604671467, 39.407567334931493 ], [ -3.330473875850585, 39.40595170772697 ], [ -3.307982661149115, 39.397873571704373 ], [ -3.316979147029704, 39.42857048859026 ], [ -3.294487932328233, 39.470576795907789 ], [ -3.18428098029103, 39.475423677521356 ], [ -3.18428098029103, 39.488348695157519 ], [ -3.143796793828383, 39.494811203975601 ], [ -3.076323149723972, 39.457651778271625 ], [ -3.069575785313532, 39.449573642249028 ], [ -3.022344234440444, 39.457651778271625 ], [ -2.999853019738975, 39.441495506226424 ], [ -2.977361805037503, 39.444726760635461 ], [ -2.932379375634564, 39.472192423112311 ], [ -2.903140796522653, 39.425339234181223 ], [ -2.869403974470448, 39.391411062886291 ], [ -2.896393432112211, 39.365561027613964 ], [ -2.88289870329133, 39.349404755568756 ], [ -2.864905731530152, 39.355867264386845 ], [ -2.846912759768976, 39.347789128364241 ], [ -2.813175937716771, 39.375254790841083 ], [ -2.792933844485448, 39.397873571704373 ], [ -2.777189994194419, 39.394642317295329 ], [ -2.772691751254126, 39.370407909227524 ], [ -2.743453172142214, 39.318707838682869 ], [ -2.723211078910891, 39.267007768138214 ], [ -2.759197022433243, 39.229848342434245 ], [ -2.781688237134713, 39.195920171139313 ], [ -2.806428573306331, 39.17814827188959 ], [ -2.842414516828683, 39.134526337367539 ], [ -2.82217242359736, 39.092520030050011 ], [ -2.806428573306331, 39.079595012413847 ], [ -2.806428573306331, 39.044051213914393 ], [ -2.810926816246624, 39.023048060255626 ], [ -2.831168909477947, 39.023048060255626 ], [ -2.846912759768976, 38.984273007347134 ], [ -2.871653095940594, 38.960038599279329 ], [ -2.878400460351035, 38.956807344870285 ], [ -2.876151338880888, 38.926110427984398 ], [ -2.858158367119712, 38.92772605518892 ], [ -2.835667152418242, 38.906722901530159 ], [ -2.79968120889589, 38.908338528734674 ], [ -2.790684723015302, 38.892182256689473 ], [ -2.76144614390339, 38.880872866257832 ], [ -2.756947900963096, 38.867947848621668 ], [ -2.750200536552656, 38.830788422917692 ], [ -2.750200536552656, 38.806554014849887 ], [ -2.73220756479148, 38.782319606782082 ], [ -2.723211078910891, 38.783935233986597 ], [ -2.698470742739273, 38.783935233986597 ], [ -2.666983042157216, 38.758085198714269 ], [ -2.637744463045305, 38.733850790646464 ], [ -2.646740948925892, 38.716078891396741 ], [ -2.655737434806481, 38.670841329670168 ], [ -2.669232163627363, 38.6498381760114 ], [ -2.702968985679568, 38.623988140739073 ], [ -2.725460200381038, 38.617525631920998 ], [ -2.763695265373537, 38.627219395148117 ], [ -2.750200536552656, 38.615910004716476 ], [ -2.765944386843685, 38.57390369739894 ], [ -2.756947900963096, 38.559363052558254 ], [ -2.745702293612361, 38.54643803492209 ], [ -2.76144614390339, 38.535128644490449 ], [ -2.763695265373537, 38.531897390081411 ], [ -2.779439115664566, 38.509278609218121 ], [ -2.781688237134713, 38.509278609218121 ], [ -2.808677694776478, 38.49796921878648 ], [ -2.855909245649565, 38.473734810718675 ], [ -2.878400460351035, 38.462425420287033 ], [ -2.880649581821181, 38.452731657059907 ], [ -2.9053899179928, 38.470503556309637 ], [ -2.939126740045005, 38.475350437923197 ], [ -2.961617954746474, 38.470503556309637 ], [ -2.995354776798679, 38.44465352103731 ], [ -2.990856533858386, 38.428497248992102 ], [ -3.002102141209122, 38.407494095333334 ], [ -3.004351262679268, 38.415572231355938 ], [ -3.065077542373237, 38.478581692332234 ], [ -3.1303020650075, 38.438191012219221 ], [ -3.179782737350735, 38.44950040265087 ], [ -3.220266923813382, 38.452731657059907 ], [ -3.231512531164116, 38.454347284264429 ], [ -3.28099320350735, 38.460809793082511 ], [ -3.305733539678968, 38.478581692332234 ], [ -3.33497211879088, 38.480197319536757 ], [ -3.375456305253525, 38.475350437923197 ], [ -3.379954548193819, 38.451116029855385 ], [ -3.377705426723672, 38.439806639423743 ], [ -3.42493697759676, 38.407494095333334 ], [ -3.454175556708671, 38.39941595931073 ], [ -3.472168528469847, 38.397800332106215 ], [ -3.505905350522053, 38.407494095333334 ], [ -3.528396565223522, 38.409109722537856 ], [ -3.541891294044405, 38.44465352103731 ], [ -3.58237548050705, 38.451116029855385 ], [ -3.586873723447345, 38.405878468128819 ], [ -3.598119330798079, 38.397800332106215 ], [ -3.620610545499551, 38.39456907769717 ], [ -3.652098246081609, 38.404262840924297 ], [ -3.699329796954695, 38.412340976946894 ], [ -3.730817497536753, 38.423650367378542 ], [ -3.739813983417342, 38.413956604151416 ], [ -3.784796412820283, 38.425265994583057 ], [ -3.825280599282928, 38.415572231355938 ], [ -3.829778842223222, 38.392953450492655 ], [ -3.859017421335134, 38.373565924038402 ], [ -3.87701039309631, 38.376797178447447 ], [ -3.912996336618662, 38.367103415220328 ], [ -3.957978766021602, 38.365487788015805 ], [ -4.047943624827482, 38.378412805651969 ], [ -4.126662876282628, 38.378412805651969 ], [ -4.144655848043804, 38.386490941674566 ], [ -4.15590145539454, 38.380028432856491 ], [ -4.22337509949895, 38.397800332106215 ], [ -4.254862800081009, 38.401031586515252 ], [ -4.275104893312331, 38.391337823288133 ], [ -4.268357528901891, 38.347715888766075 ], [ -4.286350500663067, 38.342869007152515 ], [ -4.320087322715272, 38.362256533606761 ], [ -4.394308331230123, 38.386490941674566 ], [ -4.410052181521152, 38.384875314470051 ], [ -4.43479251769277, 38.402647213719774 ], [ -4.448287246513651, 38.401031586515252 ], [ -4.493269675916592, 38.441422266628265 ], [ -4.502266161797181, 38.451116029855385 ], [ -4.513511769147915, 38.464041047491548 ], [ -4.536002983849386, 38.470503556309637 ], [ -4.540501226789679, 38.481812946741272 ], [ -4.558494198550855, 38.476966065127712 ], [ -4.562992441491149, 38.489891082763876 ], [ -4.610223992364237, 38.496353591581958 ], [ -4.621469599714972, 38.523819254058807 ], [ -4.666452029117911, 38.54643803492209 ], [ -4.704687094110412, 38.554516170944694 ], [ -4.709185337050705, 38.572288070194418 ], [ -4.731676551752175, 38.57390369739894 ], [ -4.738423916162617, 38.577134951807984 ], [ -4.785655467035705, 38.59652247826223 ], [ -4.814894046147614, 38.594906851057708 ], [ -4.862125597020702, 38.617525631920998 ], [ -4.866623839960996, 38.659531939238526 ], [ -4.868872961431144, 38.680535092897294 ] ] ], [ [ [ -4.940844848475848, 39.394642317295329 ], [ -4.907108026423643, 39.493195576771079 ], [ -4.880118568781878, 39.538433138497652 ], [ -4.862125597020702, 39.556205037747375 ], [ -4.810395803207321, 39.530355002475048 ], [ -4.763164252334233, 39.514198730429847 ], [ -4.74292215910291, 39.489964322362042 ], [ -4.749669523513351, 39.468961168703274 ], [ -4.740673037632764, 39.45603615106711 ], [ -4.76541337380438, 39.435032997408342 ], [ -4.756416887923793, 39.415645470954097 ], [ -4.767662495274527, 39.401104826113411 ], [ -4.805897560267027, 39.397873571704373 ], [ -4.871122082901291, 39.368792282023009 ], [ -4.90935714789379, 39.378486045250128 ], [ -4.940844848475848, 39.394642317295329 ] ] ] ] } },
{ "type": "Feature", "properties": { "name": "Toledo", "id": 45 }, "geometry": { "type": "MultiPolygon", "coordinates": [ [ [ [ -4.225624220969097, 40.270312262145417 ], [ -4.203133006267628, 40.268696634940895 ], [ -4.203133006267628, 40.28808416139514 ], [ -4.191887398916892, 40.297777924622267 ], [ -4.171645305685569, 40.28808416139514 ], [ -4.167147062745274, 40.273543516554454 ], [ -4.144655848043804, 40.263849753327335 ], [ -4.144655848043804, 40.24446222687309 ], [ -4.131161119222922, 40.249309108486649 ], [ -4.104171661581159, 40.241230972464052 ], [ -4.079431325409541, 40.26708100773638 ], [ -4.052441867767778, 40.250924735691171 ], [ -4.023203288655866, 40.249309108486649 ], [ -4.025452410126013, 40.236384090850486 ], [ -3.991715588073808, 40.208918428373636 ], [ -3.953480523081309, 40.21214968278268 ], [ -3.955729644551456, 40.199224665146517 ], [ -3.951231401611162, 40.195993410737472 ], [ -3.93773667279028, 40.202455919555561 ], [ -3.926491065439544, 40.200840292351039 ], [ -3.915245458088808, 40.191146529123913 ], [ -3.883757757506752, 40.189530901919397 ], [ -3.87701039309631, 40.191146529123913 ], [ -3.85451917839484, 40.179837138692271 ], [ -3.841024449573958, 40.162065239442548 ], [ -3.807287627521752, 40.176605884283234 ], [ -3.807287627521752, 40.176605884283234 ], [ -3.800540263111312, 40.174990257078711 ], [ -3.7713016839994, 40.139446458579258 ], [ -3.742063104887489, 40.134599576965698 ], [ -3.717322768715873, 40.145908967397339 ], [ -3.712824525775577, 40.14106208578378 ], [ -3.683585946663667, 40.132983949761176 ], [ -3.667842096372638, 40.142677712988302 ], [ -3.656596489021902, 40.124905813738579 ], [ -3.607115816678668, 40.108749541693371 ], [ -3.609364938148815, 40.081283879216521 ], [ -3.622859666969697, 40.053818216739678 ], [ -3.638603517260727, 40.050586962330634 ], [ -3.652098246081609, 40.031199435876388 ], [ -3.667842096372638, 40.027968181467351 ], [ -3.679087703723372, 40.016658791035709 ], [ -3.699329796954695, 40.019890045444747 ], [ -3.715073647245724, 40.003733773399546 ], [ -3.746561347827782, 39.979499365331733 ], [ -3.735315740477049, 39.96172746608201 ], [ -3.757806955178518, 39.968189974900092 ], [ -3.78704553429043, 39.953649330059406 ], [ -3.78704553429043, 39.943955566832287 ], [ -3.809536748991899, 39.953649330059406 ], [ -3.823031477812782, 39.947186821241324 ], [ -3.865764785745574, 39.931030549196123 ], [ -3.874761271626163, 39.910027395537355 ], [ -3.834277085163517, 39.900333632310236 ], [ -3.814034991932193, 39.88579298746955 ], [ -3.805038506051606, 39.884177360265028 ], [ -3.778049048409841, 39.911643022741877 ], [ -3.760056076648665, 39.919721158764474 ], [ -3.744312226357636, 39.940724312423242 ], [ -3.71057540430543, 39.955264957263928 ], [ -3.697080675484548, 39.947186821241324 ], [ -3.66559297490249, 39.963343093286532 ], [ -3.629607031380138, 39.968189974900092 ], [ -3.638603517260727, 39.987577501354338 ], [ -3.616112302559255, 39.994040010172419 ], [ -3.593621087857786, 40.002118146195023 ], [ -3.589122844917492, 40.013427536626665 ], [ -3.550887779924993, 40.018274418240225 ], [ -3.519400079342935, 40.021505672649269 ], [ -3.517150957872788, 40.036046317489948 ], [ -3.51490183640264, 40.044124453512552 ], [ -3.512652714932493, 40.044124453512552 ], [ -3.472168528469847, 40.042508826308037 ], [ -3.449677313768376, 40.048971335126112 ], [ -3.447428192298229, 40.039277571898992 ], [ -3.42493697759676, 40.047355707921596 ], [ -3.395698398484848, 40.036046317489948 ], [ -3.377705426723672, 40.050586962330634 ], [ -3.377705426723672, 40.074821370398439 ], [ -3.343968604671467, 40.079668252011999 ], [ -3.328224754380438, 40.079668252011999 ], [ -3.303484418208821, 40.053818216739678 ], [ -3.292238810858086, 40.052202589535156 ], [ -3.285491446447645, 40.052202589535156 ], [ -3.242758138514851, 40.053818216739678 ], [ -3.202273952052206, 40.066743234375842 ], [ -3.188779223231323, 40.082899506421043 ], [ -3.166288008529854, 40.090977642443647 ], [ -3.161789765589559, 40.06512760717132 ], [ -3.170786251470147, 40.047355707921596 ], [ -3.166288008529854, 40.027968181467351 ], [ -3.150544158238825, 40.01019628221762 ], [ -3.141547672358236, 39.984346246945293 ], [ -3.096565242955295, 39.987577501354338 ], [ -3.094316121485148, 39.955264957263928 ], [ -3.107810850306031, 39.9132586499464 ], [ -3.107810850306031, 39.903564886719273 ], [ -3.128052943537353, 39.874483597037909 ], [ -3.096565242955295, 39.869636715424342 ], [ -3.060579299432943, 39.837324171333933 ], [ -3.051582813552356, 39.813089763266127 ], [ -3.020095112970298, 39.771083455948599 ], [ -3.015596870030002, 39.764620947130517 ], [ -3.015596870030002, 39.764620947130517 ], [ -2.999853019738975, 39.722614639812981 ], [ -2.970614440627063, 39.690302095722572 ], [ -2.95037234739574, 39.677377078086408 ], [ -2.918884646813682, 39.646680161200521 ], [ -2.907639039462946, 39.641833279586962 ], [ -2.916635525343535, 39.625677007541753 ], [ -2.925632011224122, 39.601442599473948 ], [ -2.921133768283829, 39.582055073019703 ], [ -2.925632011224122, 39.556205037747375 ], [ -2.934628497104711, 39.481886186339437 ], [ -2.932379375634564, 39.472192423112311 ], [ -2.977361805037503, 39.444726760635461 ], [ -2.999853019738975, 39.441495506226424 ], [ -3.022344234440444, 39.457651778271625 ], [ -3.069575785313532, 39.449573642249028 ], [ -3.076323149723972, 39.457651778271625 ], [ -3.143796793828383, 39.494811203975601 ], [ -3.18428098029103, 39.488348695157519 ], [ -3.18428098029103, 39.475423677521356 ], [ -3.294487932328233, 39.470576795907789 ], [ -3.316979147029704, 39.42857048859026 ], [ -3.307982661149115, 39.397873571704373 ], [ -3.330473875850585, 39.40595170772697 ], [ -3.343968604671467, 39.407567334931493 ], [ -3.409193127305731, 39.404336080522455 ], [ -3.469919406999701, 39.372023536432046 ], [ -3.476666771410141, 39.342942246750681 ], [ -3.530645686693669, 39.30901407545575 ], [ -3.532894808163816, 39.30416719384219 ], [ -3.566631630216023, 39.299320312228623 ], [ -3.586873723447345, 39.307398448251227 ], [ -3.611614059618962, 39.30416719384219 ], [ -3.656596489021902, 39.299320312228623 ], [ -3.674589460783078, 39.296089057819586 ], [ -3.697080675484548, 39.279932785774378 ], [ -3.721821011656166, 39.270239022547258 ], [ -3.744312226357636, 39.283164040183422 ], [ -3.766803441059107, 39.292857803410541 ], [ -3.79379289870087, 39.292857803410541 ], [ -3.809536748991899, 39.288010921796982 ], [ -3.841024449573958, 39.25892963211561 ], [ -3.87701039309631, 39.262160886524654 ], [ -3.901750729267928, 39.279932785774378 ], [ -3.928740186909691, 39.284779667387937 ], [ -3.964726130432043, 39.297704685024101 ], [ -3.957978766021602, 39.310629702660265 ], [ -3.969224373372338, 39.323554720296428 ], [ -3.971473494842485, 39.3526360099778 ], [ -4.00521031689469, 39.3526360099778 ], [ -4.0726839609991, 39.365561027613964 ], [ -4.099673418640863, 39.342942246750681 ], [ -4.128911997752775, 39.365561027613964 ], [ -4.149154090984098, 39.36232977320492 ], [ -4.126662876282628, 39.407567334931493 ], [ -4.117666390402041, 39.45603615106711 ], [ -4.079431325409541, 39.45118926945355 ], [ -4.059189232178218, 39.472192423112311 ], [ -4.068185718058807, 39.502889339998205 ], [ -4.059189232178218, 39.522276866452444 ], [ -4.029950653066306, 39.522276866452444 ], [ -4.041196260417042, 39.575592564201621 ], [ -4.124413754812482, 39.564283173769979 ], [ -4.158150576864687, 39.577208191406143 ], [ -4.167147062745274, 39.567514428179024 ], [ -4.191887398916892, 39.498042458384639 ], [ -4.205382127737774, 39.488348695157519 ], [ -4.236869828319833, 39.478654931930393 ], [ -4.320087322715272, 39.483501813543953 ], [ -4.365069752118211, 39.496426831180116 ], [ -4.421297788871888, 39.507736221611765 ], [ -4.432543396222622, 39.519045612043406 ], [ -4.452785489453946, 39.517429984838884 ], [ -4.461781975334533, 39.478654931930393 ], [ -4.484273190036003, 39.488348695157519 ], [ -4.500017040327032, 39.519045612043406 ], [ -4.502266161797181, 39.535201884088607 ], [ -4.482024068565856, 39.538433138497652 ], [ -4.531504740909091, 39.556205037747375 ], [ -4.560743320021002, 39.533586256884092 ], [ -4.553995955610562, 39.510967476020802 ], [ -4.567490684431442, 39.498042458384639 ], [ -4.589981899132914, 39.499658085589161 ], [ -4.619220478244825, 39.485117440748475 ], [ -4.619220478244825, 39.454420523862588 ], [ -4.686694122349236, 39.449573642249028 ], [ -4.756416887923793, 39.415645470954097 ], [ -4.76541337380438, 39.435032997408342 ], [ -4.740673037632764, 39.45603615106711 ], [ -4.749669523513351, 39.468961168703274 ], [ -4.74292215910291, 39.489964322362042 ], [ -4.763164252334233, 39.514198730429847 ], [ -4.810395803207321, 39.530355002475048 ], [ -4.862125597020702, 39.556205037747375 ], [ -4.880118568781878, 39.538433138497652 ], [ -4.907108026423643, 39.493195576771079 ], [ -4.940844848475848, 39.394642317295329 ], [ -4.952090455826584, 39.394642317295329 ], [ -5.008318492580258, 39.435032997408342 ], [ -5.039806193162317, 39.470576795907789 ], [ -5.057799164923493, 39.489964322362042 ], [ -5.082539501095109, 39.489964322362042 ], [ -5.123023687557756, 39.522276866452444 ], [ -5.145514902259226, 39.549742528929293 ], [ -5.201742939012901, 39.591748836246829 ], [ -5.206241181953196, 39.599826972269426 ], [ -5.183749967251725, 39.617598871519156 ], [ -5.172504359900991, 39.63537077076888 ], [ -5.161258752550255, 39.646680161200521 ], [ -5.147764023729373, 39.667683314859289 ], [ -5.152262266669668, 39.696764604540654 ], [ -5.138767537848786, 39.714536503790384 ], [ -5.174753481371138, 39.750080302289831 ], [ -5.159009631080108, 39.75977406551695 ], [ -5.168006116960695, 39.800164745629964 ], [ -5.168006116960695, 39.800164745629964 ], [ -5.181500845781578, 39.798549118425441 ], [ -5.206241181953196, 39.796933491220926 ], [ -5.215237667833783, 39.790470982402844 ], [ -5.253472732826284, 39.753311556698876 ], [ -5.309700769579958, 39.75977406551695 ], [ -5.314199012520252, 39.788855355198322 ], [ -5.311949891050105, 39.822783526493254 ], [ -5.28496043340834, 39.86317420660626 ], [ -5.289458676348636, 39.864789833810782 ], [ -5.316448133990399, 39.89063986908311 ], [ -5.33893934869187, 39.89063986908311 ], [ -5.370427049273928, 39.889024241878587 ], [ -5.40641299279628, 39.877714851446946 ], [ -5.401914749855985, 39.88579298746955 ], [ -5.395167385445545, 39.918105531559959 ], [ -5.365928806333633, 39.984346246945293 ], [ -5.363679684863486, 40.026352554262829 ], [ -5.365928806333633, 40.036046317489948 ], [ -5.374925292214222, 40.058665098353238 ], [ -5.36817792780378, 40.100671405670766 ], [ -5.359181441923193, 40.108749541693371 ], [ -5.336690227221723, 40.115212050511452 ], [ -5.316448133990399, 40.107133914488848 ], [ -5.293956919288929, 40.110365168897893 ], [ -5.248974489885988, 40.108749541693371 ], [ -5.21073942489349, 40.105518287284326 ], [ -5.199493817542754, 40.081283879216521 ], [ -5.181500845781578, 40.087746388034603 ], [ -5.165756995490549, 40.089362015239125 ], [ -5.143265780789079, 40.090977642443647 ], [ -5.100532472856285, 40.126521440943094 ], [ -5.06679565080408, 40.150755849010906 ], [ -5.055550043453346, 40.149140221806384 ], [ -5.017314978460846, 40.158833985033503 ], [ -5.006069371110112, 40.126521440943094 ], [ -5.012816735520552, 40.111980796102415 ], [ -4.95433957729673, 40.121674559329534 ], [ -4.949841334356435, 40.132983949761176 ], [ -4.945343091416142, 40.132983949761176 ], [ -4.922851876714672, 40.14106208578378 ], [ -4.925100998184819, 40.170143375465145 ], [ -4.895862419072907, 40.184684020305831 ], [ -4.859876475550555, 40.202455919555561 ], [ -4.84863086819982, 40.208918428373636 ], [ -4.835136139378939, 40.21214968278268 ], [ -4.81939228908791, 40.231537209236926 ], [ -4.805897560267027, 40.234768463645963 ], [ -4.817143167617761, 40.255771617304731 ], [ -4.803648438796881, 40.275159143758977 ], [ -4.760915130864086, 40.260618498918291 ], [ -4.74292215910291, 40.275159143758977 ], [ -4.727178308811881, 40.273543516554454 ], [ -4.69793972969997, 40.281621652577059 ], [ -4.700188851170116, 40.257387244509253 ], [ -4.686694122349236, 40.249309108486649 ], [ -4.686694122349236, 40.210534055578158 ], [ -4.679946757938794, 40.207302801169121 ], [ -4.673199393528353, 40.208918428373636 ], [ -4.657455543237324, 40.199224665146517 ], [ -4.616971356774677, 40.199224665146517 ], [ -4.578736291782178, 40.21699656439624 ], [ -4.574238048841885, 40.207302801169121 ], [ -4.549497712670266, 40.200840292351039 ], [ -4.522508255028503, 40.202455919555561 ], [ -4.51801001208821, 40.215380937191725 ], [ -4.497767918856885, 40.2218434460098 ], [ -4.473027582685269, 40.231537209236926 ], [ -4.437041639162917, 40.236384090850486 ], [ -4.43479251769277, 40.259002871713776 ], [ -4.383062723879387, 40.289699788599663 ], [ -4.380813602409241, 40.318781078281027 ], [ -4.356073266237624, 40.309087315053908 ], [ -4.356073266237624, 40.270312262145417 ], [ -4.344827658886889, 40.252540362895694 ], [ -4.349325901827182, 40.236384090850486 ], [ -4.322336444185419, 40.226690327623366 ], [ -4.311090836834683, 40.234768463645963 ], [ -4.295346986543654, 40.218612191600762 ], [ -4.270606650372038, 40.236384090850486 ], [ -4.24586631420042, 40.273543516554454 ], [ -4.232371585379537, 40.276774770963499 ], [ -4.225624220969097, 40.270312262145417 ] ] ] ] } },
{ "type": "Feature", "properties": { "name": "Badajoz", "id": 6 }, "geometry": { "type": "MultiPolygon", "coordinates": [ [ [ [ -6.407272047011702, 39.165223254253426 ], [ -6.398275561131113, 39.165223254253426 ], [ -6.375784346429644, 39.163607627048904 ], [ -6.342047524377438, 39.184610780707672 ], [ -6.319556309675967, 39.184610780707672 ], [ -6.31055982379538, 39.155529491026307 ], [ -6.312808945265527, 39.132910710163017 ], [ -6.312808945265527, 39.110291929299734 ], [ -6.294815973504351, 39.09736691166357 ], [ -6.231840572340234, 39.089288775640966 ], [ -6.202601993228322, 39.056976231550557 ], [ -6.168865171176117, 39.058591858755079 ], [ -6.153121320885088, 39.052129349936997 ], [ -6.141875713534354, 39.03112619627823 ], [ -6.126131863243325, 39.050513722732475 ], [ -6.090145919720973, 39.084441894027407 ], [ -6.063156462079208, 39.10221379327713 ], [ -6.01592491120612, 39.12967945575398 ], [ -6.01592491120612, 39.10221379327713 ], [ -6.006928425325533, 39.056976231550557 ], [ -5.982188089153915, 39.069901249186721 ], [ -5.94170390269127, 39.108676302095212 ], [ -5.92596005240024, 39.105445047686175 ], [ -5.937205659750976, 39.084441894027407 ], [ -5.923710930930094, 39.082826266822885 ], [ -5.896721473288329, 39.095751284459048 ], [ -5.871981137116713, 39.103829420481652 ], [ -5.833746072124212, 39.110291929299734 ], [ -5.818002221833183, 39.119985692526853 ], [ -5.811254857422743, 39.144220100594666 ], [ -5.755026820669068, 39.132910710163017 ], [ -5.73028648449745, 39.113523183708772 ], [ -5.725788241557156, 39.111907556504249 ], [ -5.701047905385538, 39.089288775640966 ], [ -5.671809326273628, 39.079595012413847 ], [ -5.64706899010201, 39.10221379327713 ], [ -5.604335682169218, 39.100598166072608 ], [ -5.584093588937893, 39.118370065322338 ], [ -5.602086560699069, 39.128063828549458 ], [ -5.5795953459976, 39.142604473390143 ], [ -5.577346224527453, 39.15068260941274 ], [ -5.613332168049805, 39.187842035116716 ], [ -5.577346224527453, 39.202382679957395 ], [ -5.550356766885688, 39.215307697593559 ], [ -5.527865552184219, 39.191073289525754 ], [ -5.514370823363336, 39.210460815979999 ], [ -5.494128730132013, 39.18299515350315 ], [ -5.464890151020102, 39.160376372639867 ], [ -5.42890420749775, 39.161991999844389 ], [ -5.413160357206721, 39.157145118230829 ], [ -5.383921778094809, 39.174917017480553 ], [ -5.36817792780378, 39.213692070389044 ], [ -5.350184956042604, 39.231463969638767 ], [ -5.354683198982899, 39.271854649751774 ], [ -5.33893934869187, 39.333248483523555 ], [ -5.302953405169518, 39.320323465887391 ], [ -5.282711311938193, 39.320323465887391 ], [ -5.246725368415841, 39.302551566637668 ], [ -5.165756995490549, 39.317092211478354 ], [ -5.150013145199519, 39.320323465887391 ], [ -5.118525444617461, 39.342942246750681 ], [ -5.111778080207021, 39.368792282023009 ], [ -5.114027201677168, 39.388179808477247 ], [ -5.089286865505551, 39.389795435681769 ], [ -5.055550043453346, 39.363945400409442 ], [ -5.019564099930994, 39.368792282023009 ], [ -5.015065856990699, 39.375254790841083 ], [ -4.992574642289229, 39.370407909227524 ], [ -4.97008342758776, 39.383332926863687 ], [ -4.972332549057906, 39.394642317295329 ], [ -4.952090455826584, 39.394642317295329 ], [ -4.940844848475848, 39.394642317295329 ], [ -4.90935714789379, 39.378486045250128 ], [ -4.871122082901291, 39.368792282023009 ], [ -4.805897560267027, 39.397873571704373 ], [ -4.767662495274527, 39.401104826113411 ], [ -4.756416887923793, 39.415645470954097 ], [ -4.686694122349236, 39.449573642249028 ], [ -4.66870115058806, 39.423723606976701 ], [ -4.711434458520852, 39.346173501159718 ], [ -4.706936215580559, 39.328401601909995 ], [ -4.760915130864086, 39.320323465887391 ], [ -4.731676551752175, 39.255698377706572 ], [ -4.713683579990999, 39.244388987274931 ], [ -4.709185337050705, 39.210460815979999 ], [ -4.688943243819383, 39.202382679957395 ], [ -4.664202907647764, 39.184610780707672 ], [ -4.648459057356735, 39.165223254253426 ], [ -4.6754485149985, 39.170070135866986 ], [ -4.713683579990999, 39.187842035116716 ], [ -4.74292215910291, 39.194304543934791 ], [ -4.774409859684969, 39.189457662321232 ], [ -4.810395803207321, 39.199151425548358 ], [ -4.830637896438644, 39.176532644685068 ], [ -4.830637896438644, 39.166838881457949 ], [ -4.853129111140115, 39.152298236617263 ], [ -4.857627354080408, 39.123216946935898 ], [ -4.873371204371438, 39.095751284459048 ], [ -4.859876475550555, 39.077979385209325 ], [ -4.82613965349835, 39.061823113164117 ], [ -4.83288701790879, 39.045666841118916 ], [ -4.84863086819982, 39.045666841118916 ], [ -4.859876475550555, 39.03112619627823 ], [ -4.884616811722172, 39.034357450687267 ], [ -4.940844848475848, 39.056976231550557 ], [ -4.963336063177318, 39.058591858755079 ], [ -4.934097484065406, 38.976194871324537 ], [ -4.918353633774377, 38.956807344870285 ], [ -4.907108026423643, 38.963269853688374 ], [ -4.877869447311731, 38.948729208847688 ], [ -4.844132625259526, 38.945497954438643 ], [ -4.837385260849086, 38.930957309597964 ], [ -4.853129111140115, 38.882488493462347 ], [ -4.866623839960996, 38.887335375075907 ], [ -4.913855390834083, 38.887335375075907 ], [ -4.943093969945995, 38.855022830985504 ], [ -4.95433957729673, 38.829172795713177 ], [ -4.967834306117611, 38.775857097964 ], [ -4.990325520819082, 38.740313299464546 ], [ -5.046553557572757, 38.729003909032905 ], [ -5.062297407863786, 38.724157027419345 ], [ -5.100532472856285, 38.708000755374137 ], [ -5.118525444617461, 38.716078891396741 ], [ -5.170255238430844, 38.712847636987703 ], [ -5.183749967251725, 38.719310145805778 ], [ -5.168006116960695, 38.67730383848825 ], [ -5.183749967251725, 38.675688211283727 ], [ -5.183749967251725, 38.659531939238526 ], [ -5.208490303423343, 38.66761007526113 ], [ -5.21073942489349, 38.653069430420445 ], [ -5.237728882535254, 38.641760039988803 ], [ -5.253472732826284, 38.625603767943595 ], [ -5.293956919288929, 38.609447495898394 ], [ -5.309700769579958, 38.594906851057708 ], [ -5.307451648109812, 38.578750579012507 ], [ -5.356932320453046, 38.585213087830581 ], [ -5.370427049273928, 38.578750579012507 ], [ -5.390669142505251, 38.562594306967299 ], [ -5.383921778094809, 38.539975526104016 ], [ -5.395167385445545, 38.54643803492209 ], [ -5.415409478676867, 38.530281762876889 ], [ -5.410911235736574, 38.520587999649763 ], [ -5.451395422199219, 38.49796921878648 ], [ -5.464890151020102, 38.488275455559361 ], [ -5.478384879840984, 38.485044201150316 ], [ -5.485132244251425, 38.462425420287033 ], [ -5.523367309243925, 38.459194165877989 ], [ -5.552605888355837, 38.44465352103731 ], [ -5.572847981587159, 38.423650367378542 ], [ -5.584093588937893, 38.386490941674566 ], [ -5.559353252766277, 38.367103415220328 ], [ -5.575097103057306, 38.328328362311836 ], [ -5.554855009825983, 38.317018971880188 ], [ -5.541360281005101, 38.278243918971697 ], [ -5.525616430714072, 38.263703274131018 ], [ -5.521118187773778, 38.207156321972803 ], [ -5.539111159534954, 38.200693813154714 ], [ -5.539111159534954, 38.161918760246223 ], [ -5.559353252766277, 38.14899374261006 ], [ -5.575097103057306, 38.150609369814582 ], [ -5.584093588937893, 38.131221843360336 ], [ -5.633574261281128, 38.137684352178418 ], [ -5.694300540975098, 38.084368654429241 ], [ -5.710044391266127, 38.081137400020204 ], [ -5.734784727437743, 38.085984281633763 ], [ -5.741532091848185, 38.126374961746777 ], [ -5.714542634206421, 38.134453097769381 ], [ -5.694300540975098, 38.150609369814582 ], [ -5.705546148325833, 38.163534387450746 ], [ -5.694300540975098, 38.17161252347335 ], [ -5.685304055094509, 38.157071878632664 ], [ -5.687553176564657, 38.181306286700476 ], [ -5.728037363027303, 38.197462558745677 ], [ -5.746030334788479, 38.189384422723073 ], [ -5.755026820669068, 38.181306286700476 ], [ -5.782016278310831, 38.186153168314036 ], [ -5.824749586243625, 38.169996896268827 ], [ -5.838244315064507, 38.174843777882387 ], [ -5.851739043885388, 38.17161252347335 ], [ -5.876479380057006, 38.155456251428149 ], [ -5.8809776229973, 38.132837470564859 ], [ -5.912465323579358, 38.123143707337732 ], [ -5.928209173870387, 38.087599908838286 ], [ -5.907967080639065, 38.06821238238404 ], [ -5.919212687989798, 38.050440483134317 ], [ -5.934956538280828, 38.047209228725272 ], [ -5.937205659750976, 38.024590447861989 ], [ -5.952949510042004, 37.995509158180624 ], [ -5.993433696504651, 37.998740412589662 ], [ -6.006928425325533, 37.990662276567058 ], [ -6.03166876149715, 37.997124785385139 ], [ -6.135128349123912, 37.972890377317334 ], [ -6.180110778526853, 37.940577833226925 ], [ -6.195854628817882, 37.956734105272133 ], [ -6.234089693810381, 37.958349732476648 ], [ -6.252082665571557, 37.971274750112812 ], [ -6.30381245938494, 37.977737258930894 ], [ -6.308310702325233, 37.985815394953498 ], [ -6.339798402907292, 38.000356039794184 ], [ -6.360040496138614, 38.016512311839385 ], [ -6.362289617608761, 38.037515465498153 ], [ -6.366787860549055, 38.048824855929794 ], [ -6.389279075250526, 38.048824855929794 ], [ -6.414019411422142, 38.058518619156914 ], [ -6.443257990534054, 38.058518619156914 ], [ -6.443257990534054, 38.047209228725272 ], [ -6.474745691116112, 38.024590447861989 ], [ -6.479243934056406, 38.008434175816788 ], [ -6.494987784347435, 38.01974356624843 ], [ -6.546717578160816, 38.027821702271027 ], [ -6.569208792862286, 38.022974820657467 ], [ -6.587201764623462, 38.026206075066511 ], [ -6.580454400213021, 38.052056110338839 ], [ -6.623187708145815, 38.097293672065405 ], [ -6.636682436966696, 38.09567804486089 ], [ -6.650177165787579, 38.089215536042808 ], [ -6.681664866369637, 38.097293672065405 ], [ -6.710903445481549, 38.09567804486089 ], [ -6.728896417242725, 38.100524926474449 ], [ -6.746889389003901, 38.09083116324733 ], [ -6.76938060370537, 38.098909299269927 ], [ -6.76938060370537, 38.111834316906091 ], [ -6.809864790168017, 38.111834316906091 ], [ -6.816612154578458, 38.119912452928695 ], [ -6.798619182817282, 38.1441468609965 ], [ -6.794120939876988, 38.178075032291432 ], [ -6.8233595189889, 38.173228150677872 ], [ -6.857096341041105, 38.179690659495954 ], [ -6.902078770444044, 38.202309440359237 ], [ -6.924569985145515, 38.205540694768281 ], [ -6.931317349555956, 38.208771949177319 ], [ -6.935815592496249, 38.220081339608967 ], [ -6.956057685727574, 38.216850085199923 ], [ -6.971801536018603, 38.202309440359237 ], [ -6.98079802189919, 38.212003203586363 ], [ -7.010036601011102, 38.199078185950199 ], [ -7.028029572772278, 38.182921913904991 ], [ -7.046022544533454, 38.184537541109513 ], [ -7.057268151884189, 38.186153168314036 ], [ -7.086506730996099, 38.169996896268827 ], [ -7.097752338346835, 38.178075032291432 ], [ -7.142734767749776, 38.241084493267728 ], [ -7.142734767749776, 38.262087646926496 ], [ -7.158478618040805, 38.279859546176219 ], [ -7.176471589801981, 38.287937682198823 ], [ -7.201211925973597, 38.328328362311836 ], [ -7.268685570078008, 38.391337823288133 ], [ -7.288927663309332, 38.425265994583057 ], [ -7.315917120951095, 38.439806639423743 ], [ -7.297924149189919, 38.473734810718675 ], [ -7.318166242421242, 38.475350437923197 ], [ -7.311418878010802, 38.515741118036203 ], [ -7.302422392130213, 38.544822407717575 ], [ -7.261938205667567, 38.594906851057708 ], [ -7.25968908419742, 38.606216241489349 ], [ -7.243945233906391, 38.623988140739073 ], [ -7.270934691548154, 38.636913158375236 ], [ -7.266436448607861, 38.701538246556055 ], [ -7.25968908419742, 38.724157027419345 ], [ -7.201211925973597, 38.750007062691672 ], [ -7.194464561563157, 38.766163334736873 ], [ -7.158478618040805, 38.785550861191119 ], [ -7.147233010690069, 38.800091506031805 ], [ -7.1247417959886, 38.816247778077013 ], [ -7.097752338346835, 38.814632150872491 ], [ -7.068513759234923, 38.853407203780982 ], [ -7.052769908943894, 38.858254085394542 ], [ -7.032527815712571, 38.877641611848787 ], [ -7.052769908943894, 38.906722901530159 ], [ -7.025780451302131, 38.924494800779883 ], [ -7.021282208361837, 38.937419818416046 ], [ -6.98754538630963, 38.976194871324537 ], [ -6.951559442787278, 39.023048060255626 ], [ -6.965054171608161, 39.042435586709871 ], [ -6.958306807197721, 39.05374497714152 ], [ -6.98079802189919, 39.087673148436444 ], [ -7.028029572772278, 39.115138810913294 ], [ -7.052769908943894, 39.118370065322338 ], [ -7.104499702757275, 39.098982538868086 ], [ -7.144983889219922, 39.108676302095212 ], [ -7.140485646279629, 39.15068260941274 ], [ -7.13148916039904, 39.165223254253426 ], [ -7.171973346861687, 39.179763899094112 ], [ -7.22145401920492, 39.192688916730276 ], [ -7.241696112436244, 39.208845188775477 ], [ -7.248443476846685, 39.25408275050205 ], [ -7.230450505085509, 39.278317158569862 ], [ -7.203461047443744, 39.265392140933699 ], [ -7.151731253630363, 39.321939093091913 ], [ -7.178720711272128, 39.331632856319032 ], [ -7.160727739510952, 39.360714146000404 ], [ -7.1247417959886, 39.381717299659172 ], [ -7.104499702757275, 39.386564181272732 ], [ -7.073012002175219, 39.381717299659172 ], [ -7.06401551629463, 39.372023536432046 ], [ -7.079759366585659, 39.351020382773278 ], [ -7.097752338346835, 39.359098518795882 ], [ -7.102250581287128, 39.346173501159718 ], [ -7.082008488055806, 39.334864110728077 ], [ -7.077510245115512, 39.310629702660265 ], [ -7.043773423063307, 39.326785974705473 ], [ -7.030278694242424, 39.351020382773278 ], [ -7.032527815712571, 39.367176654818486 ], [ -7.010036601011102, 39.388179808477247 ], [ -7.039275180123013, 39.396257944499851 ], [ -7.066264637764776, 39.414029843749574 ], [ -7.0482716660036, 39.436648624612864 ], [ -6.994292750720073, 39.425339234181223 ], [ -6.996541872190219, 39.420492352567656 ], [ -6.935815592496249, 39.396257944499851 ], [ -6.884085798682868, 39.383332926863687 ], [ -6.857096341041105, 39.388179808477247 ], [ -6.803117425757575, 39.389795435681769 ], [ -6.791871818406841, 39.367176654818486 ], [ -6.796370061347135, 39.344557873955196 ], [ -6.771629725175519, 39.328401601909995 ], [ -6.749138510474047, 39.325170347500951 ], [ -6.760384117824783, 39.27670153136534 ], [ -6.778377089585959, 39.265392140933699 ], [ -6.800868304287429, 39.239542105661371 ], [ -6.798619182817282, 39.220154579207119 ], [ -6.767131482235223, 39.187842035116716 ], [ -6.751387631944194, 39.194304543934791 ], [ -6.681664866369637, 39.176532644685068 ], [ -6.659173651668167, 39.199151425548358 ], [ -6.634433315496549, 39.197535798343836 ], [ -6.578205278742875, 39.179763899094112 ], [ -6.573707035802581, 39.158760745435345 ], [ -6.537721092280229, 39.155529491026307 ], [ -6.539970213750376, 39.181379526298628 ], [ -6.490489541407142, 39.168454508662464 ], [ -6.456752719354936, 39.173301390276031 ], [ -6.43875974759376, 39.176532644685068 ], [ -6.407272047011702, 39.165223254253426 ] ] ] ] } },
{ "type": "Feature", "properties": { "name": "Ourense", "id": 32 }, "geometry": { "type": "MultiPolygon", "coordinates": [ [ [ [ -7.705015135286528, 41.906942620324635 ], [ -7.73425371439844, 41.892401975483949 ], [ -7.763492293510351, 41.898864484302031 ], [ -7.779236143801381, 41.88755509387039 ], [ -7.80172735850285, 41.88270821225683 ], [ -7.844460666435644, 41.881092585052308 ], [ -7.842211544965497, 41.866551940211622 ], [ -7.866951881137114, 41.858473804189018 ], [ -7.873699245547556, 41.845548786552854 ], [ -7.891692217308732, 41.86008943139354 ], [ -7.88494485289829, 41.889170721074912 ], [ -7.887193974368436, 41.926330146778881 ], [ -7.907436067599761, 41.926330146778881 ], [ -7.920930796420642, 41.881092585052308 ], [ -7.947920254062407, 41.871398821825181 ], [ -7.981657076114612, 41.873014449029704 ], [ -8.00639741228623, 41.847164413757376 ], [ -8.01314477669667, 41.829392514507653 ], [ -8.040134234338435, 41.829392514507653 ], [ -8.058127206099611, 41.816467496871489 ], [ -8.094113149621963, 41.808389360848885 ], [ -8.130099093144315, 41.808389360848885 ], [ -8.166085036666667, 41.818083124076011 ], [ -8.161586793726373, 41.861705058598062 ], [ -8.17058327960696, 41.879476957847785 ], [ -8.199821858718872, 41.873014449029704 ], [ -8.213316587539754, 41.900480111506553 ], [ -8.217814830480048, 41.913405129142717 ], [ -8.188576251368136, 41.947333300437649 ], [ -8.175081522547256, 41.955411436460246 ], [ -8.16383591519652, 41.982877098937095 ], [ -8.141344700495051, 41.989339607755177 ], [ -8.130099093144315, 42.003880252595863 ], [ -8.094113149621963, 42.011958388618467 ], [ -8.082867542271227, 42.028114660663668 ], [ -8.087365785211521, 42.053964695935996 ], [ -8.10310963550255, 42.074967849594763 ], [ -8.118853485793579, 42.08304598561736 ], [ -8.150341186375638, 42.079814731208323 ], [ -8.181828886957696, 42.065274086367637 ], [ -8.197572737248725, 42.154133582616261 ], [ -8.181828886957696, 42.157364837025305 ], [ -8.166085036666667, 42.173521109070506 ], [ -8.161586793726373, 42.181599245093111 ], [ -8.175081522547256, 42.184830499502155 ], [ -8.175081522547256, 42.204218025956393 ], [ -8.190825372838285, 42.212296161978998 ], [ -8.166085036666667, 42.220374298001602 ], [ -8.161586793726373, 42.244608706069407 ], [ -8.184078008427843, 42.242993078864885 ], [ -8.204320101659166, 42.244608706069407 ], [ -8.222313073420342, 42.233299315637765 ], [ -8.265046381353136, 42.252686842092011 ], [ -8.271793745763576, 42.281768131773376 ], [ -8.262797259882989, 42.315696303068307 ], [ -8.285288474584458, 42.318927557477352 ], [ -8.312277932226223, 42.343161965545157 ], [ -8.325772661047106, 42.349624474363239 ], [ -8.323523539576959, 42.36578074640844 ], [ -8.31452705369637, 42.380321391249126 ], [ -8.339267389867986, 42.433637088998303 ], [ -8.339267389867986, 42.453024615452549 ], [ -8.341516511338135, 42.465949633088712 ], [ -8.366256847509751, 42.48695278674748 ], [ -8.352762118688869, 42.480490277929391 ], [ -8.341516511338135, 42.49179966836104 ], [ -8.303281446345634, 42.490184041156517 ], [ -8.271793745763576, 42.520880958042405 ], [ -8.235807802241224, 42.538652857292135 ], [ -8.217814830480048, 42.533805975678568 ], [ -8.172832401077109, 42.572581028587059 ], [ -8.145842943435344, 42.548346620519254 ], [ -8.112106121383139, 42.556424756541858 ], [ -8.091864028151816, 42.556424756541858 ], [ -8.060376327569758, 42.548346620519254 ], [ -8.049130720219022, 42.554809129337336 ], [ -8.017643019636964, 42.541884111701172 ], [ -7.988404440525052, 42.572581028587059 ], [ -7.986155319054905, 42.570965401382537 ], [ -7.965913225823583, 42.566118519768978 ], [ -7.950169375532553, 42.570965401382537 ], [ -7.929927282301231, 42.579043537405141 ], [ -7.911934310540055, 42.556424756541858 ], [ -7.889443095838585, 42.549962247723776 ], [ -7.889443095838585, 42.538652857292135 ], [ -7.92317991789079, 42.525727839655971 ], [ -7.900688703189319, 42.520880958042405 ], [ -7.914183432010201, 42.507955940406241 ], [ -7.875948367017703, 42.511187194815285 ], [ -7.842211544965497, 42.490184041156517 ], [ -7.828716816144615, 42.493415295565555 ], [ -7.799478237032703, 42.480490277929391 ], [ -7.77248877939094, 42.495030922770077 ], [ -7.747748443219322, 42.480490277929391 ], [ -7.781485265271527, 42.472412141906794 ], [ -7.776987022331234, 42.461102751475153 ], [ -7.752246686159616, 42.451408988248026 ], [ -7.732004592928293, 42.454640242657064 ], [ -7.729755471458146, 42.454640242657064 ], [ -7.71176249969697, 42.451408988248026 ], [ -7.700516892346235, 42.432021461793781 ], [ -7.682523920585059, 42.422327698566662 ], [ -7.662281827353736, 42.422327698566662 ], [ -7.633043248241824, 42.407787053725976 ], [ -7.617299397950795, 42.38355264565817 ], [ -7.57681521148815, 42.404555799316931 ], [ -7.536331025025502, 42.38355264565817 ], [ -7.50034508150315, 42.38839952727173 ], [ -7.462110016510652, 42.407787053725976 ], [ -7.448615287689769, 42.407787053725976 ], [ -7.448615287689769, 42.407787053725976 ], [ -7.435120558868887, 42.415865189748573 ], [ -7.412629344167417, 42.425558952975699 ], [ -7.403632858286828, 42.430405834589259 ], [ -7.387889007995799, 42.433637088998303 ], [ -7.369896036234623, 42.420712071362139 ], [ -7.345155700063007, 42.430405834589259 ], [ -7.306920635070508, 42.428790207384736 ], [ -7.291176784779479, 42.414249562544057 ], [ -7.268685570078008, 42.414249562544057 ], [ -7.255190841257127, 42.399708917703371 ], [ -7.248443476846685, 42.390015154476245 ], [ -7.216955776264626, 42.385168272862686 ], [ -7.230450505085509, 42.359318237590358 ], [ -7.203461047443744, 42.325390066295434 ], [ -7.19896280450345, 42.333468202318031 ], [ -7.196713683033304, 42.352855728772283 ], [ -7.167475103921392, 42.39324640888529 ], [ -7.165225982451245, 42.404555799316931 ], [ -7.147233010690069, 42.422327698566662 ], [ -7.151731253630363, 42.432021461793781 ], [ -7.120243553048304, 42.451408988248026 ], [ -7.100001459816982, 42.457871497066108 ], [ -7.077510245115512, 42.507955940406241 ], [ -7.052769908943894, 42.507955940406241 ], [ -7.028029572772278, 42.498262177179122 ], [ -7.001040115130513, 42.506340313201719 ], [ -6.978548900429043, 42.493415295565555 ], [ -6.960555928667867, 42.517649703633367 ], [ -6.935815592496249, 42.519265330837882 ], [ -6.848099855160516, 42.48695278674748 ], [ -6.834605126339634, 42.493415295565555 ], [ -6.807615668697871, 42.46918088749775 ], [ -6.812113911638164, 42.461102751475153 ], [ -6.821110397518753, 42.454640242657064 ], [ -6.816612154578458, 42.427174580180221 ], [ -6.83010688339934, 42.409402680930498 ], [ -6.843601612220223, 42.406171426521453 ], [ -6.821110397518753, 42.385168272862686 ], [ -6.773878846645665, 42.378705764044604 ], [ -6.767131482235223, 42.36578074640844 ], [ -6.733394660183018, 42.359318237590358 ], [ -6.735643781653165, 42.318927557477352 ], [ -6.74014202459346, 42.297924403818584 ], [ -6.764882360765077, 42.272074368546257 ], [ -6.767131482235223, 42.257533723705571 ], [ -6.785124453996399, 42.254302469296533 ], [ -6.794120939876988, 42.249455587682974 ], [ -6.803117425757575, 42.239761824455847 ], [ -6.787373575466546, 42.215527416388042 ], [ -6.83010688339934, 42.226836806819684 ], [ -6.854847219570958, 42.226836806819684 ], [ -6.886334920153015, 42.21391178918352 ], [ -6.899829648973897, 42.189677381115715 ], [ -6.915573499264926, 42.189677381115715 ], [ -6.944812078376838, 42.171905481865991 ], [ -6.944812078376838, 42.142824192184619 ], [ -6.956057685727574, 42.129899174548456 ], [ -6.989794507779779, 42.121821038525852 ], [ -6.992043629249926, 42.099202257662569 ], [ -7.00328923660066, 42.084661612821883 ], [ -7.034776937182718, 42.071736595185719 ], [ -7.007787479540955, 42.052349068731473 ], [ -6.97405065748875, 42.055580323140518 ], [ -6.960555928667867, 42.026499033459146 ], [ -6.992043629249926, 41.98610835334614 ], [ -6.985296264839484, 41.971567708505454 ], [ -7.005538358070808, 41.950564554846686 ], [ -7.077510245115512, 41.952180182051208 ], [ -7.086506730996099, 41.973183335709976 ], [ -7.115745310108011, 41.984492726141617 ], [ -7.140485646279629, 41.990955234959699 ], [ -7.158478618040805, 41.976414590119013 ], [ -7.185468075682568, 41.971567708505454 ], [ -7.187717197152715, 41.947333300437649 ], [ -7.174222468331834, 41.919867637960799 ], [ -7.183218954212421, 41.911789501938195 ], [ -7.196713683033304, 41.879476957847785 ], [ -7.232699626555656, 41.866551940211622 ], [ -7.257439962727274, 41.866551940211622 ], [ -7.315917120951095, 41.842317532143817 ], [ -7.356401307413742, 41.840701904939294 ], [ -7.363148671824183, 41.853626922575458 ], [ -7.390138129465948, 41.842317532143817 ], [ -7.396885493876388, 41.826161260098615 ], [ -7.428373194458446, 41.806773733644363 ], [ -7.4261240729883, 41.83262376891669 ], [ -7.444117044749476, 41.839086277734779 ], [ -7.446366166219622, 41.856858176984503 ], [ -7.453113530630063, 41.864936313007107 ], [ -7.484601231212121, 41.861705058598062 ], [ -7.491348595622563, 41.871398821825181 ], [ -7.513839810324033, 41.861705058598062 ], [ -7.504843324443444, 41.850395668166421 ], [ -7.520587174734473, 41.842317532143817 ], [ -7.574566090018003, 41.829392514507653 ], [ -7.615050276480648, 41.831008141712175 ], [ -7.601555547659766, 41.866551940211622 ], [ -7.58356257589859, 41.87786133064327 ], [ -7.653285341473147, 41.881092585052308 ], [ -7.705015135286528, 41.906942620324635 ] ] ] ] } },
{ "type": "Feature", "properties": { "name": "Castelló/Castellón", "id": 12 }, "geometry": { "type": "MultiPolygon", "coordinates": [ [ [ [ 0.00272414290729, 39.942339939627765 ], [ -0.008521464443444, 39.910027395537355 ], [ -0.033261800615062, 39.895486750696669 ], [ -0.066998622667267, 39.861558579401745 ], [ -0.078244230018001, 39.861558579401745 ], [ -0.098486323249325, 39.842171052947499 ], [ -0.123226659420943, 39.808242881652568 ], [ -0.152465238532852, 39.769467828744077 ], [ -0.168209088823883, 39.753311556698876 ], [ -0.172707331764176, 39.746849047880787 ], [ -0.188451182055207, 39.722614639812981 ], [ -0.195198546465647, 39.724230267017504 ], [ -0.233433611458146, 39.740386539062712 ], [ -0.260423069099911, 39.743617793471749 ], [ -0.271668676450645, 39.750080302289831 ], [ -0.273917797920792, 39.754927183903391 ], [ -0.276166919390938, 39.771083455948599 ], [ -0.307654619972997, 39.796933491220926 ], [ -0.316651105853584, 39.800164745629964 ], [ -0.327896713204321, 39.801780372834486 ], [ -0.377377385547554, 39.800164745629964 ], [ -0.390872114368438, 39.779161591971203 ], [ -0.386373871428141, 39.769467828744077 ], [ -0.388622992898291, 39.769467828744077 ], [ -0.408865086129612, 39.745233420676271 ], [ -0.440352786711671, 39.730692775835585 ], [ -0.444851029651964, 39.719383385403944 ], [ -0.460594879942995, 39.716152130994899 ], [ -0.471840487293729, 39.725845894222026 ], [ -0.498829944935494, 39.746849047880787 ], [ -0.514573795226521, 39.779161591971203 ], [ -0.530317645517552, 39.796933491220926 ], [ -0.548310617278727, 39.795317864016404 ], [ -0.577549196390638, 39.772699083153114 ], [ -0.582047439330932, 39.756542811107913 ], [ -0.588794803741376, 39.742002166267227 ], [ -0.631528111674168, 39.746849047880787 ], [ -0.651770204905489, 39.753311556698876 ], [ -0.645022840495049, 39.792086609607367 ], [ -0.656268447845786, 39.835708544129417 ], [ -0.690005269897991, 39.851864816174619 ], [ -0.712496484599459, 39.816321017675172 ], [ -0.737236820771077, 39.821167899288731 ], [ -0.773222764293429, 39.869636715424342 ], [ -0.797963100465047, 39.880946105855983 ], [ -0.797963100465047, 39.882561733060506 ], [ -0.829450801047106, 39.906796141128311 ], [ -0.845194651338133, 39.953649330059406 ], [ -0.833949043987399, 39.979499365331733 ], [ -0.791215736054607, 39.98919312855886 ], [ -0.768724521353136, 40.008580655013105 ], [ -0.761977156942695, 40.040893199103515 ], [ -0.716994727539753, 40.040893199103515 ], [ -0.712496484599459, 40.042508826308037 ], [ -0.678759662547254, 40.045740080717074 ], [ -0.665264933726373, 40.050586962330634 ], [ -0.629278990204021, 40.074821370398439 ], [ -0.61353513991299, 40.069974488784879 ], [ -0.629278990204021, 40.102287032875289 ], [ -0.609036896972697, 40.124905813738579 ], [ -0.579798317860785, 40.137830831374743 ], [ -0.570801831980198, 40.155602730624466 ], [ -0.573050953450345, 40.181452765896793 ], [ -0.561805346099611, 40.189530901919397 ], [ -0.548310617278727, 40.24446222687309 ], [ -0.543812374338433, 40.250924735691171 ], [ -0.510075552286228, 40.231537209236926 ], [ -0.501079066405641, 40.233152836441448 ], [ -0.469591365823582, 40.23961534525953 ], [ -0.451598394062405, 40.234768463645963 ], [ -0.388622992898291, 40.262234126122813 ], [ -0.381875628487848, 40.276774770963499 ], [ -0.399868600249025, 40.296162297417744 ], [ -0.390872114368438, 40.305856060644864 ], [ -0.377377385547554, 40.304240433440341 ], [ -0.31215286291329, 40.359171758394041 ], [ -0.280665162331232, 40.36886552162116 ], [ -0.282914283801379, 40.383406166461846 ], [ -0.307654619972997, 40.409256201734173 ], [ -0.332394956144615, 40.425412473779382 ], [ -0.345889684965496, 40.443184373029105 ], [ -0.334644077614762, 40.457725017869791 ], [ -0.294159891152116, 40.465803153892395 ], [ -0.271668676450645, 40.478728171528559 ], [ -0.287412526741676, 40.509425088414446 ], [ -0.29865813409241, 40.506193834005401 ], [ -0.296409012622263, 40.532043869277729 ], [ -0.289661648211823, 40.54335325970937 ], [ -0.296409012622263, 40.564356413368138 ], [ -0.296409012622263, 40.56597204057266 ], [ -0.294159891152116, 40.583743939822384 ], [ -0.294159891152116, 40.611209602299233 ], [ -0.29865813409241, 40.612825229503756 ], [ -0.321149348793881, 40.603131466276629 ], [ -0.343640563495349, 40.606362720685667 ], [ -0.379626507017701, 40.624134619935397 ], [ -0.370630021137114, 40.651600282412247 ], [ -0.381875628487848, 40.661294045639366 ], [ -0.357135292316233, 40.677450317684574 ], [ -0.327896713204321, 40.680681572093611 ], [ -0.307654619972997, 40.659678418434844 ], [ -0.294159891152116, 40.67421906327553 ], [ -0.260423069099911, 40.685528453707171 ], [ -0.23793185439844, 40.698453471343335 ], [ -0.233433611458146, 40.708147234570461 ], [ -0.240180975868586, 40.71784099779758 ], [ -0.224437125577559, 40.753384796297034 ], [ -0.213191518226822, 40.758231677910594 ], [ -0.197447667935794, 40.784081713182921 ], [ -0.143468752652264, 40.785697340387443 ], [ -0.147966995592558, 40.774387949955795 ], [ -0.127724902361237, 40.753384796297034 ], [ -0.102984566189619, 40.742075405865393 ], [ -0.053503893846386, 40.727534761024707 ], [ -0.044507407965796, 40.725919133820184 ], [ -0.017517950324031, 40.730766015433744 ], [ 0.016218871728174, 40.727534761024707 ], [ 0.029713600549055, 40.714609743388543 ], [ 0.027464479078908, 40.695222216934297 ], [ 0.043208329369936, 40.690375335320738 ], [ 0.072446908481847, 40.714609743388543 ], [ 0.115180216414643, 40.727534761024707 ], [ 0.142169674056404, 40.71784099779758 ], [ 0.171408253168316, 40.732381642638266 ], [ 0.198397710810081, 40.724303506615662 ], [ 0.225387168451846, 40.732381642638266 ], [ 0.238881897272726, 40.701684725752379 ], [ 0.261373111974198, 40.706531607365939 ], [ 0.292860812556256, 40.687144080911693 ], [ 0.268120476384638, 40.659678418434844 ], [ 0.265871354914491, 40.645137773594158 ], [ 0.279366083735372, 40.630597128753479 ], [ 0.31085378431743, 40.617672111117315 ], [ 0.328846756078608, 40.611209602299233 ], [ 0.391822157242725, 40.604747093481151 ], [ 0.416562493414343, 40.588590821435943 ], [ 0.423309857824783, 40.583743939822384 ], [ 0.443551951056104, 40.578897058208824 ], [ 0.43230634370537, 40.56597204057266 ], [ 0.439053708115811, 40.546584514118415 ], [ 0.515523838100812, 40.522350106050609 ], [ 0.47728877310831, 40.465803153892395 ], [ 0.452548436936695, 40.443184373029105 ], [ 0.436804586645664, 40.415718710552255 ], [ 0.416562493414343, 40.399562438507054 ], [ 0.400818643123312, 40.357556131189519 ], [ 0.36483269960096, 40.323627959894594 ], [ 0.351337970780079, 40.301009179031304 ], [ 0.322099391668168, 40.275159143758977 ], [ 0.279366083735372, 40.24446222687309 ], [ 0.263622233444345, 40.208918428373636 ], [ 0.254625747563757, 40.204071546760076 ], [ 0.234383654332433, 40.199224665146517 ], [ 0.200646832280228, 40.181452765896793 ], [ 0.182653860519054, 40.160449612238025 ], [ 0.160162645817582, 40.123290186534057 ], [ 0.146667916996698, 40.082899506421043 ], [ 0.119678459354937, 40.061896352762275 ], [ 0.090439880243025, 40.055433843944201 ], [ 0.04995569378038, 40.036046317489948 ], [ 0.038710086429642, 40.015043163831187 ], [ 0.025215357608761, 39.977883738127218 ], [ 0.00272414290729, 39.942339939627765 ] ] ] ] } },
{ "type": "Feature", "properties": { "name": "Tarragona", "id": 43 }, "geometry": { "type": "Polygon", "coordinates": [ [ [ 1.473649584383438, 41.380248151650967 ], [ 1.511884649375936, 41.394788796491653 ], [ 1.536624985547554, 41.385095033264527 ], [ 1.550119714368439, 41.368938761219326 ], [ 1.563614443189319, 41.368938761219326 ], [ 1.579358293480347, 41.356013743583162 ], [ 1.559116200249026, 41.343088725946998 ], [ 1.572610929069906, 41.317238690674671 ], [ 1.595102143771378, 41.309160554652067 ], [ 1.592853022301231, 41.293004282606859 ], [ 1.613095115532552, 41.284926146584262 ], [ 1.628838965823583, 41.294619909811381 ], [ 1.626589844353436, 41.268769874539053 ], [ 1.617593358472849, 41.252613602493852 ], [ 1.57036180759976, 41.260691738516456 ], [ 1.581607414950494, 41.236457330448644 ], [ 1.592853022301231, 41.233226076039607 ], [ 1.622091601413143, 41.22353231281248 ], [ 1.640084573174317, 41.234841703244129 ], [ 1.653579301995201, 41.207376040767279 ], [ 1.646831937584757, 41.194451023131116 ], [ 1.617593358472849, 41.191219768722078 ], [ 1.568112686129613, 41.186372887108512 ], [ 1.496140799084909, 41.173447869472348 ], [ 1.460154855562557, 41.163754106245229 ], [ 1.439912762331232, 41.155675970222624 ], [ 1.390432089988, 41.133057189359334 ], [ 1.372439118226822, 41.133057189359334 ], [ 1.34320053911491, 41.124979053336737 ], [ 1.293719866771678, 41.12659468054126 ], [ 1.257733923249326, 41.113669662905096 ], [ 1.223997101197121, 41.091050882041806 ], [ 1.221747979726974, 41.105591526882492 ], [ 1.197007643555356, 41.092666509246328 ], [ 1.181263793264325, 41.066816473974001 ], [ 1.172267307383738, 41.055507083542352 ], [ 1.143028728271826, 41.07166335558756 ], [ 1.118288392100212, 41.073278982792083 ], [ 1.08230244857786, 41.063585219564956 ], [ 1.046316505055504, 41.063585219564956 ], [ 1.023825290354036, 41.052275829133315 ], [ 0.983341103891391, 41.039350811497151 ], [ 0.954102524779479, 41.018347657838383 ], [ 0.931611310078008, 40.990881995361534 ], [ 0.900123609495949, 40.976341350520855 ], [ 0.857390301563157, 40.934335043203319 ], [ 0.796664021869187, 40.876172463840589 ], [ 0.792165778928894, 40.866478700613463 ], [ 0.751681592466248, 40.845475546954695 ], [ 0.735937742175217, 40.824472393295935 ], [ 0.699951798652865, 40.800237985228122 ], [ 0.72019389188419, 40.779234831569354 ], [ 0.729190377764777, 40.769541068342235 ], [ 0.762927199816982, 40.761462932319631 ], [ 0.783169293048307, 40.771156695546757 ], [ 0.73368862070507, 40.792159849205518 ], [ 0.767425442757276, 40.792159849205518 ], [ 0.821404358040805, 40.74045977866087 ], [ 0.841646451272126, 40.730766015433744 ], [ 0.85514118009301, 40.737228524251826 ], [ 0.873134151854185, 40.719456625002103 ], [ 0.866386787443744, 40.695222216934297 ], [ 0.84839381568257, 40.679065944889089 ], [ 0.79441490039904, 40.656447164025806 ], [ 0.749432470996101, 40.635444010367038 ], [ 0.706699163063305, 40.585359567026906 ], [ 0.677460583951394, 40.564356413368138 ], [ 0.623481668667868, 40.551431395731974 ], [ 0.600990453966396, 40.561125158959101 ], [ 0.591993968085809, 40.577281431004302 ], [ 0.616734304257427, 40.577281431004302 ], [ 0.616734304257427, 40.585359567026906 ], [ 0.648222004839486, 40.572434549390742 ], [ 0.65946761219022, 40.591822075844988 ], [ 0.706699163063305, 40.590206448640465 ], [ 0.744934228055804, 40.635444010367038 ], [ 0.72694125629463, 40.640290891980598 ], [ 0.688706191302131, 40.635444010367038 ], [ 0.663965855130513, 40.625750247139919 ], [ 0.600990453966396, 40.622518992730875 ], [ 0.580748360735075, 40.603131466276629 ], [ 0.53801505280228, 40.567587667777175 ], [ 0.515523838100812, 40.522350106050609 ], [ 0.439053708115811, 40.546584514118415 ], [ 0.43230634370537, 40.56597204057266 ], [ 0.443551951056104, 40.578897058208824 ], [ 0.423309857824783, 40.583743939822384 ], [ 0.416562493414343, 40.588590821435943 ], [ 0.391822157242725, 40.604747093481151 ], [ 0.328846756078608, 40.611209602299233 ], [ 0.31085378431743, 40.617672111117315 ], [ 0.279366083735372, 40.630597128753479 ], [ 0.265871354914491, 40.645137773594158 ], [ 0.268120476384638, 40.659678418434844 ], [ 0.292860812556256, 40.687144080911693 ], [ 0.261373111974198, 40.706531607365939 ], [ 0.238881897272726, 40.701684725752379 ], [ 0.225387168451846, 40.732381642638266 ], [ 0.198397710810081, 40.724303506615662 ], [ 0.171408253168316, 40.732381642638266 ], [ 0.17590649610861, 40.742075405865393 ], [ 0.232134532862286, 40.779234831569354 ], [ 0.256874869033904, 40.800237985228122 ], [ 0.272618719324932, 40.819625511682368 ], [ 0.250127504623464, 40.855169310181822 ], [ 0.254625747563757, 40.8697099550225 ], [ 0.238881897272726, 40.884250599863186 ], [ 0.250127504623464, 40.895559990294828 ], [ 0.254625747563757, 40.91979439836264 ], [ 0.274867840795078, 40.935950670407841 ], [ 0.281615205205522, 40.974725723316332 ], [ 0.281615205205522, 40.987650740952496 ], [ 0.259123990504051, 41.015116403429346 ], [ 0.279366083735372, 41.019963285042905 ], [ 0.245629261683167, 41.040966438701673 ], [ 0.234383654332433, 41.034503929883591 ], [ 0.220888925511552, 41.07166335558756 ], [ 0.218639804041405, 41.074894609996605 ], [ 0.200646832280228, 41.084588373223724 ], [ 0.209643318160815, 41.116900917314133 ], [ 0.200646832280228, 41.124979053336737 ], [ 0.218639804041405, 41.131441562154819 ], [ 0.250127504623464, 41.129825934950297 ], [ 0.252376626093611, 41.150829088609065 ], [ 0.272618719324932, 41.149213461404543 ], [ 0.30410641990699, 41.163754106245229 ], [ 0.322099391668168, 41.225147940017003 ], [ 0.340092363429342, 41.231610448835085 ], [ 0.36483269960096, 41.226763567221525 ], [ 0.380576549891991, 41.236457330448644 ], [ 0.373829185481547, 41.244535466471248 ], [ 0.385074792832285, 41.27846363776618 ], [ 0.43230634370537, 41.276848010561658 ], [ 0.434555465175517, 41.320469945083708 ], [ 0.461544922817282, 41.335010589924394 ], [ 0.479537894578456, 41.322085572288231 ], [ 0.502029109279928, 41.289773028197821 ], [ 0.526769445451546, 41.289773028197821 ], [ 0.553758903093311, 41.32693245390179 ], [ 0.580748360735075, 41.320469945083708 ], [ 0.587495725145516, 41.307544927447545 ], [ 0.614485182787281, 41.291388655402343 ], [ 0.690955312772278, 41.312391809061111 ], [ 0.695453555712572, 41.314007436265626 ], [ 0.751681592466248, 41.317238690674671 ], [ 0.767425442757276, 41.333394962719872 ], [ 0.812407872160215, 41.32693245390179 ], [ 0.830400843921392, 41.359244997992199 ], [ 0.843895572742273, 41.362476252401244 ], [ 0.864137665973598, 41.338241844333439 ], [ 0.904621852436243, 41.347935607560558 ], [ 0.951853403309332, 41.351166861969602 ], [ 0.965348132130213, 41.359244997992199 ], [ 0.981091982421241, 41.391557542082609 ], [ 0.994586711242125, 41.391557542082609 ], [ 1.003583197122712, 41.404482559718772 ], [ 1.02832353329433, 41.409329441332332 ], [ 1.046316505055504, 41.440026358218226 ], [ 1.055312990936095, 41.441641985422748 ], [ 1.075555084167416, 41.459413884672472 ], [ 1.037320019174917, 41.480417038331233 ], [ 1.048565626525654, 41.486879547149314 ], [ 1.037320019174917, 41.498188937580963 ], [ 1.100295420339034, 41.475570156717673 ], [ 1.107042784749474, 41.467492020695069 ], [ 1.129533999450945, 41.473954529513151 ], [ 1.154274335622564, 41.480417038331233 ], [ 1.179014671794178, 41.488495174353837 ], [ 1.165519942973297, 41.517576464035201 ], [ 1.170018185913591, 41.517576464035201 ], [ 1.181263793264325, 41.543426499307529 ], [ 1.210502372376236, 41.548273380921096 ], [ 1.219498858256827, 41.569276534579856 ], [ 1.257733923249326, 41.567660907375341 ], [ 1.304965474122412, 41.570892161784379 ], [ 1.372439118226822, 41.566045280170819 ], [ 1.392681211458147, 41.556351516943693 ], [ 1.40392681880888, 41.557967144148215 ], [ 1.392681211458147, 41.575739043397945 ], [ 1.419670669099911, 41.58220155221602 ], [ 1.453407491152117, 41.569276534579856 ], [ 1.430916276450645, 41.556351516943693 ], [ 1.446660126741673, 41.553120262534655 ], [ 1.448909248211823, 41.536963990489454 ], [ 1.408425061749174, 41.535348363284932 ], [ 1.39717945439844, 41.519192091239724 ], [ 1.394930332928293, 41.512729582421642 ], [ 1.45115836968197, 41.486879547149314 ], [ 1.473649584383438, 41.486879547149314 ], [ 1.473649584383438, 41.47880141112671 ], [ 1.484895191734175, 41.472338902308636 ], [ 1.469151341443144, 41.444873239831786 ], [ 1.496140799084909, 41.435179476604659 ], [ 1.478147827323731, 41.423870086173018 ], [ 1.489393434674469, 41.399635678105213 ], [ 1.473649584383438, 41.380248151650967 ] ] ] } },
{ "type": "Feature", "properties": { "name": "A Coruña", "id": 15 }, "geometry": { "type": "MultiPolygon", "coordinates": [ [ [ [ -8.208818344599461, 43.327078933098107 ], [ -8.202070980189019, 43.335157069120712 ], [ -8.213316587539754, 43.35131334116592 ], [ -8.215565709009901, 43.377163376438247 ], [ -8.220063951950195, 43.385241512460851 ], [ -8.206569223129314, 43.409475920528656 ], [ -8.175081522547256, 43.412707174937694 ], [ -8.18632712989799, 43.424016565369342 ], [ -8.197572737248725, 43.42724781977838 ], [ -8.215565709009901, 43.417554056551253 ], [ -8.238056923711371, 43.428863446982902 ], [ -8.258299016942695, 43.419169683755776 ], [ -8.278541110174018, 43.436941583005506 ], [ -8.316776175166517, 43.445019719028103 ], [ -8.312277932226223, 43.453097855050707 ], [ -8.278541110174018, 43.459560363868789 ], [ -8.2538007740024, 43.466022872686871 ], [ -8.23130955930093, 43.454713482255229 ], [ -8.204320101659166, 43.459560363868789 ], [ -8.168334158136814, 43.483794771936594 ], [ -8.152590307845784, 43.517722943231526 ], [ -8.175081522547256, 43.504797925595362 ], [ -8.175081522547256, 43.493488535163721 ], [ -8.197572737248725, 43.487026026345639 ], [ -8.190825372838285, 43.482179144732072 ], [ -8.249302531062106, 43.475716635913997 ], [ -8.24705340959196, 43.493488535163721 ], [ -8.267295502823282, 43.467638499891393 ], [ -8.298783203405341, 43.461175991073311 ], [ -8.316776175166517, 43.470869754300431 ], [ -8.341516511338135, 43.457944736664267 ], [ -8.343765632808282, 43.469254127095908 ], [ -8.328021782517252, 43.482179144732072 ], [ -8.32127441810681, 43.50318229839084 ], [ -8.330270903987399, 43.508029180004399 ], [ -8.323523539576959, 43.525801079254123 ], [ -8.303281446345634, 43.525801079254123 ], [ -8.296534081935194, 43.535494842481249 ], [ -8.325772661047106, 43.559729250549054 ], [ -8.316776175166517, 43.569423013776181 ], [ -8.301032324875488, 43.556497996140017 ], [ -8.258299016942695, 43.559729250549054 ], [ -8.22456219489049, 43.577501149798778 ], [ -8.215565709009901, 43.592041794639464 ], [ -8.193074494308432, 43.603351185071105 ], [ -8.188576251368136, 43.621123084320836 ], [ -8.166085036666667, 43.613044948298231 ], [ -8.141344700495051, 43.632432474752477 ], [ -8.094113149621963, 43.653435628411245 ], [ -8.094113149621963, 43.666360646047409 ], [ -8.071621934920492, 43.646973119593156 ], [ -8.055878084629462, 43.65989813722932 ], [ -8.076120177860787, 43.65989813722932 ], [ -8.076120177860787, 43.68251691809261 ], [ -8.062625449039905, 43.7051356989559 ], [ -8.040134234338435, 43.713213834978504 ], [ -8.00639741228623, 43.7051356989559 ], [ -7.963664104353436, 43.721291971001101 ], [ -7.947920254062407, 43.734216988637264 ], [ -7.929927282301231, 43.739063870250831 ], [ -7.902937824659466, 43.768145159932196 ], [ -7.889443095838585, 43.763298278318629 ], [ -7.869201002607261, 43.774607668750278 ], [ -7.860204516726673, 43.763298278318629 ], [ -7.869201002607261, 43.730985734228227 ], [ -7.851208030846085, 43.718060716592063 ], [ -7.853457152316231, 43.708366953364937 ], [ -7.878197488487849, 43.721291971001101 ], [ -7.869201002607261, 43.706751326160415 ], [ -7.889443095838585, 43.684132545297132 ], [ -7.871450124077407, 43.679285663683572 ], [ -7.905186946129612, 43.671207527660968 ], [ -7.88494485289829, 43.663129391638364 ], [ -7.846709787905791, 43.667976273251924 ], [ -7.866951881137114, 43.698673190137811 ], [ -7.828716816144615, 43.70028881734234 ], [ -7.824218573204321, 43.714829462183019 ], [ -7.781485265271527, 43.732601361432742 ], [ -7.725257228517853, 43.747142006273428 ], [ -7.718509864107411, 43.763298278318629 ], [ -7.687022163525352, 43.776223295954793 ], [ -7.689271284995501, 43.789148313590957 ], [ -7.662281827353736, 43.777838923159322 ], [ -7.689271284995501, 43.756835769500555 ], [ -7.700516892346235, 43.735832615841787 ], [ -7.693769527935794, 43.716445089387541 ], [ -7.707264256756677, 43.709982580569459 ], [ -7.702766013816381, 43.685748172501647 ], [ -7.718509864107411, 43.687363799706176 ], [ -7.691520406465647, 43.658282510024804 ], [ -7.693769527935794, 43.648588746797685 ], [ -7.716260742637264, 43.646973119593156 ], [ -7.732004592928293, 43.616276202707269 ], [ -7.725257228517853, 43.613044948298231 ], [ -7.718509864107411, 43.583963658616867 ], [ -7.747748443219322, 43.577501149798778 ], [ -7.749997564689469, 43.556497996140017 ], [ -7.754495807629763, 43.554882368935495 ], [ -7.743250200279029, 43.525801079254123 ], [ -7.747748443219322, 43.508029180004399 ], [ -7.767990536450645, 43.487026026345639 ], [ -7.783734386741674, 43.446635346232625 ], [ -7.806225601443145, 43.436941583005506 ], [ -7.806225601443145, 43.42724781977838 ], [ -7.824218573204321, 43.401397784506052 ], [ -7.882695731428143, 43.407860293324134 ], [ -7.898439581719172, 43.386857139665366 ], [ -7.88494485289829, 43.375547749233725 ], [ -7.887193974368436, 43.336772696325234 ], [ -7.947920254062407, 43.286688252985101 ], [ -7.920930796420642, 43.268916353735378 ], [ -7.932176403771377, 43.24306631846305 ], [ -7.961414982883289, 43.189750620713873 ], [ -7.959165861413142, 43.183288111895791 ], [ -7.941172889651966, 43.129972414146614 ], [ -7.936674646711671, 43.112200514896891 ], [ -7.918681674950495, 43.092812988442645 ], [ -7.943422011122113, 43.066962953170318 ], [ -7.927678160831084, 43.033034781875386 ], [ -7.905186946129612, 42.986181592944298 ], [ -7.907436067599761, 42.976487829717172 ], [ -7.916432553480348, 42.932865895195121 ], [ -7.943422011122113, 42.916709623149913 ], [ -7.934425525241524, 42.903784605513749 ], [ -7.963664104353436, 42.879550197445944 ], [ -7.977158833174318, 42.877934570241422 ], [ -7.999650047875788, 42.848853280560057 ], [ -8.026639505517553, 42.847237653355535 ], [ -8.044632477278729, 42.832697008514856 ], [ -8.062625449039905, 42.835928262923893 ], [ -8.071621934920492, 42.852084534969094 ], [ -8.089614906681669, 42.853700162173617 ], [ -8.118853485793579, 42.842390771741975 ], [ -8.139095579024902, 42.844006398946497 ], [ -8.175081522547256, 42.858547043787183 ], [ -8.206569223129314, 42.842390771741975 ], [ -8.215565709009901, 42.84562202615102 ], [ -8.211067466069608, 42.82300324528773 ], [ -8.2538007740024, 42.835928262923893 ], [ -8.276291988703871, 42.821387618083207 ], [ -8.274042867233725, 42.813309482060603 ], [ -8.298783203405341, 42.819771990878692 ], [ -8.316776175166517, 42.84562202615102 ], [ -8.346014754278428, 42.832697008514856 ], [ -8.332520025457546, 42.829465754105811 ], [ -8.332520025457546, 42.802000091628969 ], [ -8.348263875748575, 42.784228192379238 ], [ -8.357260361629164, 42.780996937970201 ], [ -8.393246305151516, 42.789075073992805 ], [ -8.415737519852986, 42.764840665924993 ], [ -8.406741033972398, 42.756762529902389 ], [ -8.431481370144015, 42.745453139470747 ], [ -8.47196555660666, 42.743837512266225 ], [ -8.507951500129014, 42.756762529902389 ], [ -8.559681293942395, 42.755146902697874 ], [ -8.570926901293129, 42.74222188506171 ], [ -8.600165480405041, 42.743837512266225 ], [ -8.606912844815483, 42.71475622258486 ], [ -8.649646152748275, 42.726065613016502 ], [ -8.665390003039304, 42.71960310419842 ], [ -8.672137367449745, 42.717987476993898 ], [ -8.678884731860187, 42.711524968175823 ], [ -8.717119796852685, 42.706678086562256 ], [ -8.726116282733274, 42.688906187312533 ], [ -8.726116282733274, 42.688906187312533 ], [ -8.728365404203421, 42.677596796880891 ], [ -8.755354861845184, 42.646899879995004 ], [ -8.771098712136213, 42.653362388813079 ], [ -8.793589926837685, 42.637206116767878 ], [ -8.822828505949595, 42.646899879995004 ], [ -8.813832020069007, 42.659824897631168 ], [ -8.829575870360037, 42.666287406449243 ], [ -8.840821477710772, 42.685674932903495 ], [ -8.843070599180919, 42.661440524835683 ], [ -8.852067085061506, 42.664671779244728 ], [ -8.854316206531653, 42.630743607949796 ], [ -8.861063570942095, 42.606509199881991 ], [ -8.885803907113711, 42.614587335904588 ], [ -8.874558299762977, 42.632359235154318 ], [ -8.901547757404741, 42.640437371176915 ], [ -8.906046000345034, 42.632359235154318 ], [ -8.937533700927093, 42.606509199881991 ], [ -8.921789850636063, 42.585506046223223 ], [ -8.951028429747975, 42.585506046223223 ], [ -8.962274037098711, 42.569349774178022 ], [ -8.989263494740474, 42.566118519768978 ], [ -8.987014373270327, 42.538652857292135 ], [ -9.018502073852385, 42.517649703633367 ], [ -9.040993288553857, 42.517649703633367 ], [ -9.029747681203121, 42.551577874928299 ], [ -9.04549153149415, 42.570965401382537 ], [ -9.061235381785179, 42.577427910200626 ], [ -9.088224839426942, 42.569349774178022 ], [ -9.079228353546355, 42.598431063859387 ], [ -9.065733624725473, 42.600046691063909 ], [ -9.061235381785179, 42.617818590313632 ], [ -9.04549153149415, 42.629127980745274 ], [ -9.036495045613561, 42.648515507199519 ], [ -9.025249438262827, 42.708293713766778 ], [ -9.009505587971798, 42.711524968175823 ], [ -9.009505587971798, 42.727681240221024 ], [ -8.991512616210622, 42.740606257857188 ], [ -8.953277551218122, 42.748684393879792 ], [ -8.933035457986799, 42.777765683561157 ], [ -8.921789850636063, 42.79069070119732 ], [ -8.899298635934594, 42.797153210015402 ], [ -8.903796878874887, 42.813309482060603 ], [ -8.879056542703271, 42.816540736469648 ], [ -8.876807421233124, 42.827850126901289 ], [ -8.881305664173418, 42.81815636367417 ], [ -8.906046000345034, 42.81815636367417 ], [ -8.908295121815183, 42.797153210015402 ], [ -8.942031943867388, 42.802000091628969 ], [ -8.957775794158417, 42.780996937970201 ], [ -8.97801788738974, 42.79069070119732 ], [ -8.982516130330033, 42.777765683561157 ], [ -9.016252952382239, 42.784228192379238 ], [ -9.011754709441945, 42.798768837219924 ], [ -9.065733624725473, 42.785843819583761 ], [ -9.047740652964297, 42.769687547538553 ], [ -9.074730110606062, 42.756762529902389 ], [ -9.081477475016502, 42.73737500344815 ], [ -9.115214297068707, 42.759993784311433 ], [ -9.13545639030003, 42.789075073992805 ], [ -9.151200240591059, 42.798768837219924 ], [ -9.115214297068707, 42.810078227651566 ], [ -9.106217811188118, 42.82300324528773 ], [ -9.112965175598561, 42.842390771741975 ], [ -9.12870902588959, 42.844006398946497 ], [ -9.148951119120913, 42.874703315832384 ], [ -9.139954633240324, 42.895706469491152 ], [ -9.126459904419443, 42.905400232718272 ], [ -9.137705511770177, 42.910247114331838 ], [ -9.160196726471648, 42.911862741536353 ], [ -9.173691455292529, 42.944175285626763 ], [ -9.191684427053707, 42.950637794444845 ], [ -9.182687941173118, 42.916709623149913 ], [ -9.209677398814883, 42.916709623149913 ], [ -9.216424763225323, 42.934481522399643 ], [ -9.220923006165616, 42.94255965842224 ], [ -9.234417734986499, 42.926403386377039 ], [ -9.259158071158117, 42.923172131968002 ], [ -9.270403678508851, 42.879550197445944 ], [ -9.281649285859586, 42.89409084228663 ], [ -9.274901921449146, 42.905400232718272 ], [ -9.297393136150616, 42.92155650476348 ], [ -9.283898407329733, 42.953869048853889 ], [ -9.261407192628264, 42.976487829717172 ], [ -9.256908949687968, 43.002337864989499 ], [ -9.274901921449146, 43.008800373807581 ], [ -9.288396650270027, 43.044344172307035 ], [ -9.261407192628264, 43.049191053920595 ], [ -9.250161585277528, 43.06857858037484 ], [ -9.256908949687968, 43.091197361238123 ], [ -9.243414220867088, 43.084734852420041 ], [ -9.216424763225323, 43.104122378874287 ], [ -9.198431791464147, 43.104122378874287 ], [ -9.193933548523853, 43.091197361238123 ], [ -9.169193212352235, 43.104122378874287 ], [ -9.157947605001501, 43.126741159737577 ], [ -9.169193212352235, 43.147744313396345 ], [ -9.182687941173118, 43.123509905328532 ], [ -9.205179155874587, 43.129972414146614 ], [ -9.211926520285029, 43.159053703827986 ], [ -9.198431791464147, 43.15420682221442 ], [ -9.180438819702971, 43.167131839850583 ], [ -9.173691455292529, 43.191366247918396 ], [ -9.166944090882089, 43.183288111895791 ], [ -9.151200240591059, 43.192981875122911 ], [ -9.115214297068707, 43.194597502327433 ], [ -9.081477475016502, 43.181672484691269 ], [ -9.076979232076209, 43.181672484691269 ], [ -9.058986260315033, 43.184903739100314 ], [ -9.002758223561356, 43.228525673622364 ], [ -8.991512616210622, 43.218831910395238 ], [ -8.980267008859887, 43.228525673622364 ], [ -8.942031943867388, 43.226910046417842 ], [ -8.953277551218122, 43.259222590508251 ], [ -8.97801788738974, 43.264069472121818 ], [ -8.991512616210622, 43.273763235348937 ], [ -8.957775794158417, 43.293150761803183 ], [ -8.937533700927093, 43.289919507394139 ], [ -8.906046000345034, 43.294766389007705 ], [ -8.906046000345034, 43.306075779439347 ], [ -8.910544243285329, 43.322232051484548 ], [ -8.874558299762977, 43.322232051484548 ], [ -8.858814449471948, 43.317385169870988 ], [ -8.847568842121213, 43.336772696325234 ], [ -8.831824991830183, 43.344850832347838 ], [ -8.825077627419743, 43.32869456030263 ], [ -8.807084655658567, 43.327078933098107 ], [ -8.802586412718272, 43.314153915461944 ], [ -8.771098712136213, 43.299613270621265 ], [ -8.730614525673568, 43.29638201621222 ], [ -8.712621553912392, 43.289919507394139 ], [ -8.642898788337835, 43.306075779439347 ], [ -8.624905816576659, 43.315769542666466 ], [ -8.5934181159946, 43.320616424280033 ], [ -8.586670751584158, 43.315769542666466 ], [ -8.552933929531953, 43.310922661052906 ], [ -8.530442714830484, 43.317385169870988 ], [ -8.498955014248425, 43.348082086756875 ], [ -8.519197107479748, 43.354544595574957 ], [ -8.485460285427543, 43.361007104393039 ], [ -8.469716435136514, 43.357775849984002 ], [ -8.44272697749475, 43.380394630847285 ], [ -8.40449191250225, 43.373932122029203 ], [ -8.406741033972398, 43.388472766869889 ], [ -8.386498940741074, 43.369085240415643 ], [ -8.40449191250225, 43.364238358802083 ], [ -8.384249819270927, 43.352928968370435 ], [ -8.384249819270927, 43.340003950734271 ], [ -8.348263875748575, 43.34646645955236 ], [ -8.339267389867986, 43.382010258051807 ], [ -8.355011240159016, 43.380394630847285 ], [ -8.350512997218722, 43.396550902892493 ], [ -8.305530567815781, 43.40462903891509 ], [ -8.296534081935194, 43.386857139665366 ], [ -8.267295502823282, 43.385241512460851 ], [ -8.244804288121813, 43.348082086756875 ], [ -8.208818344599461, 43.327078933098107 ] ] ], [ [ [ -9.011754709441945, 42.46433400588419 ], [ -9.016252952382239, 42.485337159542958 ], [ -8.998259980621063, 42.46918088749775 ], [ -9.011754709441945, 42.46433400588419 ] ] ] ] } },
{ "type": "Feature", "properties": { "name": "Lugo", "id": 27 }, "geometry": { "type": "MultiPolygon", "coordinates": [ [ [ [ -7.749997564689469, 43.556497996140017 ], [ -7.747748443219322, 43.577501149798778 ], [ -7.718509864107411, 43.583963658616867 ], [ -7.725257228517853, 43.613044948298231 ], [ -7.732004592928293, 43.616276202707269 ], [ -7.716260742637264, 43.646973119593156 ], [ -7.693769527935794, 43.648588746797685 ], [ -7.691520406465647, 43.658282510024804 ], [ -7.718509864107411, 43.687363799706176 ], [ -7.702766013816381, 43.685748172501647 ], [ -7.707264256756677, 43.709982580569459 ], [ -7.693769527935794, 43.716445089387541 ], [ -7.700516892346235, 43.735832615841787 ], [ -7.682523920585059, 43.729370107023705 ], [ -7.673527434704472, 43.747142006273428 ], [ -7.651036220003, 43.743910751864391 ], [ -7.637541491182118, 43.75360451509151 ], [ -7.630794126771677, 43.722907598205623 ], [ -7.608302912070208, 43.719676343796579 ], [ -7.610552033540355, 43.698673190137811 ], [ -7.612801155010501, 43.674438782070013 ], [ -7.597057304719472, 43.674438782070013 ], [ -7.57681521148815, 43.692210681319736 ], [ -7.58356257589859, 43.711598207773974 ], [ -7.574566090018003, 43.711598207773974 ], [ -7.552074875316531, 43.716445089387541 ], [ -7.556573118256827, 43.729370107023705 ], [ -7.525085417674768, 43.737448243046302 ], [ -7.513839810324033, 43.722907598205623 ], [ -7.49359771709271, 43.727754479819183 ], [ -7.466608259450945, 43.722907598205623 ], [ -7.471106502391239, 43.706751326160415 ], [ -7.408131101227124, 43.688979426910691 ], [ -7.376643400645065, 43.674438782070013 ], [ -7.356401307413742, 43.671207527660968 ], [ -7.345155700063007, 43.642126237979596 ], [ -7.297924149189919, 43.603351185071105 ], [ -7.293425906249626, 43.593657421843986 ], [ -7.246194355376538, 43.57426989538974 ], [ -7.261938205667567, 43.55165111452645 ], [ -7.243945233906391, 43.55165111452645 ], [ -7.237197869495949, 43.569423013776181 ], [ -7.178720711272128, 43.561344877753577 ], [ -7.165225982451245, 43.554882368935495 ], [ -7.115745310108011, 43.561344877753577 ], [ -7.088755852466248, 43.554882368935495 ], [ -7.06401551629463, 43.558113623344539 ], [ -7.032527815712571, 43.545188605708375 ], [ -7.046022544533454, 43.508029180004399 ], [ -7.046022544533454, 43.477332263118512 ], [ -7.057268151884189, 43.472485381504953 ], [ -7.079759366585659, 43.461175991073311 ], [ -7.104499702757275, 43.42724781977838 ], [ -7.126990917458746, 43.424016565369342 ], [ -7.142734767749776, 43.430479074187417 ], [ -7.171973346861687, 43.430479074187417 ], [ -7.169724225391539, 43.407860293324134 ], [ -7.180969832742274, 43.396550902892493 ], [ -7.158478618040805, 43.373932122029203 ], [ -7.133738281869187, 43.377163376438247 ], [ -7.126990917458746, 43.372316494824688 ], [ -7.13148916039904, 43.330310187507152 ], [ -7.115745310108011, 43.327078933098107 ], [ -7.097752338346835, 43.30122889782578 ], [ -7.086506730996099, 43.299613270621265 ], [ -7.059517273354336, 43.306075779439347 ], [ -7.07076288070507, 43.267300726530856 ], [ -7.061766394824483, 43.244681945667566 ], [ -7.019033086891689, 43.213985028781678 ], [ -7.010036601011102, 43.223678792008805 ], [ -6.992043629249926, 43.209138147168119 ], [ -6.971801536018603, 43.204291265554559 ], [ -6.965054171608161, 43.189750620713873 ], [ -6.98079802189919, 43.167131839850583 ], [ -6.958306807197721, 43.136434922964696 ], [ -6.938064713966398, 43.133203668555659 ], [ -6.902078770444044, 43.155822449418942 ], [ -6.886334920153015, 43.157438076623464 ], [ -6.875089312802281, 43.186519366304836 ], [ -6.839103369279929, 43.165516212646068 ], [ -6.821110397518753, 43.142897431782778 ], [ -6.827857761929193, 43.123509905328532 ], [ -6.841352490750076, 43.115431769305928 ], [ -6.870591069861986, 43.091197361238123 ], [ -6.895331406033604, 43.091197361238123 ], [ -6.915573499264926, 43.0734254619884 ], [ -6.938064713966398, 43.086350479624564 ], [ -6.949310321317132, 43.06857858037484 ], [ -6.967303293078308, 43.060500444352236 ], [ -6.971801536018603, 43.029803527466349 ], [ -6.983047143369337, 43.041112917897991 ], [ -6.996541872190219, 43.020109764239223 ], [ -6.962805050138014, 42.991028474557858 ], [ -6.965054171608161, 43.026572273057312 ], [ -6.947061199846985, 43.033034781875386 ], [ -6.940313835436545, 43.012031628216626 ], [ -6.908826134854486, 42.989412847353336 ], [ -6.881836677212721, 42.991028474557858 ], [ -6.83685424780978, 42.957100303262926 ], [ -6.841352490750076, 42.928019013581562 ], [ -6.8233595189889, 42.915093995945398 ], [ -6.834605126339634, 42.903784605513749 ], [ -6.821110397518753, 42.868240807014303 ], [ -6.834605126339634, 42.882781451854989 ], [ -6.870591069861986, 42.873087688627862 ], [ -6.859345462511252, 42.848853280560057 ], [ -6.841352490750076, 42.832697008514856 ], [ -6.854847219570958, 42.810078227651566 ], [ -6.866092826921692, 42.803615718833484 ], [ -6.868341948391839, 42.787459446788283 ], [ -6.89083316309331, 42.777765683561157 ], [ -6.904327891914191, 42.759993784311433 ], [ -6.935815592496249, 42.740606257857188 ], [ -6.956057685727574, 42.755146902697874 ], [ -6.971801536018603, 42.73737500344815 ], [ -6.969552414548454, 42.729296867425546 ], [ -6.989794507779779, 42.726065613016502 ], [ -7.014534843951395, 42.722834358607464 ], [ -7.046022544533454, 42.695368696130615 ], [ -7.014534843951395, 42.664671779244728 ], [ -7.021282208361837, 42.651746761608564 ], [ -7.00328923660066, 42.64366862558596 ], [ -7.016783965421542, 42.645284252790482 ], [ -7.046022544533454, 42.632359235154318 ], [ -7.0482716660036, 42.625896726336236 ], [ -7.050520787473747, 42.598431063859387 ], [ -7.034776937182718, 42.587121673427745 ], [ -7.061766394824483, 42.553193502132814 ], [ -7.07076288070507, 42.538652857292135 ], [ -7.059517273354336, 42.530574721269531 ], [ -7.077510245115512, 42.507955940406241 ], [ -7.100001459816982, 42.457871497066108 ], [ -7.120243553048304, 42.451408988248026 ], [ -7.151731253630363, 42.432021461793781 ], [ -7.147233010690069, 42.422327698566662 ], [ -7.165225982451245, 42.404555799316931 ], [ -7.167475103921392, 42.39324640888529 ], [ -7.196713683033304, 42.352855728772283 ], [ -7.19896280450345, 42.333468202318031 ], [ -7.203461047443744, 42.325390066295434 ], [ -7.230450505085509, 42.359318237590358 ], [ -7.216955776264626, 42.385168272862686 ], [ -7.248443476846685, 42.390015154476245 ], [ -7.255190841257127, 42.399708917703371 ], [ -7.268685570078008, 42.414249562544057 ], [ -7.291176784779479, 42.414249562544057 ], [ -7.306920635070508, 42.428790207384736 ], [ -7.345155700063007, 42.430405834589259 ], [ -7.369896036234623, 42.420712071362139 ], [ -7.387889007995799, 42.433637088998303 ], [ -7.403632858286828, 42.430405834589259 ], [ -7.412629344167417, 42.425558952975699 ], [ -7.435120558868887, 42.415865189748573 ], [ -7.448615287689769, 42.407787053725976 ], [ -7.448615287689769, 42.407787053725976 ], [ -7.462110016510652, 42.407787053725976 ], [ -7.50034508150315, 42.38839952727173 ], [ -7.536331025025502, 42.38355264565817 ], [ -7.57681521148815, 42.404555799316931 ], [ -7.617299397950795, 42.38355264565817 ], [ -7.633043248241824, 42.407787053725976 ], [ -7.662281827353736, 42.422327698566662 ], [ -7.682523920585059, 42.422327698566662 ], [ -7.700516892346235, 42.432021461793781 ], [ -7.71176249969697, 42.451408988248026 ], [ -7.729755471458146, 42.454640242657064 ], [ -7.732004592928293, 42.454640242657064 ], [ -7.752246686159616, 42.451408988248026 ], [ -7.776987022331234, 42.461102751475153 ], [ -7.781485265271527, 42.472412141906794 ], [ -7.747748443219322, 42.480490277929391 ], [ -7.77248877939094, 42.495030922770077 ], [ -7.799478237032703, 42.480490277929391 ], [ -7.828716816144615, 42.493415295565555 ], [ -7.842211544965497, 42.490184041156517 ], [ -7.875948367017703, 42.511187194815285 ], [ -7.914183432010201, 42.507955940406241 ], [ -7.900688703189319, 42.520880958042405 ], [ -7.92317991789079, 42.525727839655971 ], [ -7.889443095838585, 42.538652857292135 ], [ -7.889443095838585, 42.549962247723776 ], [ -7.911934310540055, 42.556424756541858 ], [ -7.929927282301231, 42.579043537405141 ], [ -7.911934310540055, 42.591968555041305 ], [ -7.905186946129612, 42.609740454291028 ], [ -7.891692217308732, 42.629127980745274 ], [ -7.887193974368436, 42.661440524835683 ], [ -7.891692217308732, 42.677596796880891 ], [ -7.873699245547556, 42.688906187312533 ], [ -7.86245363819682, 42.706678086562256 ], [ -7.866951881137114, 42.721218731402942 ], [ -7.934425525241524, 42.738990630652665 ], [ -7.981657076114612, 42.787459446788283 ], [ -7.979407954644465, 42.811693854856088 ], [ -7.956916739942995, 42.839159517332931 ], [ -7.968162347293729, 42.848853280560057 ], [ -7.983906197584759, 42.842390771741975 ], [ -7.999650047875788, 42.848853280560057 ], [ -7.977158833174318, 42.877934570241422 ], [ -7.963664104353436, 42.879550197445944 ], [ -7.934425525241524, 42.903784605513749 ], [ -7.943422011122113, 42.916709623149913 ], [ -7.916432553480348, 42.932865895195121 ], [ -7.907436067599761, 42.976487829717172 ], [ -7.905186946129612, 42.986181592944298 ], [ -7.927678160831084, 43.033034781875386 ], [ -7.943422011122113, 43.066962953170318 ], [ -7.918681674950495, 43.092812988442645 ], [ -7.936674646711671, 43.112200514896891 ], [ -7.941172889651966, 43.129972414146614 ], [ -7.959165861413142, 43.183288111895791 ], [ -7.961414982883289, 43.189750620713873 ], [ -7.932176403771377, 43.24306631846305 ], [ -7.920930796420642, 43.268916353735378 ], [ -7.947920254062407, 43.286688252985101 ], [ -7.887193974368436, 43.336772696325234 ], [ -7.88494485289829, 43.375547749233725 ], [ -7.898439581719172, 43.386857139665366 ], [ -7.882695731428143, 43.407860293324134 ], [ -7.824218573204321, 43.401397784506052 ], [ -7.806225601443145, 43.42724781977838 ], [ -7.806225601443145, 43.436941583005506 ], [ -7.783734386741674, 43.446635346232625 ], [ -7.767990536450645, 43.487026026345639 ], [ -7.747748443219322, 43.508029180004399 ], [ -7.743250200279029, 43.525801079254123 ], [ -7.754495807629763, 43.554882368935495 ], [ -7.749997564689469, 43.556497996140017 ] ] ] ] } },
{ "type": "Feature", "properties": { "name": "Pontevedra", "id": 36 }, "geometry": { "type": "MultiPolygon", "coordinates": [ [ [ [ -8.804835534188419, 42.501493431588159 ], [ -8.804835534188419, 42.501493431588159 ], [ -8.818330263009301, 42.501493431588159 ], [ -8.813832020069007, 42.528959094065009 ], [ -8.825077627419743, 42.530574721269531 ], [ -8.836323234770477, 42.551577874928299 ], [ -8.829575870360037, 42.575812282996104 ], [ -8.800337291248125, 42.582274791814186 ], [ -8.768849590666067, 42.606509199881991 ], [ -8.777846076546655, 42.614587335904588 ], [ -8.746358375964597, 42.64366862558596 ], [ -8.728365404203421, 42.666287406449243 ], [ -8.726116282733274, 42.687290560108011 ], [ -8.726116282733274, 42.688906187312533 ], [ -8.726116282733274, 42.688906187312533 ], [ -8.717119796852685, 42.706678086562256 ], [ -8.678884731860187, 42.711524968175823 ], [ -8.672137367449745, 42.717987476993898 ], [ -8.665390003039304, 42.71960310419842 ], [ -8.649646152748275, 42.726065613016502 ], [ -8.606912844815483, 42.71475622258486 ], [ -8.600165480405041, 42.743837512266225 ], [ -8.570926901293129, 42.74222188506171 ], [ -8.559681293942395, 42.755146902697874 ], [ -8.507951500129014, 42.756762529902389 ], [ -8.47196555660666, 42.743837512266225 ], [ -8.431481370144015, 42.745453139470747 ], [ -8.406741033972398, 42.756762529902389 ], [ -8.415737519852986, 42.764840665924993 ], [ -8.393246305151516, 42.789075073992805 ], [ -8.357260361629164, 42.780996937970201 ], [ -8.348263875748575, 42.784228192379238 ], [ -8.332520025457546, 42.802000091628969 ], [ -8.332520025457546, 42.829465754105811 ], [ -8.346014754278428, 42.832697008514856 ], [ -8.316776175166517, 42.84562202615102 ], [ -8.298783203405341, 42.819771990878692 ], [ -8.274042867233725, 42.813309482060603 ], [ -8.276291988703871, 42.821387618083207 ], [ -8.2538007740024, 42.835928262923893 ], [ -8.211067466069608, 42.82300324528773 ], [ -8.215565709009901, 42.84562202615102 ], [ -8.206569223129314, 42.842390771741975 ], [ -8.175081522547256, 42.858547043787183 ], [ -8.139095579024902, 42.844006398946497 ], [ -8.118853485793579, 42.842390771741975 ], [ -8.089614906681669, 42.853700162173617 ], [ -8.071621934920492, 42.852084534969094 ], [ -8.062625449039905, 42.835928262923893 ], [ -8.044632477278729, 42.832697008514856 ], [ -8.026639505517553, 42.847237653355535 ], [ -7.999650047875788, 42.848853280560057 ], [ -7.983906197584759, 42.842390771741975 ], [ -7.968162347293729, 42.848853280560057 ], [ -7.956916739942995, 42.839159517332931 ], [ -7.979407954644465, 42.811693854856088 ], [ -7.981657076114612, 42.787459446788283 ], [ -7.934425525241524, 42.738990630652665 ], [ -7.866951881137114, 42.721218731402942 ], [ -7.86245363819682, 42.706678086562256 ], [ -7.873699245547556, 42.688906187312533 ], [ -7.891692217308732, 42.677596796880891 ], [ -7.887193974368436, 42.661440524835683 ], [ -7.891692217308732, 42.629127980745274 ], [ -7.905186946129612, 42.609740454291028 ], [ -7.911934310540055, 42.591968555041305 ], [ -7.929927282301231, 42.579043537405141 ], [ -7.950169375532553, 42.570965401382537 ], [ -7.965913225823583, 42.566118519768978 ], [ -7.986155319054905, 42.570965401382537 ], [ -7.988404440525052, 42.572581028587059 ], [ -8.017643019636964, 42.541884111701172 ], [ -8.049130720219022, 42.554809129337336 ], [ -8.060376327569758, 42.548346620519254 ], [ -8.091864028151816, 42.556424756541858 ], [ -8.112106121383139, 42.556424756541858 ], [ -8.145842943435344, 42.548346620519254 ], [ -8.172832401077109, 42.572581028587059 ], [ -8.217814830480048, 42.533805975678568 ], [ -8.235807802241224, 42.538652857292135 ], [ -8.271793745763576, 42.520880958042405 ], [ -8.303281446345634, 42.490184041156517 ], [ -8.341516511338135, 42.49179966836104 ], [ -8.352762118688869, 42.480490277929391 ], [ -8.366256847509751, 42.48695278674748 ], [ -8.341516511338135, 42.465949633088712 ], [ -8.339267389867986, 42.453024615452549 ], [ -8.339267389867986, 42.433637088998303 ], [ -8.31452705369637, 42.380321391249126 ], [ -8.323523539576959, 42.36578074640844 ], [ -8.325772661047106, 42.349624474363239 ], [ -8.312277932226223, 42.343161965545157 ], [ -8.285288474584458, 42.318927557477352 ], [ -8.262797259882989, 42.315696303068307 ], [ -8.271793745763576, 42.281768131773376 ], [ -8.265046381353136, 42.252686842092011 ], [ -8.222313073420342, 42.233299315637765 ], [ -8.204320101659166, 42.244608706069407 ], [ -8.184078008427843, 42.242993078864885 ], [ -8.161586793726373, 42.244608706069407 ], [ -8.166085036666667, 42.220374298001602 ], [ -8.190825372838285, 42.212296161978998 ], [ -8.175081522547256, 42.204218025956393 ], [ -8.175081522547256, 42.184830499502155 ], [ -8.161586793726373, 42.181599245093111 ], [ -8.166085036666667, 42.173521109070506 ], [ -8.181828886957696, 42.157364837025305 ], [ -8.197572737248725, 42.154133582616261 ], [ -8.22456219489049, 42.1331304289575 ], [ -8.256049895472547, 42.134746056162015 ], [ -8.303281446345634, 42.104049139276128 ], [ -8.323523539576959, 42.100817884867091 ], [ -8.332520025457546, 42.08304598561736 ], [ -8.370755090450045, 42.087892867230927 ], [ -8.38200069780078, 42.076583476799286 ], [ -8.40449191250225, 42.079814731208323 ], [ -8.431481370144015, 42.073352222390241 ], [ -8.453972584845484, 42.081430358412845 ], [ -8.523695350420043, 42.078199104003801 ], [ -8.523695350420043, 42.063658459163122 ], [ -8.5551830510021, 42.052349068731473 ], [ -8.5934181159946, 42.057195950345033 ], [ -8.629404059516952, 42.050733441526958 ], [ -8.658642638628864, 42.02973028786819 ], [ -8.658642638628864, 42.021652151845586 ], [ -8.660891760099011, 42.003880252595863 ], [ -8.67663561039004, 41.992570862164214 ], [ -8.714870675382539, 41.979645844528051 ], [ -8.74410925449445, 41.965105199687372 ], [ -8.748607497434744, 41.942486418824082 ], [ -8.771098712136213, 41.924714519574358 ], [ -8.829575870360037, 41.898864484302031 ], [ -8.8565653280018, 41.874630076234226 ], [ -8.872309178292829, 41.869783194620666 ], [ -8.881305664173418, 41.88270821225683 ], [ -8.874558299762977, 41.898864484302031 ], [ -8.885803907113711, 41.916636383551754 ], [ -8.885803907113711, 41.942486418824082 ], [ -8.885803907113711, 41.960258318073812 ], [ -8.881305664173418, 42.003880252595863 ], [ -8.888053028583858, 42.015189643027504 ], [ -8.885803907113711, 42.050733441526958 ], [ -8.897049514464447, 42.066889713572159 ], [ -8.892551271524153, 42.08304598561736 ], [ -8.899298635934594, 42.104049139276128 ], [ -8.863312692412242, 42.121821038525852 ], [ -8.83407411330033, 42.112127275298732 ], [ -8.825077627419743, 42.118589784116814 ], [ -8.822828505949595, 42.142824192184619 ], [ -8.849817963591359, 42.149286701002701 ], [ -8.818330263009301, 42.165442973047902 ], [ -8.816081141539154, 42.188061753911192 ], [ -8.780095198016802, 42.204218025956393 ], [ -8.764351347725773, 42.230068061228721 ], [ -8.739611011554155, 42.226836806819684 ], [ -8.726116282733274, 42.242993078864885 ], [ -8.712621553912392, 42.24137745166037 ], [ -8.703625068031803, 42.259149350910093 ], [ -8.67663561039004, 42.263996232523652 ], [ -8.667639124509451, 42.278536877364338 ], [ -8.647397031278128, 42.28984626779598 ], [ -8.629404059516952, 42.28499938618242 ], [ -8.613660209225923, 42.297924403818584 ], [ -8.62265669510651, 42.309233794250225 ], [ -8.613660209225923, 42.330236947908993 ], [ -8.611411087755776, 42.344777592749679 ], [ -8.618158452166217, 42.349624474363239 ], [ -8.636151423927393, 42.348008847158717 ], [ -8.636151423927393, 42.327005693499956 ], [ -8.663140881569158, 42.310849421454748 ], [ -8.658642638628864, 42.291461895000502 ], [ -8.690130339210922, 42.280152504568861 ], [ -8.712621553912392, 42.278536877364338 ], [ -8.719368918322832, 42.28984626779598 ], [ -8.75985310478548, 42.262380605319137 ], [ -8.784593440957096, 42.262380605319137 ], [ -8.789091683897389, 42.247839960478451 ], [ -8.816081141539154, 42.259149350910093 ], [ -8.825077627419743, 42.251071214887489 ], [ -8.863312692412242, 42.268843114137212 ], [ -8.858814449471948, 42.304386912636666 ], [ -8.822828505949595, 42.275305622955301 ], [ -8.818330263009301, 42.302771285432144 ], [ -8.83407411330033, 42.341546338340635 ], [ -8.800337291248125, 42.338315083931597 ], [ -8.791340805367538, 42.327005693499956 ], [ -8.753105740375037, 42.343161965545157 ], [ -8.739611011554155, 42.373858882431044 ], [ -8.70587418950195, 42.398093290498849 ], [ -8.692379460681069, 42.399708917703371 ], [ -8.654144395688569, 42.433637088998303 ], [ -8.681133853330333, 42.420712071362139 ], [ -8.690130339210922, 42.438483970611863 ], [ -8.712621553912392, 42.422327698566662 ], [ -8.757603983315333, 42.401324544907894 ], [ -8.771098712136213, 42.390015154476245 ], [ -8.816081141539154, 42.399708917703371 ], [ -8.838572356240624, 42.38355264565817 ], [ -8.865561813882389, 42.411018308135013 ], [ -8.881305664173418, 42.415865189748573 ], [ -8.872309178292829, 42.438483970611863 ], [ -8.883554785643565, 42.454640242657064 ], [ -8.942031943867388, 42.46433400588419 ], [ -8.933035457986799, 42.478874650724876 ], [ -8.912793364755476, 42.475643396315832 ], [ -8.890302150054005, 42.482105905133913 ], [ -8.881305664173418, 42.499877804383644 ], [ -8.863312692412242, 42.498262177179122 ], [ -8.8565653280018, 42.472412141906794 ], [ -8.872309178292829, 42.461102751475153 ], [ -8.870060056822682, 42.448177733838989 ], [ -8.847568842121213, 42.456255869861586 ], [ -8.822828505949595, 42.453024615452549 ], [ -8.820579384479448, 42.45948712427063 ], [ -8.829575870360037, 42.470796514702272 ], [ -8.825077627419743, 42.495030922770077 ], [ -8.804835534188419, 42.501493431588159 ] ] ], [ [ [ -8.915042486225623, 42.212296161978998 ], [ -8.903796878874887, 42.242993078864885 ], [ -8.899298635934594, 42.217143043592557 ], [ -8.915042486225623, 42.212296161978998 ] ] ], [ [ [ -8.872309178292829, 42.524112212451449 ], [ -8.881305664173418, 42.533805975678568 ], [ -8.870060056822682, 42.556424756541858 ], [ -8.888053028583858, 42.5677341469735 ], [ -8.876807421233124, 42.574196655791582 ], [ -8.858814449471948, 42.558040383746373 ], [ -8.872309178292829, 42.524112212451449 ] ] ], [ [ [ -8.939782822397239, 42.356086983181321 ], [ -8.944281065337535, 42.380321391249126 ], [ -8.926288093576359, 42.390015154476245 ], [ -8.939782822397239, 42.356086983181321 ] ] ] ] } },
{ "type": "Feature", "properties": { "name": "Madrid", "id": 28 }, "geometry": { "type": "MultiPolygon", "coordinates": [ [ [ [ -3.613863181089108, 41.149213461404543 ], [ -3.58237548050705, 41.162138479040706 ], [ -3.539642172574258, 41.165369733449751 ], [ -3.541891294044405, 41.149213461404543 ], [ -3.510403593462346, 41.137904070972901 ], [ -3.487912378760877, 41.10397589967797 ], [ -3.474417649939994, 41.095897763655366 ], [ -3.447428192298229, 41.08135711881468 ], [ -3.427186099066907, 41.082972746019202 ], [ -3.427186099066907, 41.065200846769478 ], [ -3.438431706417642, 41.042582065906188 ], [ -3.406944005835584, 41.015116403429346 ], [ -3.393449277014701, 41.00057575858866 ], [ -3.418189613186319, 40.987650740952496 ], [ -3.418189613186319, 40.974725723316332 ], [ -3.422687856126613, 40.966647587293735 ], [ -3.451926435238525, 40.913331889544558 ], [ -3.458673799648965, 40.89717561749935 ], [ -3.440680827887789, 40.881019345454149 ], [ -3.472168528469847, 40.864863073408941 ], [ -3.469919406999701, 40.851938055772777 ], [ -3.476666771410141, 40.82608802050045 ], [ -3.501407107581759, 40.797006730819085 ], [ -3.512652714932493, 40.788928594796481 ], [ -3.49915798611161, 40.788928594796481 ], [ -3.467670285529554, 40.784081713182921 ], [ -3.447428192298229, 40.764694186728676 ], [ -3.451926435238525, 40.738844151456348 ], [ -3.449677313768376, 40.732381642638266 ], [ -3.438431706417642, 40.735612897047304 ], [ -3.436182584947495, 40.72268787941114 ], [ -3.467670285529554, 40.690375335320738 ], [ -3.427186099066907, 40.672603436071007 ], [ -3.42493697759676, 40.682297199298134 ], [ -3.404694884365437, 40.66937218166197 ], [ -3.400196641425143, 40.691990962525253 ], [ -3.382203669663966, 40.683912826502649 ], [ -3.375456305253525, 40.680681572093611 ], [ -3.366459819372938, 40.651600282412247 ], [ -3.328224754380438, 40.640290891980598 ], [ -3.316979147029704, 40.654831536821284 ], [ -3.323726511440144, 40.628981501548957 ], [ -3.337221240261027, 40.625750247139919 ], [ -3.321477389969997, 40.611209602299233 ], [ -3.330473875850585, 40.601515839072107 ], [ -3.316979147029704, 40.583743939822384 ], [ -3.287740567917792, 40.572434549390742 ], [ -3.283242324977499, 40.551431395731974 ], [ -3.289989689387939, 40.532043869277729 ], [ -3.25175462439544, 40.541737632504848 ], [ -3.231512531164116, 40.540122005300333 ], [ -3.222516045283529, 40.525581360459647 ], [ -3.200024830582059, 40.514271970028005 ], [ -3.202273952052206, 40.498115697982797 ], [ -3.195526587641764, 40.478728171528559 ], [ -3.197775709111911, 40.441568745824583 ], [ -3.155042401179118, 40.439953118620068 ], [ -3.141547672358236, 40.412487456143218 ], [ -3.1303020650075, 40.404409320120614 ], [ -3.150544158238825, 40.373712403234727 ], [ -3.143796793828383, 40.357556131189519 ], [ -3.150544158238825, 40.334937350326236 ], [ -3.179782737350735, 40.313934196667468 ], [ -3.182031858820881, 40.304240433440341 ], [ -3.179782737350735, 40.301009179031304 ], [ -3.18428098029103, 40.270312262145417 ], [ -3.197775709111911, 40.257387244509253 ], [ -3.195526587641764, 40.247693481282127 ], [ -3.173035372940294, 40.234768463645963 ], [ -3.152793279708971, 40.263849753327335 ], [ -3.112309093246324, 40.284852906986103 ], [ -3.110059971776177, 40.284852906986103 ], [ -3.087568757074708, 40.246077854077612 ], [ -3.078572271194119, 40.208918428373636 ], [ -3.087568757074708, 40.200840292351039 ], [ -3.078572271194119, 40.166912121056107 ], [ -3.067326663843385, 40.157218357828981 ], [ -3.089817878544855, 40.16368086664707 ], [ -3.096565242955295, 40.142677712988302 ], [ -3.078572271194119, 40.13621520417022 ], [ -3.053831935022503, 40.099055778466251 ], [ -3.094316121485148, 40.068358861580364 ], [ -3.119056457656766, 40.061896352762275 ], [ -3.161789765589559, 40.06512760717132 ], [ -3.166288008529854, 40.090977642443647 ], [ -3.188779223231323, 40.082899506421043 ], [ -3.202273952052206, 40.066743234375842 ], [ -3.242758138514851, 40.053818216739678 ], [ -3.285491446447645, 40.052202589535156 ], [ -3.292238810858086, 40.052202589535156 ], [ -3.303484418208821, 40.053818216739678 ], [ -3.328224754380438, 40.079668252011999 ], [ -3.343968604671467, 40.079668252011999 ], [ -3.377705426723672, 40.074821370398439 ], [ -3.377705426723672, 40.050586962330634 ], [ -3.395698398484848, 40.036046317489948 ], [ -3.42493697759676, 40.047355707921596 ], [ -3.447428192298229, 40.039277571898992 ], [ -3.449677313768376, 40.048971335126112 ], [ -3.472168528469847, 40.042508826308037 ], [ -3.512652714932493, 40.044124453512552 ], [ -3.51490183640264, 40.044124453512552 ], [ -3.517150957872788, 40.036046317489948 ], [ -3.519400079342935, 40.021505672649269 ], [ -3.550887779924993, 40.018274418240225 ], [ -3.589122844917492, 40.013427536626665 ], [ -3.593621087857786, 40.002118146195023 ], [ -3.616112302559255, 39.994040010172419 ], [ -3.638603517260727, 39.987577501354338 ], [ -3.629607031380138, 39.968189974900092 ], [ -3.66559297490249, 39.963343093286532 ], [ -3.697080675484548, 39.947186821241324 ], [ -3.71057540430543, 39.955264957263928 ], [ -3.744312226357636, 39.940724312423242 ], [ -3.760056076648665, 39.919721158764474 ], [ -3.778049048409841, 39.911643022741877 ], [ -3.805038506051606, 39.884177360265028 ], [ -3.814034991932193, 39.88579298746955 ], [ -3.834277085163517, 39.900333632310236 ], [ -3.874761271626163, 39.910027395537355 ], [ -3.865764785745574, 39.931030549196123 ], [ -3.823031477812782, 39.947186821241324 ], [ -3.809536748991899, 39.953649330059406 ], [ -3.78704553429043, 39.943955566832287 ], [ -3.78704553429043, 39.953649330059406 ], [ -3.757806955178518, 39.968189974900092 ], [ -3.735315740477049, 39.96172746608201 ], [ -3.746561347827782, 39.979499365331733 ], [ -3.715073647245724, 40.003733773399546 ], [ -3.699329796954695, 40.019890045444747 ], [ -3.679087703723372, 40.016658791035709 ], [ -3.667842096372638, 40.027968181467351 ], [ -3.652098246081609, 40.031199435876388 ], [ -3.638603517260727, 40.050586962330634 ], [ -3.622859666969697, 40.053818216739678 ], [ -3.609364938148815, 40.081283879216521 ], [ -3.607115816678668, 40.108749541693371 ], [ -3.656596489021902, 40.124905813738579 ], [ -3.667842096372638, 40.142677712988302 ], [ -3.683585946663667, 40.132983949761176 ], [ -3.712824525775577, 40.14106208578378 ], [ -3.717322768715873, 40.145908967397339 ], [ -3.742063104887489, 40.134599576965698 ], [ -3.7713016839994, 40.139446458579258 ], [ -3.800540263111312, 40.174990257078711 ], [ -3.807287627521752, 40.176605884283234 ], [ -3.807287627521752, 40.176605884283234 ], [ -3.841024449573958, 40.162065239442548 ], [ -3.85451917839484, 40.179837138692271 ], [ -3.87701039309631, 40.191146529123913 ], [ -3.883757757506752, 40.189530901919397 ], [ -3.915245458088808, 40.191146529123913 ], [ -3.926491065439544, 40.200840292351039 ], [ -3.93773667279028, 40.202455919555561 ], [ -3.951231401611162, 40.195993410737472 ], [ -3.955729644551456, 40.199224665146517 ], [ -3.953480523081309, 40.21214968278268 ], [ -3.991715588073808, 40.208918428373636 ], [ -4.025452410126013, 40.236384090850486 ], [ -4.023203288655866, 40.249309108486649 ], [ -4.052441867767778, 40.250924735691171 ], [ -4.079431325409541, 40.26708100773638 ], [ -4.104171661581159, 40.241230972464052 ], [ -4.131161119222922, 40.249309108486649 ], [ -4.144655848043804, 40.24446222687309 ], [ -4.144655848043804, 40.263849753327335 ], [ -4.167147062745274, 40.273543516554454 ], [ -4.171645305685569, 40.28808416139514 ], [ -4.191887398916892, 40.297777924622267 ], [ -4.203133006267628, 40.28808416139514 ], [ -4.203133006267628, 40.268696634940895 ], [ -4.225624220969097, 40.270312262145417 ], [ -4.232371585379537, 40.276774770963499 ], [ -4.24586631420042, 40.273543516554454 ], [ -4.270606650372038, 40.236384090850486 ], [ -4.295346986543654, 40.218612191600762 ], [ -4.311090836834683, 40.234768463645963 ], [ -4.322336444185419, 40.226690327623366 ], [ -4.349325901827182, 40.236384090850486 ], [ -4.344827658886889, 40.252540362895694 ], [ -4.356073266237624, 40.270312262145417 ], [ -4.356073266237624, 40.309087315053908 ], [ -4.380813602409241, 40.318781078281027 ], [ -4.383062723879387, 40.289699788599663 ], [ -4.43479251769277, 40.259002871713776 ], [ -4.437041639162917, 40.236384090850486 ], [ -4.473027582685269, 40.231537209236926 ], [ -4.497767918856885, 40.2218434460098 ], [ -4.51801001208821, 40.215380937191725 ], [ -4.522508255028503, 40.202455919555561 ], [ -4.549497712670266, 40.200840292351039 ], [ -4.574238048841885, 40.207302801169121 ], [ -4.578736291782178, 40.21699656439624 ], [ -4.565241562961296, 40.218612191600762 ], [ -4.558494198550855, 40.234768463645963 ], [ -4.569739805901591, 40.257387244509253 ], [ -4.556245077080709, 40.265465380531857 ], [ -4.556245077080709, 40.276774770963499 ], [ -4.529255619438944, 40.292931043008707 ], [ -4.544999469729973, 40.330090468712669 ], [ -4.54724859120012, 40.341399859144317 ], [ -4.527006497968797, 40.344631113553355 ], [ -4.504515283267327, 40.31554982387199 ], [ -4.473027582685269, 40.32039670548555 ], [ -4.455034610924093, 40.318781078281027 ], [ -4.452785489453946, 40.333321723121713 ], [ -4.461781975334533, 40.339784231939795 ], [ -4.439290760633064, 40.351093622371437 ], [ -4.441539882103211, 40.388253048075413 ], [ -4.421297788871888, 40.406024947325136 ], [ -4.398806574170417, 40.410871828938696 ], [ -4.320087322715272, 40.410871828938696 ], [ -4.324585565655566, 40.4189499649613 ], [ -4.338080294476448, 40.431874982597463 ], [ -4.324585565655566, 40.459340645074306 ], [ -4.317838201245126, 40.457725017869791 ], [ -4.326834687125713, 40.509425088414446 ], [ -4.322336444185419, 40.51750322443705 ], [ -4.324585565655566, 40.546584514118415 ], [ -4.288599622133214, 40.564356413368138 ], [ -4.279603136252625, 40.604747093481151 ], [ -4.288599622133214, 40.606362720685667 ], [ -4.290848743603361, 40.627365874344434 ], [ -4.270606650372038, 40.628981501548957 ], [ -4.261610164491449, 40.604747093481151 ], [ -4.214378613618361, 40.606362720685667 ], [ -4.160399698334833, 40.624134619935397 ], [ -4.173894427155716, 40.630597128753479 ], [ -4.167147062745274, 40.648369028003202 ], [ -4.171645305685569, 40.680681572093611 ], [ -4.160399698334833, 40.690375335320738 ], [ -4.144655848043804, 40.695222216934297 ], [ -4.126662876282628, 40.724303506615662 ], [ -4.110919025991599, 40.743691033069908 ], [ -4.097424297170717, 40.748537914683467 ], [ -4.097424297170717, 40.764694186728676 ], [ -4.070434839528954, 40.79377547641004 ], [ -4.020954167185719, 40.780850458773877 ], [ -4.007459438364837, 40.787312967591959 ], [ -4.002961195424543, 40.788928594796481 ], [ -3.980469980723072, 40.784081713182921 ], [ -3.978220859252925, 40.787312967591959 ], [ -3.980469980723072, 40.798622358023607 ], [ -3.962477008961896, 40.822856766091412 ], [ -3.964726130432043, 40.834166156523054 ], [ -3.946733158670867, 40.863247446204426 ], [ -3.94448403720072, 40.903638126317432 ], [ -3.93773667279028, 40.927872534385244 ], [ -3.919743701029104, 40.937566297612364 ], [ -3.903999850738074, 40.956953824066609 ], [ -3.899501607797779, 40.958569451271131 ], [ -3.890505121917192, 40.968263214498251 ], [ -3.881508636036603, 40.97311009611181 ], [ -3.879259514566456, 40.974725723316332 ], [ -3.870263028685869, 40.971494468907295 ], [ -3.845522692514251, 40.982803859338937 ], [ -3.829778842223222, 40.986035113747974 ], [ -3.809536748991899, 40.987650740952496 ], [ -3.780298169879988, 41.00057575858866 ], [ -3.7713016839994, 41.011885149020301 ], [ -3.766803441059107, 41.019963285042905 ], [ -3.755557833708371, 41.02804142106551 ], [ -3.739813983417342, 41.053891456337837 ], [ -3.721821011656166, 41.065200846769478 ], [ -3.715073647245724, 41.07166335558756 ], [ -3.706077161365137, 41.07651023720112 ], [ -3.688084189603961, 41.084588373223724 ], [ -3.676838582253225, 41.086204000428246 ], [ -3.652098246081609, 41.107207154087007 ], [ -3.645350881671167, 41.121747798927693 ], [ -3.634105274320433, 41.124979053336737 ], [ -3.620610545499551, 41.142750952586461 ], [ -3.613863181089108, 41.149213461404543 ] ], [ [ -3.370958062313232, 40.625750247139919 ], [ -3.379954548193819, 40.632212755957994 ], [ -3.382203669663966, 40.630597128753479 ], [ -3.370958062313232, 40.625750247139919 ] ] ], [ [ [ -4.275104893312331, 40.677450317684574 ], [ -4.254862800081009, 40.661294045639366 ], [ -4.257111921551155, 40.651600282412247 ], [ -4.288599622133214, 40.653215909616762 ], [ -4.320087322715272, 40.648369028003202 ], [ -4.315589079774977, 40.666140927252926 ], [ -4.284101379192919, 40.680681572093611 ], [ -4.275104893312331, 40.677450317684574 ] ] ] ] } },
{ "type": "Feature", "properties": { "name": "Murcia", "id": 30 }, "geometry": { "type": "MultiPolygon", "coordinates": [ [ [ [ -1.094847134524453, 38.438191012219221 ], [ -1.085850648643863, 38.428497248992102 ], [ -1.08809977011401, 38.367103415220328 ], [ -1.083601527173716, 38.34610026156156 ], [ -1.058861191002102, 38.34610026156156 ], [ -1.027373490420043, 38.338022125538956 ], [ -0.989138425427544, 38.320250226289232 ], [ -0.971145453666367, 38.289553309403345 ], [ -0.96889633219622, 38.255625138108414 ], [ -0.989138425427544, 38.199078185950199 ], [ -1.004882275718572, 38.17161252347335 ], [ -1.009380518658865, 38.16676564185979 ], [ -1.03636997630063, 38.137684352178418 ], [ -1.02962261189019, 38.115065571315135 ], [ -1.02287524747975, 38.076290518406644 ], [ -1.009380518658865, 38.060134246361436 ], [ -0.998134911308131, 38.052056110338839 ], [ -0.966647210726073, 38.013281057430348 ], [ -0.921664781323134, 37.947040342045007 ], [ -0.899173566621663, 37.922805933977202 ], [ -0.851942015748573, 37.880799626659666 ], [ -0.840696408397839, 37.872721490637062 ], [ -0.804710464875487, 37.859796473000898 ], [ -0.78896661458446, 37.848487082569257 ], [ -0.761977156942695, 37.846871455364735 ], [ -0.748482428121811, 37.79032450320652 ], [ -0.761977156942695, 37.79517138482008 ], [ -0.775471885763576, 37.819405792887892 ], [ -0.791215736054607, 37.81294328406981 ], [ -0.802461343405341, 37.798402639229124 ], [ -0.800212221935194, 37.782246367183923 ], [ -0.818205193696368, 37.764474467934193 ], [ -0.840696408397839, 37.751549450298029 ], [ -0.860938501629164, 37.720852533412142 ], [ -0.85419113721872, 37.7095431429805 ], [ -0.811457829285928, 37.662689954049405 ], [ -0.78671749311431, 37.651380563617764 ], [ -0.725991213420343, 37.635224291572555 ], [ -0.72149297048005, 37.649764936413241 ], [ -0.732738577830784, 37.669152462867487 ], [ -0.743984185181517, 37.711158770185023 ], [ -0.739485942241224, 37.743471314275432 ], [ -0.757478914002402, 37.780630739979401 ], [ -0.743984185181517, 37.779015112774879 ], [ -0.743984185181517, 37.756396331911596 ], [ -0.72824033489049, 37.748318195888992 ], [ -0.741735063711371, 37.711158770185023 ], [ -0.725991213420343, 37.669152462867487 ], [ -0.699001755778578, 37.63360866436804 ], [ -0.732738577830784, 37.601296120277631 ], [ -0.782219250174016, 37.594833611459549 ], [ -0.822703436636665, 37.575446085005304 ], [ -0.840696408397839, 37.577061712209826 ], [ -0.842945529867986, 37.580292966618863 ], [ -0.842945529867986, 37.580292966618863 ], [ -0.869934987509751, 37.575446085005304 ], [ -0.919415659852984, 37.554442931346536 ], [ -0.971145453666367, 37.559289812960102 ], [ -0.953152481905189, 37.567367948982699 ], [ -0.97564369660666, 37.577061712209826 ], [ -0.97564369660666, 37.598064865868587 ], [ -0.989138425427544, 37.598064865868587 ], [ -1.011629640129012, 37.575446085005304 ], [ -1.074605041293129, 37.583524221027901 ], [ -1.094847134524453, 37.568983576187222 ], [ -1.108341863345334, 37.568983576187222 ], [ -1.126334835106512, 37.552827304142014 ], [ -1.106092741875187, 37.53505540489229 ], [ -1.164569900099011, 37.541517913710372 ], [ -1.169068143039304, 37.55767418575558 ], [ -1.200555843621363, 37.573830457800781 ], [ -1.225296179792981, 37.573830457800781 ], [ -1.238790908613861, 37.577061712209826 ], [ -1.256783880375039, 37.55767418575558 ], [ -1.324257524479449, 37.564136694573662 ], [ -1.364741710942095, 37.543133540914894 ], [ -1.396229411524153, 37.517283505642567 ], [ -1.400727654464447, 37.507589742415448 ], [ -1.441211840927092, 37.497895979188321 ], [ -1.468201298568857, 37.473661571120516 ], [ -1.481696027389738, 37.452658417461748 ], [ -1.477197784449444, 37.428424009393943 ], [ -1.490692513270329, 37.421961500575861 ], [ -1.519931092382237, 37.43165526380298 ], [ -1.564913521785179, 37.404189601326138 ], [ -1.591902979426944, 37.402573974121616 ], [ -1.630138044419443, 37.375108311644766 ], [ -1.666123987941795, 37.400958346917093 ], [ -1.704359052934294, 37.420345873371339 ], [ -1.738095874986499, 37.442964654234629 ], [ -1.812316883501349, 37.451042790257226 ], [ -1.807818640561056, 37.433270891007503 ], [ -1.848302827023701, 37.460736553484352 ], [ -1.859548434374439, 37.480124079938598 ], [ -1.911278228187818, 37.538286659301335 ], [ -1.915776471128112, 37.544749168119417 ], [ -1.954011536120611, 37.588371102641467 ], [ -1.956260657590761, 37.601296120277631 ], [ -1.992246601113113, 37.64330242759516 ], [ -2.012488694344434, 37.672383717276531 ], [ -2.00799045140414, 37.719236906207627 ], [ -1.996744844053406, 37.727315042230224 ], [ -2.00799045140414, 37.774168231161319 ], [ -1.996744844053406, 37.819405792887892 ], [ -1.99449572258326, 37.842024573751175 ], [ -1.974253629351935, 37.867874609023502 ], [ -1.99449572258326, 37.880799626659666 ], [ -2.019236058754874, 37.869490236228025 ], [ -2.050723759336933, 37.879183999455151 ], [ -2.100204431680169, 37.877568372250629 ], [ -2.122695646381636, 37.900187153113912 ], [ -2.149685104023401, 37.898571525909389 ], [ -2.172176318724873, 37.88887776268227 ], [ -2.208162262247225, 37.91634342515912 ], [ -2.237400841359136, 37.927652815590761 ], [ -2.275635906351635, 37.959965359681171 ], [ -2.295877999582958, 37.98743102215802 ], [ -2.298127121053104, 38.003587294203221 ], [ -2.340860428985899, 38.026206075066511 ], [ -2.338611307515752, 38.048824855929794 ], [ -2.325116578694869, 38.069828009588562 ], [ -2.266639420471048, 38.108603062497053 ], [ -2.246397327239723, 38.14899374261006 ], [ -2.230653476948694, 38.161918760246223 ], [ -2.212660505187518, 38.202309440359237 ], [ -2.174425440195019, 38.223312594018005 ], [ -2.113699160501049, 38.23785323885869 ], [ -2.082211459918991, 38.265318901335533 ], [ -2.075464095508551, 38.283090800585256 ], [ -2.048474637866786, 38.305709581448546 ], [ -2.021485180225021, 38.300862699834987 ], [ -2.0012430869937, 38.284706427789779 ], [ -1.983250115232522, 38.281475173380741 ], [ -1.895534377896791, 38.302478327039509 ], [ -1.850551948493848, 38.333175243925396 ], [ -1.825811612322234, 38.333175243925396 ], [ -1.812316883501349, 38.350947143175119 ], [ -1.783078304389438, 38.355794024788679 ], [ -1.794323911740175, 38.368719042424843 ], [ -1.769583575568557, 38.363872160811283 ], [ -1.771832697038704, 38.378412805651969 ], [ -1.744843239396939, 38.380028432856491 ], [ -1.717853781755174, 38.367103415220328 ], [ -1.704359052934294, 38.375181551242925 ], [ -1.681867838232822, 38.359025279197724 ], [ -1.69311344558356, 38.344484634357038 ], [ -1.670622230882088, 38.312172090266628 ], [ -1.589653857956797, 38.310556463062106 ], [ -1.558166157374739, 38.325097107902792 ], [ -1.542422307083708, 38.342869007152515 ], [ -1.479446905919591, 38.376797178447447 ], [ -1.474948662979298, 38.409109722537856 ], [ -1.479446905919591, 38.480197319536757 ], [ -1.499688999150916, 38.531897390081411 ], [ -1.492941634740475, 38.551284916535657 ], [ -1.468201298568857, 38.575519324603462 ], [ -1.452457448277826, 38.581981833421544 ], [ -1.443460962397239, 38.636913158375236 ], [ -1.447959205337533, 38.6498381760114 ], [ -1.402976775934594, 38.690228856124413 ], [ -1.366990832412242, 38.704769500965099 ], [ -1.342250496240624, 38.67730383848825 ], [ -1.2837733380168, 38.706385128169615 ], [ -1.250036515964595, 38.738697672260031 ], [ -1.184811993330332, 38.754853944305232 ], [ -1.119587470696068, 38.737082045055509 ], [ -1.115089227755774, 38.711232009783181 ], [ -1.043117340711071, 38.661147566443049 ], [ -1.025124368949896, 38.656300684829489 ], [ -1.016127883069306, 38.635297531170721 ], [ -1.002633154248425, 38.572288070194418 ], [ -1.025124368949896, 38.522203626854285 ], [ -1.013878761599159, 38.496353591581958 ], [ -1.034120854830483, 38.473734810718675 ], [ -1.081352405703569, 38.441422266628265 ], [ -1.094847134524453, 38.438191012219221 ] ] ] ] } },
{ "type": "Feature", "properties": { "name": "Araba/Álava", "id": 1 }, "geometry": { "type": "MultiPolygon", "coordinates": [ [ [ [ -2.500548053366337, 42.61620296310911 ], [ -2.498298931896189, 42.611356081495551 ], [ -2.491551567485748, 42.585506046223223 ], [ -2.462312988373837, 42.587121673427745 ], [ -2.45331650249325, 42.5677341469735 ], [ -2.419579680441045, 42.606509199881991 ], [ -2.397088465739573, 42.598431063859387 ], [ -2.397088465739573, 42.585506046223223 ], [ -2.390341101329133, 42.548346620519254 ], [ -2.399337587209722, 42.543499738905695 ], [ -2.39259022279928, 42.517649703633367 ], [ -2.421828801911191, 42.511187194815285 ], [ -2.419579680441045, 42.488568413951995 ], [ -2.448818259552956, 42.496646549974599 ], [ -2.478056838664866, 42.48695278674748 ], [ -2.516291903657367, 42.490184041156517 ], [ -2.505046296306631, 42.512802822019808 ], [ -2.514042782187218, 42.517649703633367 ], [ -2.538783118358836, 42.493415295565555 ], [ -2.536533996888689, 42.483721532338436 ], [ -2.547779604239423, 42.483721532338436 ], [ -2.572519940411041, 42.493415295565555 ], [ -2.590512912172217, 42.482105905133913 ], [ -2.601758519522953, 42.485337159542958 ], [ -2.608505883933393, 42.498262177179122 ], [ -2.648990070396041, 42.483721532338436 ], [ -2.653488313336334, 42.495030922770077 ], [ -2.669232163627363, 42.509571567610763 ], [ -2.67822864950795, 42.524112212451449 ], [ -2.69397249979898, 42.519265330837882 ], [ -2.705218107149715, 42.516034076428845 ], [ -2.698470742739273, 42.527343466860486 ], [ -2.691723378328833, 42.543499738905695 ], [ -2.682726892448246, 42.595199809450349 ], [ -2.705218107149715, 42.600046691063909 ], [ -2.750200536552656, 42.624281099131714 ], [ -2.765944386843685, 42.619434217518155 ], [ -2.781688237134713, 42.579043537405141 ], [ -2.804179451836184, 42.564502892564462 ], [ -2.815425059186918, 42.5677341469735 ], [ -2.824421545067507, 42.554809129337336 ], [ -2.840165395358536, 42.580659164609663 ], [ -2.819923302127213, 42.591968555041305 ], [ -2.824421545067507, 42.601662318268424 ], [ -2.819923302127213, 42.614587335904588 ], [ -2.842414516828683, 42.608124827086513 ], [ -2.842414516828683, 42.629127980745274 ], [ -2.858158367119712, 42.6388217439724 ], [ -2.858158367119712, 42.6388217439724 ], [ -2.896393432112211, 42.654978016017601 ], [ -2.896393432112211, 42.677596796880891 ], [ -2.894144310642064, 42.679212424085406 ], [ -2.9053899179928, 42.693753068926092 ], [ -2.948123225925592, 42.709909340971301 ], [ -2.97961092650765, 42.703446832153219 ], [ -2.988607412388239, 42.71960310419842 ], [ -3.006600384149415, 42.722834358607464 ], [ -3.017845991500151, 42.740606257857188 ], [ -3.04033720620162, 42.738990630652665 ], [ -3.047084570612061, 42.764840665924993 ], [ -3.058330177962796, 42.763225038720478 ], [ -3.060579299432943, 42.761609411515956 ], [ -3.080821392664266, 42.766456293129515 ], [ -3.098814364425442, 42.768071920334037 ], [ -3.1303020650075, 42.758378157106911 ], [ -3.137049429417942, 42.764840665924993 ], [ -3.12355470059706, 42.789075073992805 ], [ -3.159540644119412, 42.805231346038006 ], [ -3.128052943537353, 42.848853280560057 ], [ -3.105561728835884, 42.879550197445944 ], [ -3.125803822067207, 42.890859587877586 ], [ -3.139298550888089, 42.871472061423347 ], [ -3.173035372940294, 42.856931416582661 ], [ -3.19102834470147, 42.869856434218825 ], [ -3.209021316462646, 42.844006398946497 ], [ -3.222516045283529, 42.839159517332931 ], [ -3.204523073522353, 42.827850126901289 ], [ -3.236010774104411, 42.837543890128416 ], [ -3.283242324977499, 42.876318943036907 ], [ -3.287740567917792, 42.884397079059511 ], [ -3.276494960567057, 42.902168978309234 ], [ -3.249505502925293, 42.911862741536353 ], [ -3.224765166753675, 42.949022167240329 ], [ -3.179782737350735, 42.944175285626763 ], [ -3.143796793828383, 42.934481522399643 ], [ -3.150544158238825, 42.919940877558957 ], [ -3.125803822067207, 42.903784605513749 ], [ -3.105561728835884, 42.910247114331838 ], [ -3.089817878544855, 42.89893772390019 ], [ -3.015596870030002, 42.910247114331838 ], [ -3.011098627089709, 42.92155650476348 ], [ -2.981860047977797, 42.939328404013203 ], [ -2.995354776798679, 42.952253421649367 ], [ -3.020095112970298, 42.957100303262926 ], [ -3.044835449141914, 42.973256575308135 ], [ -3.038088084731474, 42.982950338535254 ], [ -3.004351262679268, 42.982950338535254 ], [ -2.957119711806181, 42.994259728966895 ], [ -2.954870590336034, 42.999106610580462 ], [ -2.986358290918092, 42.99264410176238 ], [ -2.986358290918092, 43.012031628216626 ], [ -3.03358984179118, 43.023341018648267 ], [ -3.017845991500151, 43.037881663488953 ], [ -3.049333692082209, 43.04595979951155 ], [ -3.065077542373237, 43.023341018648267 ], [ -3.089817878544855, 43.008800373807581 ], [ -3.089817878544855, 43.000722237784984 ], [ -3.148295036768676, 43.008800373807581 ], [ -3.159540644119412, 43.013647255421148 ], [ -3.177533615880588, 43.021725391443745 ], [ -3.170786251470147, 43.029803527466349 ], [ -3.143796793828383, 43.028187900261827 ], [ -3.141547672358236, 43.06857858037484 ], [ -3.157291522649265, 43.0734254619884 ], [ -3.134800307947796, 43.097659870056205 ], [ -3.182031858820881, 43.120278650919495 ], [ -3.161789765589559, 43.142897431782778 ], [ -3.161789765589559, 43.15420682221442 ], [ -3.141547672358236, 43.160669331032508 ], [ -3.107810850306031, 43.142897431782778 ], [ -3.094316121485148, 43.150975567805382 ], [ -3.074074028253825, 43.146128686191823 ], [ -3.065077542373237, 43.155822449418942 ], [ -3.026842477380738, 43.160669331032508 ], [ -3.017845991500151, 43.181672484691269 ], [ -3.029091598850885, 43.205906892759074 ], [ -3.020095112970298, 43.210753774372641 ], [ -3.006600384149415, 43.196213129531955 ], [ -2.981860047977797, 43.202675638350037 ], [ -2.97286356209721, 43.186519366304836 ], [ -2.945874104455445, 43.170363094259628 ], [ -2.954870590336034, 43.159053703827986 ], [ -2.939126740045005, 43.146128686191823 ], [ -2.939126740045005, 43.1445130589873 ], [ -2.941375861515152, 43.131588041351137 ], [ -2.975112683567357, 43.099275497260727 ], [ -2.97286356209721, 43.094428615647168 ], [ -2.930130254164416, 43.071809834783878 ], [ -2.88964606770177, 43.04595979951155 ], [ -2.864905731530152, 43.052422308329632 ], [ -2.82217242359736, 43.036266036284431 ], [ -2.788435601545155, 43.034650409079909 ], [ -2.772691751254126, 43.028187900261827 ], [ -2.729958443321332, 43.023341018648267 ], [ -2.707467228619862, 43.029803527466349 ], [ -2.687225135388539, 43.021725391443745 ], [ -2.675979528037804, 43.026572273057312 ], [ -2.666983042157216, 43.031419154670871 ], [ -2.633246220105011, 43.020109764239223 ], [ -2.633246220105011, 43.044344172307035 ], [ -2.660235677746774, 43.065347325965796 ], [ -2.660235677746774, 43.0734254619884 ], [ -2.624249734224422, 43.084734852420041 ], [ -2.592762033642364, 43.081503598011004 ], [ -2.547779604239423, 43.087966106829086 ], [ -2.545530482769276, 43.087966106829086 ], [ -2.547779604239423, 43.075041089192922 ], [ -2.5275375110081, 43.052422308329632 ], [ -2.525288389537954, 43.04595979951155 ], [ -2.541032239828983, 43.024956645852789 ], [ -2.579267304821482, 43.008800373807581 ], [ -2.595011155112511, 43.008800373807581 ], [ -2.592762033642364, 42.986181592944298 ], [ -2.601758519522953, 42.982950338535254 ], [ -2.597260276582658, 42.976487829717172 ], [ -2.581516426291628, 42.963562812081008 ], [ -2.550028725709572, 42.958715930467449 ], [ -2.547779604239423, 42.953869048853889 ], [ -2.534284875418543, 42.973256575308135 ], [ -2.500548053366337, 42.958715930467449 ], [ -2.482555081605161, 42.96517843928553 ], [ -2.480305960135013, 42.96517843928553 ], [ -2.444320016612661, 42.958715930467449 ], [ -2.406084951620162, 42.958715930467449 ], [ -2.385842858388839, 42.950637794444845 ], [ -2.354355157806781, 42.949022167240329 ], [ -2.352106036336634, 42.94255965842224 ], [ -2.338611307515752, 42.936097149604166 ], [ -2.322867457224723, 42.931250267990599 ], [ -2.300376242523253, 42.923172131968002 ], [ -2.291379756642664, 42.902168978309234 ], [ -2.250895570180019, 42.895706469491152 ], [ -2.24189908429943, 42.886012706264026 ], [ -2.235151719888989, 42.850468907764579 ], [ -2.232902598418843, 42.844006398946497 ], [ -2.235151719888989, 42.834312635719371 ], [ -2.266639420471048, 42.813309482060603 ], [ -2.273386784881488, 42.79069070119732 ], [ -2.280134149291928, 42.785843819583761 ], [ -2.273386784881488, 42.768071920334037 ], [ -2.262141177530753, 42.750300021084314 ], [ -2.273386784881488, 42.74222188506171 ], [ -2.316120092814282, 42.738990630652665 ], [ -2.320618335754576, 42.729296867425546 ], [ -2.30937272840384, 42.67113428806281 ], [ -2.293628878112811, 42.677596796880891 ], [ -2.293628878112811, 42.650131134404042 ], [ -2.322867457224723, 42.648515507199519 ], [ -2.347607793396339, 42.633974862358841 ], [ -2.365600765157517, 42.637206116767878 ], [ -2.381344615448544, 42.633974862358841 ], [ -2.372348129567957, 42.64366862558596 ], [ -2.388091979858986, 42.658209270426646 ], [ -2.417330558970898, 42.661440524835683 ], [ -2.430825287791778, 42.654978016017601 ], [ -2.451067381023103, 42.646899879995004 ], [ -2.455565623963397, 42.635590489563356 ], [ -2.464562109843984, 42.627512353540752 ], [ -2.482555081605161, 42.611356081495551 ], [ -2.500548053366337, 42.61620296310911 ] ], [ [ -2.601758519522953, 42.771303174743075 ], [ -2.633246220105011, 42.764840665924993 ], [ -2.67822864950795, 42.779381310765679 ], [ -2.69397249979898, 42.777765683561157 ], [ -2.73220756479148, 42.793921955606365 ], [ -2.779439115664566, 42.792306328401843 ], [ -2.817674180657066, 42.79069070119732 ], [ -2.835667152418242, 42.79553758281088 ], [ -2.853660124179418, 42.758378157106911 ], [ -2.862656610060005, 42.745453139470747 ], [ -2.869403974470448, 42.740606257857188 ], [ -2.837916273888389, 42.721218731402942 ], [ -2.824421545067507, 42.708293713766778 ], [ -2.783937358604861, 42.698599950539659 ], [ -2.768193508313832, 42.666287406449243 ], [ -2.736705807731774, 42.663056152040205 ], [ -2.718712835970598, 42.661440524835683 ], [ -2.698470742739273, 42.674365542471847 ], [ -2.653488313336334, 42.669518660858287 ], [ -2.635495341575158, 42.648515507199519 ], [ -2.619751491284129, 42.648515507199519 ], [ -2.583765547761777, 42.651746761608564 ], [ -2.538783118358836, 42.6388217439724 ], [ -2.516291903657367, 42.646899879995004 ], [ -2.523039268067807, 42.684059305698973 ], [ -2.538783118358836, 42.687290560108011 ], [ -2.547779604239423, 42.669518660858287 ], [ -2.579267304821482, 42.669518660858287 ], [ -2.595011155112511, 42.690521814517055 ], [ -2.608505883933393, 42.695368696130615 ], [ -2.572519940411041, 42.724449985811987 ], [ -2.559025211590159, 42.763225038720478 ], [ -2.58826379070207, 42.750300021084314 ], [ -2.601758519522953, 42.771303174743075 ] ] ] ] } },
{ "type": "Feature", "properties": { "name": "Ceuta", "id": 51 }, "geometry": { "type": "MultiPolygon", "coordinates": [ [ [ [ -5.381672656624662, 35.912965691553758 ], [ -5.365928806333633, 35.917812573167318 ], [ -5.334441105751575, 35.893578165099512 ], [ -5.314199012520252, 35.888731283485953 ], [ -5.287209554878489, 35.906503182735676 ], [ -5.280462190468047, 35.893578165099512 ], [ -5.320946376930694, 35.887115656281431 ], [ -5.343437591632163, 35.87095938423623 ], [ -5.372676170744075, 35.880653147463349 ], [ -5.381672656624662, 35.912965691553758 ] ] ] ] } },
{ "type": "Feature", "properties": { "name": "Melilla", "id": 52 }, "geometry": { "type": "MultiPolygon", "coordinates": [ [ [ [ -2.952621468865887, 35.320030507494749 ], [ -2.932379375634564, 35.294180472222422 ], [ -2.927881132694269, 35.274792945768176 ], [ -2.95037234739574, 35.265099182541057 ], [ -2.970614440627063, 35.289333590608862 ], [ -2.952621468865887, 35.320030507494749 ] ] ] ] } },
{ "type": "Feature", "properties": { "name": "Gibraltar. Territorio no asociado a ninguna provincia", "id": 54 }, "geometry": { "type": "MultiPolygon", "coordinates": [ [ [ [ -5.352434077512752, 36.152078517822787 ], [ -5.33893934869187, 36.153694145027302 ], [ -5.341188470162017, 36.116534719323333 ], [ -5.347935834572457, 36.110072210505251 ], [ -5.361430563393339, 36.144000381800183 ], [ -5.352434077512752, 36.152078517822787 ] ] ] ] } },
{ "type": "Feature", "properties": { "name": "Santa Cruz de Tenerife", "id": 38 }, "geometry": { "type": "MultiPolygon", "coordinates": [ [ [ [ -16.307904758598859, 28.409992953760778 ], [ -16.337143337710771, 28.397067936124614 ], [ -16.361883673882389, 28.37606478246585 ], [ -16.366381916822682, 28.338905356761877 ], [ -16.361883673882389, 28.330827220739277 ], [ -16.361883673882389, 28.306592812671472 ], [ -16.38437488858386, 28.283974031808185 ], [ -16.38437488858386, 28.274280268581062 ], [ -16.406866103285328, 28.233889588468049 ], [ -16.424859075046506, 28.20157704437764 ], [ -16.422609953576359, 28.193498908355039 ], [ -16.433855560927093, 28.156339482651067 ], [ -16.424859075046506, 28.151492601037507 ], [ -16.463094140039004, 28.119180056947098 ], [ -16.481087111800182, 28.094945648879289 ], [ -16.521571298262828, 28.054554968766279 ], [ -16.541813391494152, 28.043245578334638 ], [ -16.546311634434446, 28.025473679084911 ], [ -16.559806363255326, 28.031936187902993 ], [ -16.598041428247825, 28.028704933493952 ], [ -16.638525614710471, 28.007701779835187 ], [ -16.665515072352235, 28.007701779835187 ], [ -16.67900980117312, 27.998008016608065 ], [ -16.708248380285028, 28.010933034244228 ], [ -16.710497501755178, 28.046476832743679 ], [ -16.737486959396939, 28.054554968766279 ], [ -16.732988716456646, 28.067479986402443 ], [ -16.739736080867086, 28.088483140061211 ], [ -16.768974659978998, 28.109486293719975 ], [ -16.802711482031203, 28.156339482651067 ], [ -16.80496060350135, 28.170880127491753 ], [ -16.834199182613261, 28.20157704437764 ], [ -16.840946547023702, 28.227427079649967 ], [ -16.845444789963999, 28.238736470081612 ], [ -16.838697425553555, 28.254892742126817 ], [ -16.852192154374439, 28.27266464137654 ], [ -16.881430733486351, 28.303361558262431 ], [ -16.903921948187818, 28.338905356761877 ], [ -16.919665798478849, 28.342136611170918 ], [ -16.917416677008703, 28.359908510420645 ], [ -16.870185126135613, 28.371217900852287 ], [ -16.829700939672968, 28.392221054511054 ], [ -16.809458846441643, 28.37606478246585 ], [ -16.793714996150616, 28.374449155261328 ], [ -16.755479931158117, 28.374449155261328 ], [ -16.739736080867086, 28.380911664079409 ], [ -16.683508044113413, 28.390605427306532 ], [ -16.674511558232822, 28.400299190533655 ], [ -16.652020343531355, 28.395452308920095 ], [ -16.622781764419443, 28.395452308920095 ], [ -16.602539671188119, 28.393836681715573 ], [ -16.57105197060606, 28.406761699351737 ], [ -16.555308120315033, 28.418071089783382 ], [ -16.523820419732974, 28.41645546257886 ], [ -16.50357832650165, 28.424533598601464 ], [ -16.487834476210622, 28.437458616237627 ], [ -16.474339747389738, 28.443921125055709 ], [ -16.456346775628564, 28.466539905918996 ], [ -16.431606439456946, 28.48754305957776 ], [ -16.411364346225625, 28.526318112486251 ], [ -16.37762752417342, 28.547321266145019 ], [ -16.366381916822682, 28.545705638940497 ], [ -16.332645094770477, 28.557015029372138 ], [ -16.33039597330033, 28.576402555826384 ], [ -16.298908272718272, 28.568324419803783 ], [ -16.274167936546654, 28.571555674212824 ], [ -16.224687264203421, 28.565093165394742 ], [ -16.193199563621363, 28.571555674212824 ], [ -16.157213620099011, 28.589327573462548 ], [ -16.13472240539754, 28.581249437439947 ], [ -16.121227676576659, 28.552168147758579 ], [ -16.143718891278127, 28.521471230872692 ], [ -16.154964498628864, 28.52308685807721 ], [ -16.220189021263128, 28.489158686782282 ], [ -16.235932871554155, 28.485927432373241 ], [ -16.253925843315333, 28.450383633873791 ], [ -16.267420572136214, 28.448768006669269 ], [ -16.307904758598859, 28.409992953760778 ] ] ], [ [ [ -17.987998496798681, 28.796127855641167 ], [ -17.967756403567357, 28.825209145322535 ], [ -17.920524852694271, 28.857521689412945 ], [ -17.895784516522653, 28.842981044572259 ], [ -17.848552965649567, 28.834902908549658 ], [ -17.808068779186918, 28.842981044572259 ], [ -17.77883020007501, 28.838134162958699 ], [ -17.769833714194419, 28.818746636504454 ], [ -17.754089863903392, 28.783202838005003 ], [ -17.72485128479148, 28.742812157891994 ], [ -17.731598649201921, 28.720193377028707 ], [ -17.751840742433245, 28.705652732188021 ], [ -17.767584592724273, 28.676571442506653 ], [ -17.765335471254126, 28.663646424870489 ], [ -17.754089863903392, 28.63133388078008 ], [ -17.760837228313832, 28.569940047008302 ], [ -17.787826685955597, 28.544090011735975 ], [ -17.796823171836184, 28.518239976463651 ], [ -17.817065265067509, 28.494005568395842 ], [ -17.832809115358536, 28.458461769896392 ], [ -17.857549451530154, 28.460077397100914 ], [ -17.875542423291328, 28.490774313986801 ], [ -17.880040666231626, 28.540858757326937 ], [ -17.886788030642066, 28.552168147758579 ], [ -17.918275731224124, 28.592558827871589 ], [ -17.938517824455445, 28.639412016802684 ], [ -17.949763431806183, 28.652337034438847 ], [ -17.963258160627063, 28.668493306484052 ], [ -17.974503767977797, 28.710499613801584 ], [ -17.992496739738975, 28.739580903482953 ], [ -18.008240590030002, 28.757352802732676 ], [ -18.005991468559856, 28.776740329186921 ], [ -17.987998496798681, 28.796127855641167 ] ] ], [ [ [ -18.156682607059707, 27.712042001407944 ], [ -18.152184364119414, 27.760510817543558 ], [ -18.131942270888089, 27.7718202079752 ], [ -18.104952813246324, 27.757279563134517 ], [ -18.064468626783679, 27.754048308725476 ], [ -18.039728290612061, 27.762126444748077 ], [ -17.996994982679269, 27.791207734429445 ], [ -17.985749375328535, 27.80736400647465 ], [ -17.992496739738975, 27.821904651315336 ], [ -17.954261674746476, 27.841292177769581 ], [ -17.918275731224124, 27.847754686587663 ], [ -17.893535395052506, 27.831598414542459 ], [ -17.882289787701772, 27.812210888088213 ], [ -17.925023095634565, 27.745970172702872 ], [ -17.931770460045005, 27.728198273453149 ], [ -17.956510796216623, 27.720120137430545 ], [ -17.961009039156917, 27.692654474953699 ], [ -17.97225464650765, 27.671651321294931 ], [ -17.970005525037504, 27.649032540431644 ], [ -17.985749375328535, 27.63772315 ], [ -18.010489711500149, 27.649032540431644 ], [ -18.028482683261327, 27.676498202908494 ], [ -18.050973897962798, 27.692654474953699 ], [ -18.156682607059707, 27.712042001407944 ] ] ], [ [ [ -17.185062131956197, 28.182189517923394 ], [ -17.137830581083108, 28.16118636426463 ], [ -17.117588487851787, 28.151492601037507 ], [ -17.104093759030903, 28.128873820174221 ], [ -17.099595516090609, 28.094945648879289 ], [ -17.153574431374139, 28.054554968766279 ], [ -17.16706916019502, 28.036783069516556 ], [ -17.191809496366638, 28.030320560698474 ], [ -17.243539290180017, 28.020626797471351 ], [ -17.270528747821782, 28.025473679084911 ], [ -17.2952690839934, 28.048092459948197 ], [ -17.320009420165018, 28.061017477584361 ], [ -17.329005906045605, 28.080405004038607 ], [ -17.34924799927693, 28.09817690328833 ], [ -17.340251513396339, 28.132105074583261 ], [ -17.342500634866486, 28.153108228242026 ], [ -17.335753270456046, 28.174111381900794 ], [ -17.317760298694871, 28.203192671582162 ], [ -17.275026990762075, 28.217733316422844 ], [ -17.252535776060608, 28.203192671582162 ], [ -17.23454280429943, 28.203192671582162 ], [ -17.200805982247225, 28.199961417173121 ], [ -17.185062131956197, 28.182189517923394 ] ] ] ] } },
{ "type": "Feature", "properties": { "name": "Las Palmas", "id": 35 }, "geometry": { "type": "MultiPolygon", "coordinates": [ [ [ [ -15.648912167845786, 28.166033245878189 ], [ -15.637666560495051, 28.172495754696271 ], [ -15.612926224323433, 28.148261346628466 ], [ -15.588185888151816, 28.146645719423944 ], [ -15.558947309039905, 28.146645719423944 ], [ -15.529708729927993, 28.154723855446548 ], [ -15.484726300525054, 28.135336328992302 ], [ -15.468982450234025, 28.12564256576518 ], [ -15.446491235532553, 28.130489447378739 ], [ -15.430747385241524, 28.145030092219425 ], [ -15.44199299259226, 28.162801991469149 ], [ -15.421750899360937, 28.180573890718875 ], [ -15.403757927599761, 28.174111381900794 ], [ -15.412754413480348, 28.128873820174221 ], [ -15.428498263771377, 28.146645719423944 ], [ -15.428498263771377, 28.12564256576518 ], [ -15.410505292010201, 28.09817690328833 ], [ -15.41950177789079, 28.062633104788883 ], [ -15.415003534950497, 28.048092459948197 ], [ -15.394761441719172, 28.031936187902993 ], [ -15.367771984077407, 27.991545507789983 ], [ -15.383515834368438, 27.967311099722174 ], [ -15.379017591428143, 27.94630794606341 ], [ -15.361024619666967, 27.936614182836287 ], [ -15.379017591428143, 27.931767301222724 ], [ -15.385764955838585, 27.902686011541356 ], [ -15.394761441719172, 27.891376621109714 ], [ -15.385764955838585, 27.857448449814786 ], [ -15.408256170540055, 27.847754686587663 ], [ -15.421750899360937, 27.831598414542459 ], [ -15.428498263771377, 27.805748379270131 ], [ -15.486975421995201, 27.792823361633967 ], [ -15.563445551980198, 27.758895190339036 ], [ -15.567943794920492, 27.73950766388479 ], [ -15.59943149550255, 27.734660782271231 ], [ -15.619673588733875, 27.749201427111913 ], [ -15.628670074614462, 27.744354545498354 ], [ -15.66015777519652, 27.757279563134517 ], [ -15.680399868427843, 27.755663935929995 ], [ -15.689396354308432, 27.7718202079752 ], [ -15.725382297830784, 27.787976480020404 ], [ -15.786108577524754, 27.8348296689515 ], [ -15.799603306345634, 27.859064077019305 ], [ -15.83334012839784, 27.91076414756396 ], [ -15.828841885457546, 27.949539200472451 ], [ -15.83334012839784, 27.975389235744778 ], [ -15.817596278106812, 28.004470525426147 ], [ -15.822094521047106, 28.012548661448747 ], [ -15.790606820465047, 28.019011170266829 ], [ -15.772613848703871, 28.031936187902993 ], [ -15.765866484293429, 28.046476832743679 ], [ -15.745624391062107, 28.051323714357238 ], [ -15.707389326069608, 28.090098767265729 ], [ -15.705140204599461, 28.117564429742576 ], [ -15.696143718718872, 28.151492601037507 ], [ -15.709638447539755, 28.166033245878189 ], [ -15.682648989897991, 28.16926450028723 ], [ -15.664656018136814, 28.157955109855589 ], [ -15.648912167845786, 28.166033245878189 ] ] ], [ [ [ -14.090270989033904, 28.494005568395842 ], [ -14.074527138742875, 28.524702485281733 ], [ -14.067779774332433, 28.550552520554056 ], [ -14.045288559630965, 28.578018183030906 ], [ -14.034042952280227, 28.592558827871589 ], [ -14.038541195220523, 28.611946354325834 ], [ -14.009302616108611, 28.676571442506653 ], [ -14.0182991019892, 28.69434334175638 ], [ -14.0182991019892, 28.715346495415144 ], [ -13.975565794056406, 28.734734021869389 ], [ -13.95757282229523, 28.734734021869389 ], [ -13.926085121713172, 28.750890293914594 ], [ -13.914839514362438, 28.744427785096512 ], [ -13.89009917819082, 28.757352802732676 ], [ -13.867607963489348, 28.746043412301034 ], [ -13.867607963489348, 28.736349649073912 ], [ -13.845116748787881, 28.728271513051308 ], [ -13.831622019966996, 28.69434334175638 ], [ -13.833871141437143, 28.674955815302134 ], [ -13.822625534086409, 28.592558827871589 ], [ -13.82937289849685, 28.565093165394742 ], [ -13.838369384377438, 28.542474384531456 ], [ -13.842867627317732, 28.503699331622965 ], [ -13.863109720549055, 28.494005568395842 ], [ -13.867607963489348, 28.481080550759678 ], [ -13.856362356138614, 28.460077397100914 ], [ -13.863109720549055, 28.439074243442146 ], [ -13.849614991728174, 28.421302344192423 ], [ -13.851864113198321, 28.393836681715573 ], [ -13.863109720549055, 28.385758545692973 ], [ -13.878853570840086, 28.337289729557359 ], [ -13.894597421131113, 28.324364711921195 ], [ -13.903593907011702, 28.296899049444349 ], [ -13.89684654260126, 28.288820913421745 ], [ -13.921586878772878, 28.250045860513254 ], [ -13.948576336414643, 28.227427079649967 ], [ -13.989060522877288, 28.227427079649967 ], [ -14.009302616108611, 28.209655180400244 ], [ -14.072278017272728, 28.20157704437764 ], [ -14.094769231974198, 28.191883281150517 ], [ -14.126256932556256, 28.188652026741476 ], [ -14.157744633138314, 28.175727009105312 ], [ -14.200477941071108, 28.172495754696271 ], [ -14.222969155772578, 28.162801991469149 ], [ -14.249958613414343, 28.117564429742576 ], [ -14.301688407227724, 28.073942495220525 ], [ -14.32642874339934, 28.046476832743679 ], [ -14.335425229279929, 28.044861205539156 ], [ -14.371411172802281, 28.054554968766279 ], [ -14.40964623779478, 28.05778622317532 ], [ -14.47711988189919, 28.077173749629566 ], [ -14.504109339540955, 28.072326868016006 ], [ -14.492863732190219, 28.083636258447648 ], [ -14.49961109660066, 28.099792530492852 ], [ -14.429888331026103, 28.101408157697371 ], [ -14.382656780153017, 28.114333175333535 ], [ -14.315183136048606, 28.145030092219425 ], [ -14.245460370474047, 28.195114535559558 ], [ -14.222969155772578, 28.216117689218326 ], [ -14.209474426951695, 28.259739623740376 ], [ -14.213972669891991, 28.287205286217226 ], [ -14.202727062541255, 28.329211593534758 ], [ -14.17573760489949, 28.346983492784481 ], [ -14.162242876078608, 28.372833528056809 ], [ -14.155495511668168, 28.405146072147218 ], [ -14.150997268727874, 28.429380480215023 ], [ -14.126256932556256, 28.456846142691873 ], [ -14.101516596384638, 28.476233669146119 ], [ -14.090270989033904, 28.494005568395842 ] ] ], [ [ [ -13.604460751482149, 28.941534304048009 ], [ -13.644944937944796, 28.918915523184722 ], [ -13.701172974698471, 28.9172998959802 ], [ -13.734909796750676, 28.907606132753077 ], [ -13.752902768511852, 28.873677961458149 ], [ -13.786639590564057, 28.838134162958699 ], [ -13.793386954974498, 28.854290435003904 ], [ -13.82937289849685, 28.862368571026504 ], [ -13.876604449369939, 28.859137316617463 ], [ -13.881102692310233, 28.884987351889791 ], [ -13.82937289849685, 28.930224913616364 ], [ -13.833871141437143, 28.990003120183623 ], [ -13.82937289849685, 29.007775019433346 ], [ -13.80688168379538, 29.036856309114714 ], [ -13.752902768511852, 29.078862616432247 ], [ -13.71016946057906, 29.078862616432247 ], [ -13.651692302355237, 29.122484550954297 ], [ -13.631450209123912, 29.117637669340738 ], [ -13.604460751482149, 29.135409568590461 ], [ -13.584218658250826, 29.133793941385942 ], [ -13.561727443549355, 29.117637669340738 ], [ -13.539236228847885, 29.12410017815882 ], [ -13.530239742967296, 29.135409568590461 ], [ -13.521243257086709, 29.170953367089911 ], [ -13.496502920915091, 29.217806556021007 ], [ -13.469513463273328, 29.238809709679771 ], [ -13.420032790930094, 29.201650283975802 ], [ -13.429029276810681, 29.154797095044707 ], [ -13.447022248571859, 29.146718959022106 ], [ -13.462766098862886, 29.116022042136215 ], [ -13.449271370042005, 29.101481397295533 ], [ -13.451520491512152, 29.080478243636765 ], [ -13.469513463273328, 29.033625054705674 ], [ -13.462766098862886, 29.023931291478551 ], [ -13.485257313564357, 28.991618747388141 ], [ -13.514495892676269, 28.981924984161019 ], [ -13.550481836198621, 28.957690576093214 ], [ -13.584218658250826, 28.951228067275132 ], [ -13.604460751482149, 28.941534304048009 ] ] ], [ [ [ -13.822625534086409, 28.736349649073912 ], [ -13.836120262907292, 28.752505921119116 ], [ -13.813629048205822, 28.76543093875528 ], [ -13.822625534086409, 28.736349649073912 ] ] ], [ [ [ -13.487506435034504, 29.248503472906894 ], [ -13.521243257086709, 29.219422183225525 ], [ -13.543734471788181, 29.219422183225525 ], [ -13.545983593258327, 29.232347200861689 ], [ -13.525741500027003, 29.242040964088812 ], [ -13.523492378556856, 29.266275372156617 ], [ -13.507748528265827, 29.290509780224426 ], [ -13.483008192094211, 29.279200389792781 ], [ -13.471762584743475, 29.266275372156617 ], [ -13.487506435034504, 29.248503472906894 ] ] ], [ [ [ -13.523492378556856, 29.41006619335894 ], [ -13.50549940679568, 29.416528702177022 ], [ -13.489755556504651, 29.403603684540858 ], [ -13.507748528265827, 29.384216158086613 ], [ -13.530239742967296, 29.385831785291131 ], [ -13.523492378556856, 29.41006619335894 ] ] ] ] } }
]
}
